<?xml version="1.0" encoding="utf-8"?><gpx creator="Garmin Desktop App" version="1.1" xsi:schemaLocation="http://www.topografix.com/GPX/1/1 http://www.topografix.com/GPX/1/1/gpx.xsd http://www.garmin.com/xmlschemas/WaypointExtension/v1 http://www8.garmin.com/xmlschemas/WaypointExtensionv1.xsd http://www.garmin.com/xmlschemas/TrackPointExtension/v1 http://www.garmin.com/xmlschemas/TrackPointExtensionv1.xsd http://www.garmin.com/xmlschemas/GpxExtensions/v3 http://www8.garmin.com/xmlschemas/GpxExtensionsv3.xsd http://www.garmin.com/xmlschemas/ActivityExtension/v1 http://www8.garmin.com/xmlschemas/ActivityExtensionv1.xsd http://www.garmin.com/xmlschemas/AdventuresExtensions/v1 http://www8.garmin.com/xmlschemas/AdventuresExtensionv1.xsd http://www.garmin.com/xmlschemas/PressureExtension/v1 http://www.garmin.com/xmlschemas/PressureExtensionv1.xsd http://www.garmin.com/xmlschemas/TripExtensions/v1 http://www.garmin.com/xmlschemas/TripExtensionsv1.xsd http://www.garmin.com/xmlschemas/TripMetaDataExtensions/v1 http://www.garmin.com/xmlschemas/TripMetaDataExtensionsv1.xsd http://www.garmin.com/xmlschemas/ViaPointTransportationModeExtensions/v1 http://www.garmin.com/xmlschemas/ViaPointTransportationModeExtensionsv1.xsd http://www.garmin.com/xmlschemas/CreationTimeExtension/v1 http://www.garmin.com/xmlschemas/CreationTimeExtensionsv1.xsd http://www.garmin.com/xmlschemas/AccelerationExtension/v1 http://www.garmin.com/xmlschemas/AccelerationExtensionv1.xsd http://www.garmin.com/xmlschemas/PowerExtension/v1 http://www.garmin.com/xmlschemas/PowerExtensionv1.xsd http://www.garmin.com/xmlschemas/VideoExtension/v1 http://www.garmin.com/xmlschemas/VideoExtensionv1.xsd" xmlns="http://www.topografix.com/GPX/1/1" xmlns:xsi="http://www.w3.org/2001/XMLSchema-instance" xmlns:wptx1="http://www.garmin.com/xmlschemas/WaypointExtension/v1" xmlns:gpxtrx="http://www.garmin.com/xmlschemas/GpxExtensions/v3" xmlns:gpxtpx="http://www.garmin.com/xmlschemas/TrackPointExtension/v1" xmlns:gpxx="http://www.garmin.com/xmlschemas/GpxExtensions/v3" xmlns:trp="http://www.garmin.com/xmlschemas/TripExtensions/v1" xmlns:adv="http://www.garmin.com/xmlschemas/AdventuresExtensions/v1" xmlns:prs="http://www.garmin.com/xmlschemas/PressureExtension/v1" xmlns:tmd="http://www.garmin.com/xmlschemas/TripMetaDataExtensions/v1" xmlns:vptm="http://www.garmin.com/xmlschemas/ViaPointTransportationModeExtensions/v1" xmlns:ctx="http://www.garmin.com/xmlschemas/CreationTimeExtension/v1" xmlns:gpxacc="http://www.garmin.com/xmlschemas/AccelerationExtension/v1" xmlns:gpxpx="http://www.garmin.com/xmlschemas/PowerExtension/v1" xmlns:vidx1="http://www.garmin.com/xmlschemas/VideoExtension/v1">

  <metadata>
    <link href="http://www.garmin.com">
      <text>Garmin International</text>
    </link>
    <time>2026-08-14T10:18:51Z</time>
    <bounds maxlat="51.00780101493001" maxlon="11.700417995452881" minlat="50.397593015804887" minlon="10.213559987023473" />
  </metadata>

  <wpt lat="50.461664199829102" lon="11.066515445709229">
    <time>2026-06-21T18:28:36Z</time>
    <name>B&amp;B Gasthof Thomas Müntzer</name>
    <cmt>B&amp;B Gasthof Thomas Müntzer</cmt>
    <desc>B&amp;B Gasthof Thomas Müntzer</desc>
    <sym>Pin, Red</sym>
    <type>user</type>
    <extensions>
      <gpxx:WaypointExtension>
        <gpxx:DisplayMode>SymbolAndName</gpxx:DisplayMode>
      </gpxx:WaypointExtension>
      <wptx1:WaypointExtension>
        <wptx1:DisplayMode>SymbolAndName</wptx1:DisplayMode>
      </wptx1:WaypointExtension>
      <ctx:CreationTimeExtension>
        <ctx:CreationTime>2026-06-21T18:28:36Z</ctx:CreationTime>
      </ctx:CreationTimeExtension>
    </extensions>
  </wpt>

  <wpt lat="50.796704292297363" lon="10.616419315338135">
    <time>2026-07-07T19:55:27Z</time>
    <name>Hotel Und Restaurant "Landhaus Falkenstein"</name>
    <cmt>Hotel Und Restaurant "Landhaus Falkenstein"</cmt>
    <desc>Hotel Und Restaurant "Landhaus Falkenstein"</desc>
    <sym>Pin, Red</sym>
    <type>user</type>
    <extensions>
      <gpxx:WaypointExtension>
        <gpxx:DisplayMode>SymbolAndName</gpxx:DisplayMode>
      </gpxx:WaypointExtension>
      <wptx1:WaypointExtension>
        <wptx1:DisplayMode>SymbolAndName</wptx1:DisplayMode>
      </wptx1:WaypointExtension>
      <ctx:CreationTimeExtension>
        <ctx:CreationTime>2026-07-07T19:55:27Z</ctx:CreationTime>
      </ctx:CreationTimeExtension>
    </extensions>
  </wpt>

  <trk>
    <name>Etappe1</name>
    <desc>Über Stock und Stein entlang der Bergkämme des Thüringer Waldes ...</desc>
    <extensions>
      <gpxx:TrackExtension>
        <gpxx:DisplayColor>Red</gpxx:DisplayColor>
      </gpxx:TrackExtension>
    </extensions>
    <trkseg>
      <trkpt lat="50.402122009545565" lon="11.700212974101305">
        <ele>421.5</ele>
      </trkpt>
      <trkpt lat="50.402299035340548" lon="11.700281035155058">
        <ele>422.30000000000001</ele>
      </trkpt>
      <trkpt lat="50.402602041140199" lon="11.700397962704301">
        <ele>423.10000000000002</ele>
      </trkpt>
      <trkpt lat="50.402910998091102" lon="11.700417995452881">
        <ele>424.5</ele>
      </trkpt>
      <trkpt lat="50.402877973392606" lon="11.700109960511327">
        <ele>428.30000000000001</ele>
      </trkpt>
      <trkpt lat="50.402817958965898" lon="11.699905022978783">
        <ele>430.80000000000001</ele>
      </trkpt>
      <trkpt lat="50.402773031964898" lon="11.699833022430539">
        <ele>431.5</ele>
      </trkpt>
      <trkpt lat="50.402504978701472" lon="11.699626995250583">
        <ele>432</ele>
      </trkpt>
      <trkpt lat="50.402236003428698" lon="11.699420968070626">
        <ele>431.60000000000002</ele>
      </trkpt>
      <trkpt lat="50.402179006487131" lon="11.699306974187493">
        <ele>432.19999999999999</ele>
      </trkpt>
      <trkpt lat="50.402164002880454" lon="11.699139000847936">
        <ele>433.69999999999999</ele>
      </trkpt>
      <trkpt lat="50.402165008708835" lon="11.699027018621564">
        <ele>434.19999999999999</ele>
      </trkpt>
      <trkpt lat="50.402097031474113" lon="11.698888968676329">
        <ele>434.5</ele>
      </trkpt>
      <trkpt lat="50.401983959600329" lon="11.698786038905382">
        <ele>434.5</ele>
      </trkpt>
      <trkpt lat="50.401817997917533" lon="11.69854799285531">
        <ele>435.10000000000002</ele>
      </trkpt>
      <trkpt lat="50.401652036234736" lon="11.698311036452651">
        <ele>435.30000000000001</ele>
      </trkpt>
      <trkpt lat="50.401519015431404" lon="11.697943992912769">
        <ele>436.80000000000001</ele>
      </trkpt>
      <trkpt lat="50.401460006833076" lon="11.697737965732813">
        <ele>438</ele>
      </trkpt>
      <trkpt lat="50.40121098048985" lon="11.697389027103782">
        <ele>438.60000000000002</ele>
      </trkpt>
      <trkpt lat="50.400957008823752" lon="11.697018966078758">
        <ele>439</ele>
      </trkpt>
      <trkpt lat="50.400703037157655" lon="11.696649994701147">
        <ele>440.10000000000002</ele>
      </trkpt>
      <trkpt lat="50.400589965283871" lon="11.696499036625028">
        <ele>440.69999999999999</ele>
      </trkpt>
      <trkpt lat="50.400210013613105" lon="11.696132998913527">
        <ele>441.60000000000002</ele>
      </trkpt>
      <trkpt lat="50.39992100559175" lon="11.695872992277145">
        <ele>442.60000000000002</ele>
      </trkpt>
      <trkpt lat="50.399763006716967" lon="11.69560200534761">
        <ele>445.19999999999999</ele>
      </trkpt>
      <trkpt lat="50.399605007842183" lon="11.695331018418074">
        <ele>447.30000000000001</ele>
      </trkpt>
      <trkpt lat="50.399429993703961" lon="11.695075035095215">
        <ele>448.69999999999999</ele>
      </trkpt>
      <trkpt lat="50.399225978180766" lon="11.694854004308581">
        <ele>449.89999999999998</ele>
      </trkpt>
      <trkpt lat="50.399029003456235" lon="11.69465702958405">
        <ele>450.69999999999999</ele>
      </trkpt>
      <trkpt lat="50.398832028731704" lon="11.694459971040487">
        <ele>451.30000000000001</ele>
      </trkpt>
      <trkpt lat="50.398463979363441" lon="11.694160988554358">
        <ele>450.69999999999999</ele>
      </trkpt>
      <trkpt lat="50.398258036002517" lon="11.69392897747457">
        <ele>450.5</ele>
      </trkpt>
      <trkpt lat="50.398048991337419" lon="11.693603005260229">
        <ele>451.10000000000002</ele>
      </trkpt>
      <trkpt lat="50.397841036319733" lon="11.693277033045888">
        <ele>451</ele>
      </trkpt>
      <trkpt lat="50.397757971659303" lon="11.69279096648097">
        <ele>455.60000000000002</ele>
      </trkpt>
      <trkpt lat="50.397723019123077" lon="11.692375978454947">
        <ele>459.69999999999999</ele>
      </trkpt>
      <trkpt lat="50.39768798276782" lon="11.691960990428925">
        <ele>463.60000000000002</ele>
      </trkpt>
      <trkpt lat="50.397611958906054" lon="11.691589001566172">
        <ele>465.5</ele>
      </trkpt>
      <trkpt lat="50.397593015804887" lon="11.691377023234963">
        <ele>466.69999999999999</ele>
      </trkpt>
      <trkpt lat="50.397605001926422" lon="11.691205026581883">
        <ele>468.10000000000002</ele>
      </trkpt>
      <trkpt lat="50.397626040503383" lon="11.691058008000255">
        <ele>469.5</ele>
      </trkpt>
      <trkpt lat="50.397698963060975" lon="11.690871007740498">
        <ele>471.60000000000002</ele>
      </trkpt>
      <trkpt lat="50.397895015776157" lon="11.690651988610625">
        <ele>475.10000000000002</ele>
      </trkpt>
      <trkpt lat="50.39811504073441" lon="11.690523996949196">
        <ele>477.80000000000001</ele>
      </trkpt>
      <trkpt lat="50.398334981873631" lon="11.690394999459386">
        <ele>479.60000000000002</ele>
      </trkpt>
      <trkpt lat="50.398601023480296" lon="11.690237000584602">
        <ele>480.60000000000002</ele>
      </trkpt>
      <trkpt lat="50.398865975439548" lon="11.690080007538199">
        <ele>481.89999999999998</ele>
      </trkpt>
      <trkpt lat="50.399183984845877" lon="11.689889989793301">
        <ele>485.30000000000001</ele>
      </trkpt>
      <trkpt lat="50.399380959570408" lon="11.689736014232039">
        <ele>487.80000000000001</ele>
      </trkpt>
      <trkpt lat="50.399568965658545" lon="11.689493022859097">
        <ele>490.10000000000002</ele>
      </trkpt>
      <trkpt lat="50.399756971746683" lon="11.689251037314534">
        <ele>491.89999999999998</ele>
      </trkpt>
      <trkpt lat="50.400004992261529" lon="11.688945014029741">
        <ele>494.5</ele>
      </trkpt>
      <trkpt lat="50.400253012776375" lon="11.688638990744948">
        <ele>497.5</ele>
      </trkpt>
      <trkpt lat="50.400490975007415" lon="11.688475962728262">
        <ele>499.5</ele>
      </trkpt>
      <trkpt lat="50.40082398802042" lon="11.688318969681859">
        <ele>502.10000000000002</ele>
      </trkpt>
      <trkpt lat="50.401155995205045" lon="11.688162982463837">
        <ele>505.80000000000001</ele>
      </trkpt>
      <trkpt lat="50.401445003226399" lon="11.688026022166014">
        <ele>508.69999999999999</ele>
      </trkpt>
      <trkpt lat="50.401734011247754" lon="11.68788998387754">
        <ele>511.10000000000002</ele>
      </trkpt>
      <trkpt lat="50.402101976796985" lon="11.687715975567698">
        <ele>514.39999999999998</ele>
      </trkpt>
      <trkpt lat="50.402383022010326" lon="11.687521012499928">
        <ele>516.39999999999998</ele>
      </trkpt>
      <trkpt lat="50.402533980086446" lon="11.687321020290256">
        <ele>517.70000000000005</ele>
      </trkpt>
      <trkpt lat="50.402682004496455" lon="11.687062019482255">
        <ele>518.60000000000002</ele>
      </trkpt>
      <trkpt lat="50.402932036668062" lon="11.686646025627851">
        <ele>520.20000000000005</ele>
      </trkpt>
      <trkpt lat="50.403180979192257" lon="11.686231037601829">
        <ele>521.60000000000002</ele>
      </trkpt>
      <trkpt lat="50.403431011363864" lon="11.685814959928393">
        <ele>522.89999999999998</ele>
      </trkpt>
      <trkpt lat="50.403554979711771" lon="11.685597030445933">
        <ele>523.5</ele>
      </trkpt>
      <trkpt lat="50.403685988858342" lon="11.685411036014557">
        <ele>523.89999999999998</ele>
      </trkpt>
      <trkpt lat="50.403913976624608" lon="11.685220012441278">
        <ele>524.10000000000002</ele>
      </trkpt>
      <trkpt lat="50.404142970219254" lon="11.685028988867998">
        <ele>524.39999999999998</ele>
      </trkpt>
      <trkpt lat="50.404271967709064" lon="11.684808041900396">
        <ele>525.10000000000002</ele>
      </trkpt>
      <trkpt lat="50.404442958533764" lon="11.684403028339148">
        <ele>527.39999999999998</ele>
      </trkpt>
      <trkpt lat="50.404613027349114" lon="11.683997008949518">
        <ele>529.89999999999998</ele>
      </trkpt>
      <trkpt lat="50.404759962111712" lon="11.683758040890098">
        <ele>531.60000000000002</ele>
      </trkpt>
      <trkpt lat="50.404960038140416" lon="11.683472972363234">
        <ele>533.29999999999995</ele>
      </trkpt>
      <trkpt lat="50.405033966526389" lon="11.683256970718503">
        <ele>534.60000000000002</ele>
      </trkpt>
      <trkpt lat="50.405058022588491" lon="11.683139037340879">
        <ele>535.39999999999998</ele>
      </trkpt>
      <trkpt lat="50.405058022588491" lon="11.682852040976286">
        <ele>537.5</ele>
      </trkpt>
      <trkpt lat="50.404962971806526" lon="11.682508969679475">
        <ele>540</ele>
      </trkpt>
      <trkpt lat="50.404866999015212" lon="11.682164976373315">
        <ele>542.10000000000002</ele>
      </trkpt>
      <trkpt lat="50.40488300845027" lon="11.681816959753633">
        <ele>544.10000000000002</ele>
      </trkpt>
      <trkpt lat="50.404947968199849" lon="11.681569023057818">
        <ele>545.60000000000002</ele>
      </trkpt>
      <trkpt lat="50.405145026743412" lon="11.681037023663521">
        <ele>548.39999999999998</ele>
      </trkpt>
      <trkpt lat="50.40520403534174" lon="11.68082001619041">
        <ele>549.20000000000005</ele>
      </trkpt>
      <trkpt lat="50.405309982597828" lon="11.680592028424144">
        <ele>549.39999999999998</ele>
      </trkpt>
      <trkpt lat="50.405589016154408" lon="11.680166982114315">
        <ele>550.89999999999998</ele>
      </trkpt>
      <trkpt lat="50.405768975615501" lon="11.679773032665253">
        <ele>552.29999999999995</ele>
      </trkpt>
      <trkpt lat="50.405819015577435" lon="11.679557031020522">
        <ele>552.10000000000002</ele>
      </trkpt>
      <trkpt lat="50.405868971720338" lon="11.679184036329389">
        <ele>552.79999999999995</ele>
      </trkpt>
      <trkpt lat="50.405919011682272" lon="11.678811041638255">
        <ele>553.60000000000002</ele>
      </trkpt>
      <trkpt lat="50.405941978096962" lon="11.678433017805219">
        <ele>554.20000000000005</ele>
      </trkpt>
      <trkpt lat="50.405928986147046" lon="11.677967989817262">
        <ele>554.20000000000005</ele>
      </trkpt>
      <trkpt lat="50.405942983925343" lon="11.677816025912762">
        <ele>554.70000000000005</ele>
      </trkpt>
      <trkpt lat="50.406006015837193" lon="11.677458034828305">
        <ele>555.29999999999995</ele>
      </trkpt>
      <trkpt lat="50.406068963930011" lon="11.677100965753198">
        <ele>555.89999999999998</ele>
      </trkpt>
      <trkpt lat="50.406201984733343" lon="11.676529990509152">
        <ele>557.29999999999995</ele>
      </trkpt>
      <trkpt lat="50.406335005536675" lon="11.675959015265107">
        <ele>558.39999999999998</ele>
      </trkpt>
      <trkpt lat="50.406468026340008" lon="11.675388962030411">
        <ele>559.39999999999998</ele>
      </trkpt>
      <trkpt lat="50.406566010788083" lon="11.675077993422747">
        <ele>559.10000000000002</ele>
      </trkpt>
      <trkpt lat="50.406780000776052" lon="11.674571977928281">
        <ele>560.20000000000005</ele>
      </trkpt>
      <trkpt lat="50.406992984935641" lon="11.674065962433815">
        <ele>560.89999999999998</ele>
      </trkpt>
      <trkpt lat="50.407206974923611" lon="11.673561036586761">
        <ele>561.29999999999995</ele>
      </trkpt>
      <trkpt lat="50.407323986291885" lon="11.673075975850224">
        <ele>562.29999999999995</ele>
      </trkpt>
      <trkpt lat="50.407374026253819" lon="11.672652019187808">
        <ele>563.39999999999998</ele>
      </trkpt>
      <trkpt lat="50.407396992668509" lon="11.672371979802847">
        <ele>563.89999999999998</ele>
      </trkpt>
      <trkpt lat="50.407515009865165" lon="11.671806033700705">
        <ele>565</ele>
      </trkpt>
      <trkpt lat="50.407634032890201" lon="11.671240003779531">
        <ele>566.10000000000002</ele>
      </trkpt>
      <trkpt lat="50.407673008739948" lon="11.671073958277702">
        <ele>566.5</ele>
      </trkpt>
      <trkpt lat="50.407755989581347" lon="11.670771958306432">
        <ele>567.29999999999995</ele>
      </trkpt>
      <trkpt lat="50.407758001238108" lon="11.670679003000259">
        <ele>567.60000000000002</ele>
      </trkpt>
      <trkpt lat="50.407747020944953" lon="11.670599039644003">
        <ele>567.79999999999995</ele>
      </trkpt>
      <trkpt lat="50.407652975991368" lon="11.670398963615298">
        <ele>568.5</ele>
      </trkpt>
      <trkpt lat="50.407400010153651" lon="11.670027980580926">
        <ele>569.70000000000005</ele>
      </trkpt>
      <trkpt lat="50.407233964651823" lon="11.669846009463072">
        <ele>570.29999999999995</ele>
      </trkpt>
      <trkpt lat="50.407117959111929" lon="11.669579967856407">
        <ele>571.20000000000005</ele>
      </trkpt>
      <trkpt lat="50.407090969383717" lon="11.669420963153243">
        <ele>571.89999999999998</ele>
      </trkpt>
      <trkpt lat="50.40707596577704" lon="11.669061966240406">
        <ele>573.39999999999998</ele>
      </trkpt>
      <trkpt lat="50.407060962170362" lon="11.668702969327569">
        <ele>574.5</ele>
      </trkpt>
      <trkpt lat="50.406988961622119" lon="11.66833802126348">
        <ele>575.70000000000005</ele>
      </trkpt>
      <trkpt lat="50.40690396912396" lon="11.668068040162325">
        <ele>576.39999999999998</ele>
      </trkpt>
      <trkpt lat="50.406735995784402" lon="11.66749999858439">
        <ele>577.89999999999998</ele>
      </trkpt>
      <trkpt lat="50.40664697997272" lon="11.667122980579734">
        <ele>579.10000000000002</ele>
      </trkpt>
      <trkpt lat="50.406557964161038" lon="11.666745962575078">
        <ele>580.20000000000005</ele>
      </trkpt>
      <trkpt lat="50.406470037996769" lon="11.66614799760282">
        <ele>582.39999999999998</ele>
      </trkpt>
      <trkpt lat="50.406469032168388" lon="11.66580299846828">
        <ele>584.10000000000002</ele>
      </trkpt>
      <trkpt lat="50.406508008018136" lon="11.665574004873633">
        <ele>585.20000000000005</ele>
      </trkpt>
      <trkpt lat="50.406613033264875" lon="11.665172008797526">
        <ele>586.60000000000002</ele>
      </trkpt>
      <trkpt lat="50.406716968864202" lon="11.6647710185498">
        <ele>588.39999999999998</ele>
      </trkpt>
      <trkpt lat="50.406662989407778" lon="11.66470798663795">
        <ele>588.29999999999995</ele>
      </trkpt>
      <trkpt lat="50.406754016876221" lon="11.664225021377206">
        <ele>590.70000000000005</ele>
      </trkpt>
      <trkpt lat="50.406758962199092" lon="11.663787988945842">
        <ele>592.70000000000005</ele>
      </trkpt>
      <trkpt lat="50.406735995784402" lon="11.663314998149872">
        <ele>596.10000000000002</ele>
      </trkpt>
      <trkpt lat="50.406713029369712" lon="11.662844019010663">
        <ele>599.29999999999995</ele>
      </trkpt>
      <trkpt lat="50.406713029369712" lon="11.662843013182282">
        <ele>599.29999999999995</ele>
      </trkpt>
      <trkpt lat="50.406643962487578" lon="11.662660036236048">
        <ele>601.20000000000005</ele>
      </trkpt>
      <trkpt lat="50.406371969729662" lon="11.662309002131224">
        <ele>602.79999999999995</ele>
      </trkpt>
      <trkpt lat="50.406098971143365" lon="11.6619579680264">
        <ele>604.39999999999998</ele>
      </trkpt>
      <trkpt lat="50.405825972557068" lon="11.661606011912227">
        <ele>605.39999999999998</ele>
      </trkpt>
      <trkpt lat="50.405553979799151" lon="11.661254977807403">
        <ele>604.89999999999998</ele>
      </trkpt>
      <trkpt lat="50.405287016183138" lon="11.660872008651495">
        <ele>604.20000000000005</ele>
      </trkpt>
      <trkpt lat="50.405107978731394" lon="11.660566991195083">
        <ele>604.39999999999998</ele>
      </trkpt>
      <trkpt lat="50.404929025098681" lon="11.66026197373867">
        <ele>605.20000000000005</ele>
      </trkpt>
      <trkpt lat="50.404758034273982" lon="11.660144040361047">
        <ele>605.79999999999995</ele>
      </trkpt>
      <trkpt lat="50.404675975441933" lon="11.660051001235843">
        <ele>606.20000000000005</ele>
      </trkpt>
      <trkpt lat="50.404408005997539" lon="11.659502992406487">
        <ele>607.79999999999995</ele>
      </trkpt>
      <trkpt lat="50.404140036553144" lon="11.658954983577132">
        <ele>607.5</ele>
      </trkpt>
      <trkpt lat="50.403871983289719" lon="11.658406974747777">
        <ele>605.29999999999995</ele>
      </trkpt>
      <trkpt lat="50.403643995523453" lon="11.657828958705068">
        <ele>602.70000000000005</ele>
      </trkpt>
      <trkpt lat="50.403416007757187" lon="11.657252032309771">
        <ele>598.89999999999998</ele>
      </trkpt>
      <trkpt lat="50.403188019990921" lon="11.656674016267061">
        <ele>595.89999999999998</ele>
      </trkpt>
      <trkpt lat="50.403109984472394" lon="11.656347038224339">
        <ele>594.10000000000002</ele>
      </trkpt>
      <trkpt lat="50.403065979480743" lon="11.656160959973931">
        <ele>593.10000000000002</ele>
      </trkpt>
      <trkpt lat="50.403068996965885" lon="11.655469033867121">
        <ele>589.29999999999995</ele>
      </trkpt>
      <trkpt lat="50.403093975037336" lon="11.654866961762309">
        <ele>586.79999999999995</ele>
      </trkpt>
      <trkpt lat="50.403119036927819" lon="11.65426597930491">
        <ele>585.5</ele>
      </trkpt>
      <trkpt lat="50.40314401499927" lon="11.65366399101913">
        <ele>585.79999999999995</ele>
      </trkpt>
      <trkpt lat="50.403177961707115" lon="11.653571035712957">
        <ele>585.89999999999998</ele>
      </trkpt>
      <trkpt lat="50.403188019990921" lon="11.653451006859541">
        <ele>585.79999999999995</ele>
      </trkpt>
      <trkpt lat="50.40322900749743" lon="11.653080023825169">
        <ele>585.60000000000002</ele>
      </trkpt>
      <trkpt lat="50.403269995003939" lon="11.652709040790796">
        <ele>585.89999999999998</ele>
      </trkpt>
      <trkpt lat="50.403297990560532" lon="11.652070004492998">
        <ele>586.5</ele>
      </trkpt>
      <trkpt lat="50.403264965862036" lon="11.651488970965147">
        <ele>586.79999999999995</ele>
      </trkpt>
      <trkpt lat="50.403232024982572" lon="11.650907015427947">
        <ele>587.79999999999995</ele>
      </trkpt>
      <trkpt lat="50.403199000284076" lon="11.650324976071715">
        <ele>588.70000000000005</ele>
      </trkpt>
      <trkpt lat="50.403164969757199" lon="11.649744026362896">
        <ele>589</ele>
      </trkpt>
      <trkpt lat="50.403132028877735" lon="11.649161987006664">
        <ele>589.29999999999995</ele>
      </trkpt>
      <trkpt lat="50.403064973652363" lon="11.648469977080822">
        <ele>589.79999999999995</ele>
      </trkpt>
      <trkpt lat="50.402996996417642" lon="11.64777796715498">
        <ele>589.79999999999995</ele>
      </trkpt>
      <trkpt lat="50.402970006689429" lon="11.647287039086223">
        <ele>590</ele>
      </trkpt>
      <trkpt lat="50.402943016961217" lon="11.646795021370053">
        <ele>590.60000000000002</ele>
      </trkpt>
      <trkpt lat="50.402949973940849" lon="11.646314989775419">
        <ele>591.29999999999995</ele>
      </trkpt>
      <trkpt lat="50.403019040822983" lon="11.645794976502657">
        <ele>592.5</ele>
      </trkpt>
      <trkpt lat="50.403088023886085" lon="11.645274963229895">
        <ele>594</ele>
      </trkpt>
      <trkpt lat="50.403156001120806" lon="11.644965000450611">
        <ele>595</ele>
      </trkpt>
      <trkpt lat="50.403289021924138" lon="11.644388996064663">
        <ele>596.79999999999995</ele>
      </trkpt>
      <trkpt lat="50.403421958908439" lon="11.643811985850334">
        <ele>597.60000000000002</ele>
      </trkpt>
      <trkpt lat="50.403461018577218" lon="11.643648035824299">
        <ele>598.10000000000002</ele>
      </trkpt>
      <trkpt lat="50.403668973594904" lon="11.643175967037678">
        <ele>598.89999999999998</ele>
      </trkpt>
      <trkpt lat="50.403877012431622" lon="11.642703982070088">
        <ele>600.29999999999995</ele>
      </trkpt>
      <trkpt lat="50.404084967449307" lon="11.642231997102499">
        <ele>601.79999999999995</ele>
      </trkpt>
      <trkpt lat="50.404084967449307" lon="11.642107022926211">
        <ele>602.60000000000002</ele>
      </trkpt>
      <trkpt lat="50.40413299575448" lon="11.641831006854773">
        <ele>603.39999999999998</ele>
      </trkpt>
      <trkpt lat="50.40417498908937" lon="11.641265982761979">
        <ele>606.20000000000005</ele>
      </trkpt>
      <trkpt lat="50.404215976595879" lon="11.640700958669186">
        <ele>608.79999999999995</ele>
      </trkpt>
      <trkpt lat="50.404317984357476" lon="11.640098970383406">
        <ele>610.89999999999998</ele>
      </trkpt>
      <trkpt lat="50.404414040967822" lon="11.639648023992777">
        <ele>612.60000000000002</ele>
      </trkpt>
      <trkpt lat="50.404510013759136" lon="11.639196993783116">
        <ele>614.5</ele>
      </trkpt>
      <trkpt lat="50.404670024290681" lon="11.63907797075808">
        <ele>614.20000000000005</ele>
      </trkpt>
      <trkpt lat="50.40477798320353" lon="11.638567009940743">
        <ele>616.29999999999995</ele>
      </trkpt>
      <trkpt lat="50.404904969036579" lon="11.638222010806203">
        <ele>617.29999999999995</ele>
      </trkpt>
      <trkpt lat="50.40503203868866" lon="11.637878017500043">
        <ele>619</ele>
      </trkpt>
      <trkpt lat="50.40514100342989" lon="11.637500999495387">
        <ele>620.20000000000005</ele>
      </trkpt>
      <trkpt lat="50.4052509739995" lon="11.637123981490731">
        <ele>621</ele>
      </trkpt>
      <trkpt lat="50.405375026166439" lon="11.636450998485088">
        <ele>621.89999999999998</ele>
      </trkpt>
      <trkpt lat="50.405449038371444" lon="11.635946994647384">
        <ele>622.70000000000005</ele>
      </trkpt>
      <trkpt lat="50.405522966757417" lon="11.635442990809679">
        <ele>623.60000000000002</ele>
      </trkpt>
      <trkpt lat="50.405574012547731" lon="11.634906968101859">
        <ele>624</ele>
      </trkpt>
      <trkpt lat="50.405625980347395" lon="11.634371029213071">
        <ele>624.89999999999998</ele>
      </trkpt>
      <trkpt lat="50.40567702613771" lon="11.633835006505251">
        <ele>626.39999999999998</ele>
      </trkpt>
      <trkpt lat="50.405727988108993" lon="11.63329797796905">
        <ele>629.10000000000002</ele>
      </trkpt>
      <trkpt lat="50.405891016125679" lon="11.632707975804806">
        <ele>632.60000000000002</ele>
      </trkpt>
      <trkpt lat="50.406084973365068" lon="11.632117973640561">
        <ele>634.79999999999995</ele>
      </trkpt>
      <trkpt lat="50.40619301609695" lon="11.631683958694339">
        <ele>636.5</ele>
      </trkpt>
      <trkpt lat="50.406300975009799" lon="11.631250027567148">
        <ele>637.79999999999995</ele>
      </trkpt>
      <trkpt lat="50.406440030783415" lon="11.630855994299054">
        <ele>639.39999999999998</ele>
      </trkpt>
      <trkpt lat="50.406579002737999" lon="11.63046196103096">
        <ele>641.20000000000005</ele>
      </trkpt>
      <trkpt lat="50.406656032428145" lon="11.630106987431645">
        <ele>642</ele>
      </trkpt>
      <trkpt lat="50.406701965257525" lon="11.629709014669061">
        <ele>641.5</ele>
      </trkpt>
      <trkpt lat="50.406747981905937" lon="11.629310036078095">
        <ele>640.29999999999995</ele>
      </trkpt>
      <trkpt lat="50.406842026859522" lon="11.628694972023368">
        <ele>639.29999999999995</ele>
      </trkpt>
      <trkpt lat="50.406931964680552" lon="11.62833496928215">
        <ele>638.70000000000005</ele>
      </trkpt>
      <trkpt lat="50.407021986320615" lon="11.627974966540933">
        <ele>637.60000000000002</ele>
      </trkpt>
      <trkpt lat="50.407156012952328" lon="11.627605995163321">
        <ele>636.89999999999998</ele>
      </trkpt>
      <trkpt lat="50.40728903375566" lon="11.62723702378571">
        <ele>636.60000000000002</ele>
      </trkpt>
      <trkpt lat="50.407448038458824" lon="11.6267229616642">
        <ele>636.5</ele>
      </trkpt>
      <trkpt lat="50.407503023743629" lon="11.626174030825496">
        <ele>635.70000000000005</ele>
      </trkpt>
      <trkpt lat="50.407558009028435" lon="11.625624010339379">
        <ele>635.20000000000005</ele>
      </trkpt>
      <trkpt lat="50.407544011250138" lon="11.62532402202487">
        <ele>634.89999999999998</ele>
      </trkpt>
      <trkpt lat="50.407462958246469" lon="11.624855976551771">
        <ele>634</ele>
      </trkpt>
      <trkpt lat="50.407381989061832" lon="11.624388014897704">
        <ele>632.89999999999998</ele>
      </trkpt>
      <trkpt lat="50.407302025705576" lon="11.623919969424605">
        <ele>631.39999999999998</ele>
      </trkpt>
      <trkpt lat="50.407281992956996" lon="11.62343398667872">
        <ele>630.29999999999995</ele>
      </trkpt>
      <trkpt lat="50.407239999622107" lon="11.62306996062398">
        <ele>629.10000000000002</ele>
      </trkpt>
      <trkpt lat="50.407128017395735" lon="11.622624965384603">
        <ele>628.5</ele>
      </trkpt>
      <trkpt lat="50.407017040997744" lon="11.622179970145226">
        <ele>628.20000000000005</ele>
      </trkpt>
      <trkpt lat="50.406936993822455" lon="11.621956005692482">
        <ele>628.10000000000002</ele>
      </trkpt>
      <trkpt lat="50.406738007441163" lon="11.6214560251683">
        <ele>627.79999999999995</ele>
      </trkpt>
      <trkpt lat="50.406556958332658" lon="11.621095016598701">
        <ele>627.10000000000002</ele>
      </trkpt>
      <trkpt lat="50.406485041603446" lon="11.620990997180343">
        <ele>626.70000000000005</ele>
      </trkpt>
      <trkpt lat="50.406284965574741" lon="11.620754962787032">
        <ele>625.29999999999995</ele>
      </trkpt>
      <trkpt lat="50.406113974750042" lon="11.6205770149827">
        <ele>624.20000000000005</ele>
      </trkpt>
      <trkpt lat="50.406053038313985" lon="11.620503002777696">
        <ele>623.79999999999995</ele>
      </trkpt>
      <trkpt lat="50.405769981443882" lon="11.620079968124628">
        <ele>622.29999999999995</ele>
      </trkpt>
      <trkpt lat="50.405487008392811" lon="11.619658023118973">
        <ele>621.70000000000005</ele>
      </trkpt>
      <trkpt lat="50.405459012836218" lon="11.619474962353706">
        <ele>622</ele>
      </trkpt>
      <trkpt lat="50.405478961765766" lon="11.61918100900948">
        <ele>622.70000000000005</ele>
      </trkpt>
      <trkpt lat="50.405504023656249" lon="11.619075983762741">
        <ele>622.89999999999998</ele>
      </trkpt>
      <trkpt lat="50.405704015865922" lon="11.618680022656918">
        <ele>624</ele>
      </trkpt>
      <trkpt lat="50.405774004757404" lon="11.618404006585479">
        <ele>625.10000000000002</ele>
      </trkpt>
      <trkpt lat="50.405802000313997" lon="11.618156991899014">
        <ele>626</ele>
      </trkpt>
      <trkpt lat="50.40582999587059" lon="11.617940990254283">
        <ele>626.79999999999995</ele>
      </trkpt>
      <trkpt lat="50.405824966728687" lon="11.617645025253296">
        <ele>628</ele>
      </trkpt>
      <trkpt lat="50.405774004757404" lon="11.617284016683698">
        <ele>629.89999999999998</ele>
      </trkpt>
      <trkpt lat="50.40572295896709" lon="11.61692401394248">
        <ele>632.10000000000002</ele>
      </trkpt>
      <trkpt lat="50.405690018087626" lon="11.616402994841337">
        <ele>634.10000000000002</ele>
      </trkpt>
      <trkpt lat="50.405655987560749" lon="11.615882981568575">
        <ele>636.29999999999995</ele>
      </trkpt>
      <trkpt lat="50.405622040852904" lon="11.615362968295813">
        <ele>638.79999999999995</ele>
      </trkpt>
      <trkpt lat="50.405649030581117" lon="11.614806996658444">
        <ele>640.39999999999998</ele>
      </trkpt>
      <trkpt lat="50.405676020309329" lon="11.614251025021076">
        <ele>641.20000000000005</ele>
      </trkpt>
      <trkpt lat="50.405703010037541" lon="11.613695975393057">
        <ele>642.39999999999998</ele>
      </trkpt>
      <trkpt lat="50.405714996159077" lon="11.613008994609118">
        <ele>644.70000000000005</ele>
      </trkpt>
      <trkpt lat="50.405726982280612" lon="11.612322013825178">
        <ele>646.79999999999995</ele>
      </trkpt>
      <trkpt lat="50.405738968402147" lon="11.611635033041239">
        <ele>648.60000000000002</ele>
      </trkpt>
      <trkpt lat="50.405751038342714" lon="11.610947968438268">
        <ele>649.5</ele>
      </trkpt>
      <trkpt lat="50.40576302446425" lon="11.610260987654328">
        <ele>650.5</ele>
      </trkpt>
      <trkpt lat="50.405796971172094" lon="11.609902996569872">
        <ele>651.10000000000002</ele>
      </trkpt>
      <trkpt lat="50.405882969498634" lon="11.609373008832335">
        <ele>651.70000000000005</ele>
      </trkpt>
      <trkpt lat="50.405968967825174" lon="11.608843021094799">
        <ele>652.20000000000005</ele>
      </trkpt>
      <trkpt lat="50.405866960063577" lon="11.608576979488134">
        <ele>651.89999999999998</ele>
      </trkpt>
      <trkpt lat="50.405817003920674" lon="11.608061995357275">
        <ele>650.89999999999998</ele>
      </trkpt>
      <trkpt lat="50.40576696395874" lon="11.607547011226416">
        <ele>649.5</ele>
      </trkpt>
      <trkpt lat="50.405718013644218" lon="11.607032027095556">
        <ele>648.20000000000005</ele>
      </trkpt>
      <trkpt lat="50.405702004209161" lon="11.606368012726307">
        <ele>647.60000000000002</ele>
      </trkpt>
      <trkpt lat="50.405708039179444" lon="11.606184029951692">
        <ele>647.60000000000002</ele>
      </trkpt>
      <trkpt lat="50.40572002530098" lon="11.605828972533345">
        <ele>647.29999999999995</ele>
      </trkpt>
      <trkpt lat="50.405732011422515" lon="11.605475004762411">
        <ele>646.79999999999995</ele>
      </trkpt>
      <trkpt lat="50.405708039179444" lon="11.604892965406179">
        <ele>646.10000000000002</ele>
      </trkpt>
      <trkpt lat="50.405683983117342" lon="11.604310004040599">
        <ele>645.89999999999998</ele>
      </trkpt>
      <trkpt lat="50.405676020309329" lon="11.603737017139792">
        <ele>645.70000000000005</ele>
      </trkpt>
      <trkpt lat="50.405667973682284" lon="11.603165036067367">
        <ele>645.39999999999998</ele>
      </trkpt>
      <trkpt lat="50.405660010874271" lon="11.602591965347528">
        <ele>644.89999999999998</ele>
      </trkpt>
      <trkpt lat="50.405644001439214" lon="11.602380992844701">
        <ele>645.10000000000002</ele>
      </trkpt>
      <trkpt lat="50.405580969527364" lon="11.601870032027364">
        <ele>646.5</ele>
      </trkpt>
      <trkpt lat="50.40548499673605" lon="11.601356975734234">
        <ele>647</ele>
      </trkpt>
      <trkpt lat="50.405415007844567" lon="11.600822964683175">
        <ele>648.20000000000005</ele>
      </trkpt>
      <trkpt lat="50.405346024781466" lon="11.600289037451148">
        <ele>649.10000000000002</ele>
      </trkpt>
      <trkpt lat="50.405258014798164" lon="11.5998459700495">
        <ele>648.5</ele>
      </trkpt>
      <trkpt lat="50.405258014798164" lon="11.599245993420482">
        <ele>649.89999999999998</ele>
      </trkpt>
      <trkpt lat="50.405258014798164" lon="11.598645010963082">
        <ele>649.89999999999998</ele>
      </trkpt>
      <trkpt lat="50.405380977317691" lon="11.598158022388816">
        <ele>651.5</ele>
      </trkpt>
      <trkpt lat="50.405503017827868" lon="11.597670027986169">
        <ele>651.70000000000005</ele>
      </trkpt>
      <trkpt lat="50.405665040016174" lon="11.597216986119747">
        <ele>651.39999999999998</ele>
      </trkpt>
      <trkpt lat="50.405841981992126" lon="11.596837034448981">
        <ele>651.10000000000002</ele>
      </trkpt>
      <trkpt lat="50.406018001958728" lon="11.596456998959184">
        <ele>650.10000000000002</ele>
      </trkpt>
      <trkpt lat="50.40619402192533" lon="11.596076963469386">
        <ele>648.39999999999998</ele>
      </trkpt>
      <trkpt lat="50.406438019126654" lon="11.595658035948873">
        <ele>646.39999999999998</ele>
      </trkpt>
      <trkpt lat="50.406682016327977" lon="11.595239024609327">
        <ele>644.29999999999995</ele>
      </trkpt>
      <trkpt lat="50.406890977174044" lon="11.595042971894145">
        <ele>645.89999999999998</ele>
      </trkpt>
      <trkpt lat="50.407100021839142" lon="11.594848008826375">
        <ele>647.79999999999995</ele>
      </trkpt>
      <trkpt lat="50.407386012375355" lon="11.594509966671467">
        <ele>647.89999999999998</ele>
      </trkpt>
      <trkpt lat="50.407672002911568" lon="11.59417200833559">
        <ele>648.20000000000005</ele>
      </trkpt>
      <trkpt lat="50.407828995957971" lon="11.59391300752759">
        <ele>648.70000000000005</ele>
      </trkpt>
      <trkpt lat="50.408015996217728" lon="11.59348402172327">
        <ele>647.39999999999998</ele>
      </trkpt>
      <trkpt lat="50.408130995929241" lon="11.593115972355008">
        <ele>644.29999999999995</ele>
      </trkpt>
      <trkpt lat="50.408245995640755" lon="11.592748006805778">
        <ele>642.29999999999995</ele>
      </trkpt>
      <trkpt lat="50.408311039209366" lon="11.59271196462214">
        <ele>642.60000000000002</ele>
      </trkpt>
      <trkpt lat="50.408578002825379" lon="11.592565029859543">
        <ele>644.29999999999995</ele>
      </trkpt>
      <trkpt lat="50.408808002248406" lon="11.592526976019144">
        <ele>646.10000000000002</ele>
      </trkpt>
      <trkpt lat="50.409038001671433" lon="11.592490011826158">
        <ele>647.89999999999998</ele>
      </trkpt>
      <trkpt lat="50.409464975818992" lon="11.592556983232498">
        <ele>651.29999999999995</ele>
      </trkpt>
      <trkpt lat="50.409893039613962" lon="11.59262403845787">
        <ele>654.20000000000005</ele>
      </trkpt>
      <trkpt lat="50.41032001376152" lon="11.592691009864211">
        <ele>656.20000000000005</ele>
      </trkpt>
      <trkpt lat="50.410746987909079" lon="11.592757981270552">
        <ele>657.60000000000002</ele>
      </trkpt>
      <trkpt lat="50.411173962056637" lon="11.592825036495924">
        <ele>658.5</ele>
      </trkpt>
      <trkpt lat="50.411462970077991" lon="11.592974988743663">
        <ele>659.5</ele>
      </trkpt>
      <trkpt lat="50.411763964220881" lon="11.593208005651832">
        <ele>660.89999999999998</ele>
      </trkpt>
      <trkpt lat="50.41203604079783" lon="11.593478992581367">
        <ele>662.29999999999995</ele>
      </trkpt>
      <trkpt lat="50.41229696944356" lon="11.593794990330935">
        <ele>664</ele>
      </trkpt>
      <trkpt lat="50.412556976079941" lon="11.594110988080502">
        <ele>665.60000000000002</ele>
      </trkpt>
      <trkpt lat="50.412744982168078" lon="11.594394966959953">
        <ele>666.5</ele>
      </trkpt>
      <trkpt lat="50.412931982427835" lon="11.594678023830056">
        <ele>668.20000000000005</ele>
      </trkpt>
      <trkpt lat="50.413109008222818" lon="11.594892013818026">
        <ele>668.60000000000002</ele>
      </trkpt>
      <trkpt lat="50.413329033181071" lon="11.595022017136216">
        <ele>669</ele>
      </trkpt>
      <trkpt lat="50.413683000952005" lon="11.595126958563924">
        <ele>670.10000000000002</ele>
      </trkpt>
      <trkpt lat="50.414010984823108" lon="11.595165012404323">
        <ele>670.89999999999998</ele>
      </trkpt>
      <trkpt lat="50.414406023919582" lon="11.595196025446057">
        <ele>671.89999999999998</ele>
      </trkpt>
      <trkpt lat="50.414800979197025" lon="11.595226032659411">
        <ele>673.10000000000002</ele>
      </trkpt>
      <trkpt lat="50.4151960182935" lon="11.595256961882114">
        <ele>674.20000000000005</ele>
      </trkpt>
      <trkpt lat="50.415589967742562" lon="11.595286969095469">
        <ele>675.39999999999998</ele>
      </trkpt>
      <trkpt lat="50.415985006839037" lon="11.595317982137203">
        <ele>676.10000000000002</ele>
      </trkpt>
      <trkpt lat="50.416189022362232" lon="11.595382019877434">
        <ele>676.39999999999998</ele>
      </trkpt>
      <trkpt lat="50.416512982919812" lon="11.595604978501797">
        <ele>677</ele>
      </trkpt>
      <trkpt lat="50.416555982083082" lon="11.594995027408004">
        <ele>675.70000000000005</ele>
      </trkpt>
      <trkpt lat="50.416563022881746" lon="11.594351967796683">
        <ele>675.70000000000005</ele>
      </trkpt>
      <trkpt lat="50.416569979861379" lon="11.593708992004395">
        <ele>674.79999999999995</ele>
      </trkpt>
      <trkpt lat="50.416578026488423" lon="11.593066016212106">
        <ele>674</ele>
      </trkpt>
      <trkpt lat="50.416580960154533" lon="11.592790000140667">
        <ele>673.79999999999995</ele>
      </trkpt>
      <trkpt lat="50.416588000953197" lon="11.592162027955055">
        <ele>673.60000000000002</ele>
      </trkpt>
      <trkpt lat="50.416595041751862" lon="11.591534977778792">
        <ele>673.79999999999995</ele>
      </trkpt>
      <trkpt lat="50.416601998731494" lon="11.590907005593181">
        <ele>674.20000000000005</ele>
      </trkpt>
      <trkpt lat="50.416609039530158" lon="11.590279033407569">
        <ele>674.89999999999998</ele>
      </trkpt>
      <trkpt lat="50.416622031480074" lon="11.589609989896417">
        <ele>676.60000000000002</ele>
      </trkpt>
      <trkpt lat="50.41663602925837" lon="11.588942036032677">
        <ele>676.89999999999998</ele>
      </trkpt>
      <trkpt lat="50.416649021208286" lon="11.588272992521524">
        <ele>677.79999999999995</ele>
      </trkpt>
      <trkpt lat="50.416662013158202" lon="11.587635967880487">
        <ele>678.79999999999995</ele>
      </trkpt>
      <trkpt lat="50.416675005108118" lon="11.586999027058482">
        <ele>679.89999999999998</ele>
      </trkpt>
      <trkpt lat="50.416687997058034" lon="11.586363008245826">
        <ele>680.60000000000002</ele>
      </trkpt>
      <trkpt lat="50.41670098900795" lon="11.585725983604789">
        <ele>680.70000000000005</ele>
      </trkpt>
      <trkpt lat="50.416711969301105" lon="11.585048977285624">
        <ele>680.60000000000002</ele>
      </trkpt>
      <trkpt lat="50.416724039241672" lon="11.584370965138078">
        <ele>680.5</ele>
      </trkpt>
      <trkpt lat="50.416736025363207" lon="11.583693958818913">
        <ele>680.39999999999998</ele>
      </trkpt>
      <trkpt lat="50.416747005656362" lon="11.583016030490398">
        <ele>680.60000000000002</ele>
      </trkpt>
      <trkpt lat="50.41674398817122" lon="11.582544967532158">
        <ele>680.89999999999998</ele>
      </trkpt>
      <trkpt lat="50.416741976514459" lon="11.582073988392949">
        <ele>681.39999999999998</ele>
      </trkpt>
      <trkpt lat="50.416738959029317" lon="11.58160300925374">
        <ele>682.39999999999998</ele>
      </trkpt>
      <trkpt lat="50.41683099232614" lon="11.581162037327886">
        <ele>683.29999999999995</ele>
      </trkpt>
      <trkpt lat="50.416874997317791" lon="11.580750988796353">
        <ele>684.70000000000005</ele>
      </trkpt>
      <trkpt lat="50.417003994807601" lon="11.58014003187418">
        <ele>686.5</ele>
      </trkpt>
      <trkpt lat="50.41713198646903" lon="11.579528991132975">
        <ele>688.39999999999998</ele>
      </trkpt>
      <trkpt lat="50.41726098395884" lon="11.578919040039182">
        <ele>690.39999999999998</ele>
      </trkpt>
      <trkpt lat="50.41738897562027" lon="11.578307999297976">
        <ele>692.5</ele>
      </trkpt>
      <trkpt lat="50.41751797311008" lon="11.577696958556771">
        <ele>694.5</ele>
      </trkpt>
      <trkpt lat="50.417645964771509" lon="11.577086001634598">
        <ele>696.20000000000005</ele>
      </trkpt>
      <trkpt lat="50.417774962261319" lon="11.576474960893393">
        <ele>697.39999999999998</ele>
      </trkpt>
      <trkpt lat="50.417868001386523" lon="11.576004987582564">
        <ele>698.10000000000002</ele>
      </trkpt>
      <trkpt lat="50.417961962521076" lon="11.575536020100117">
        <ele>698.70000000000005</ele>
      </trkpt>
      <trkpt lat="50.418056007474661" lon="11.575065962970257">
        <ele>699.10000000000002</ele>
      </trkpt>
      <trkpt lat="50.41820302605629" lon="11.574648963287473">
        <ele>699</ele>
      </trkpt>
      <trkpt lat="50.418349038809538" lon="11.574231963604689">
        <ele>698.89999999999998</ele>
      </trkpt>
      <trkpt lat="50.418494967743754" lon="11.573814963921905">
        <ele>698.89999999999998</ele>
      </trkpt>
      <trkpt lat="50.418632011860609" lon="11.573468958958983">
        <ele>698.70000000000005</ele>
      </trkpt>
      <trkpt lat="50.418767966330051" lon="11.573123037815094">
        <ele>698.5</ele>
      </trkpt>
      <trkpt lat="50.419088993221521" lon="11.57264300622046">
        <ele>697.60000000000002</ele>
      </trkpt>
      <trkpt lat="50.419351011514664" lon="11.572148976847529">
        <ele>697.20000000000005</ele>
      </trkpt>
      <trkpt lat="50.419467017054558" lon="11.571716973558068">
        <ele>697.20000000000005</ele>
      </trkpt>
      <trkpt lat="50.419527031481266" lon="11.571295028552413">
        <ele>697.29999999999995</ele>
      </trkpt>
      <trkpt lat="50.419539017602801" lon="11.570850033313036">
        <ele>697.29999999999995</ele>
      </trkpt>
      <trkpt lat="50.419551003724337" lon="11.570405038073659">
        <ele>697.10000000000002</ele>
      </trkpt>
      <trkpt lat="50.419544968754053" lon="11.569822998717427">
        <ele>696.5</ele>
      </trkpt>
      <trkpt lat="50.419540023431182" lon="11.569240037351847">
        <ele>695.60000000000002</ele>
      </trkpt>
      <trkpt lat="50.419522002339363" lon="11.568769980221987">
        <ele>694.60000000000002</ele>
      </trkpt>
      <trkpt lat="50.419503981247544" lon="11.568300006911159">
        <ele>693.5</ele>
      </trkpt>
      <trkpt lat="50.419501969590783" lon="11.568177966400981">
        <ele>693.29999999999995</ele>
      </trkpt>
      <trkpt lat="50.419502975419164" lon="11.567699024453759">
        <ele>692.20000000000005</ele>
      </trkpt>
      <trkpt lat="50.419502975419164" lon="11.567221004515886">
        <ele>691.20000000000005</ele>
      </trkpt>
      <trkpt lat="50.419502975419164" lon="11.566741978749633">
        <ele>690.29999999999995</ele>
      </trkpt>
      <trkpt lat="50.419533988460898" lon="11.566135967150331">
        <ele>689.39999999999998</ele>
      </trkpt>
      <trkpt lat="50.419566007331014" lon="11.565530961379409">
        <ele>688.89999999999998</ele>
      </trkpt>
      <trkpt lat="50.419597020372748" lon="11.564925033599138">
        <ele>688.5</ele>
      </trkpt>
      <trkpt lat="50.419629039242864" lon="11.564320027828217">
        <ele>688</ele>
      </trkpt>
      <trkpt lat="50.419659968465567" lon="11.563714016228914">
        <ele>687.39999999999998</ele>
      </trkpt>
      <trkpt lat="50.419738003984094" lon="11.563131976872683">
        <ele>686.39999999999998</ele>
      </trkpt>
      <trkpt lat="50.41981503367424" lon="11.562550021335483">
        <ele>685</ele>
      </trkpt>
      <trkpt lat="50.419892985373735" lon="11.561967981979251">
        <ele>683.39999999999998</ele>
      </trkpt>
      <trkpt lat="50.419970015063882" lon="11.561386026442051">
        <ele>682</ele>
      </trkpt>
      <trkpt lat="50.420047966763377" lon="11.560803987085819">
        <ele>680.89999999999998</ele>
      </trkpt>
      <trkpt lat="50.420124996453524" lon="11.560222031548619">
        <ele>680</ele>
      </trkpt>
      <trkpt lat="50.420214012265205" lon="11.559725990518928">
        <ele>679.39999999999998</ele>
      </trkpt>
      <trkpt lat="50.420302022248507" lon="11.559230033308268">
        <ele>678.89999999999998</ele>
      </trkpt>
      <trkpt lat="50.420391038060188" lon="11.558732986450195">
        <ele>678.5</ele>
      </trkpt>
      <trkpt lat="50.420487010851502" lon="11.558109037578106">
        <ele>678.10000000000002</ele>
      </trkpt>
      <trkpt lat="50.420581977814436" lon="11.557486010715365">
        <ele>677.79999999999995</ele>
      </trkpt>
      <trkpt lat="50.420678034424782" lon="11.556861978024244">
        <ele>677.79999999999995</ele>
      </trkpt>
      <trkpt lat="50.420822035521269" lon="11.556363003328443">
        <ele>678</ele>
      </trkpt>
      <trkpt lat="50.420996965840459" lon="11.556006018072367">
        <ele>678.29999999999995</ele>
      </trkpt>
      <trkpt lat="50.421171979978681" lon="11.555649032816291">
        <ele>678.70000000000005</ele>
      </trkpt>
      <trkpt lat="50.421379012987018" lon="11.555100018158555">
        <ele>679.39999999999998</ele>
      </trkpt>
      <trkpt lat="50.421494012698531" lon="11.554594002664089">
        <ele>679.89999999999998</ele>
      </trkpt>
      <trkpt lat="50.421610018238425" lon="11.554087987169623">
        <ele>680.5</ele>
      </trkpt>
      <trkpt lat="50.421677995473146" lon="11.553621031343937">
        <ele>680.89999999999998</ele>
      </trkpt>
      <trkpt lat="50.421698028221726" lon="11.553132031112909">
        <ele>681.20000000000005</ele>
      </trkpt>
      <trkpt lat="50.421682018786669" lon="11.552631966769695">
        <ele>681.29999999999995</ele>
      </trkpt>
      <trkpt lat="50.421666009351611" lon="11.552131986245513">
        <ele>681.39999999999998</ele>
      </trkpt>
      <trkpt lat="50.421687969937921" lon="11.551738958805799">
        <ele>681.60000000000002</ele>
      </trkpt>
      <trkpt lat="50.421761982142925" lon="11.551307961344719">
        <ele>681.79999999999995</ele>
      </trkpt>
      <trkpt lat="50.421910006552935" lon="11.550754001364112">
        <ele>682.10000000000002</ele>
      </trkpt>
      <trkpt lat="50.422021988779306" lon="11.550456024706364">
        <ele>682.20000000000005</ele>
      </trkpt>
      <trkpt lat="50.422161966562271" lon="11.550163999199867">
        <ele>682.29999999999995</ele>
      </trkpt>
      <trkpt lat="50.422302028164268" lon="11.549871973693371">
        <ele>682.29999999999995</ele>
      </trkpt>
      <trkpt lat="50.422517023980618" lon="11.549464026466012">
        <ele>682.10000000000002</ele>
      </trkpt>
      <trkpt lat="50.422733025625348" lon="11.549055995419621">
        <ele>681.60000000000002</ele>
      </trkpt>
      <trkpt lat="50.422654990106821" lon="11.548704039305449">
        <ele>681.5</ele>
      </trkpt>
      <trkpt lat="50.422577038407326" lon="11.548351999372244">
        <ele>681.39999999999998</ele>
      </trkpt>
      <trkpt lat="50.422497997060418" lon="11.547896023839712">
        <ele>681.29999999999995</ele>
      </trkpt>
      <trkpt lat="50.422419039532542" lon="11.547438958659768">
        <ele>681.20000000000005</ele>
      </trkpt>
      <trkpt lat="50.422339998185635" lon="11.546982983127236">
        <ele>681.20000000000005</ele>
      </trkpt>
      <trkpt lat="50.422259029000998" lon="11.546360040083528">
        <ele>681</ele>
      </trkpt>
      <trkpt lat="50.422178981825709" lon="11.545737013220787">
        <ele>680.89999999999998</ele>
      </trkpt>
      <trkpt lat="50.422099018469453" lon="11.545114992186427">
        <ele>680.70000000000005</ele>
      </trkpt>
      <trkpt lat="50.422032969072461" lon="11.544441003352404">
        <ele>680.5</ele>
      </trkpt>
      <trkpt lat="50.421967003494501" lon="11.54376600869">
        <ele>680.29999999999995</ele>
      </trkpt>
      <trkpt lat="50.421898020431399" lon="11.54310199432075">
        <ele>680.29999999999995</ele>
      </trkpt>
      <trkpt lat="50.421829037368298" lon="11.542437979951501">
        <ele>680.29999999999995</ele>
      </trkpt>
      <trkpt lat="50.421758964657784" lon="11.541773965582252">
        <ele>680.39999999999998</ele>
      </trkpt>
      <trkpt lat="50.421689981594682" lon="11.541110035032034">
        <ele>680.29999999999995</ele>
      </trkpt>
      <trkpt lat="50.421626027673483" lon="11.540827983990312">
        <ele>680.29999999999995</ele>
      </trkpt>
      <trkpt lat="50.421544974669814" lon="11.540589015930891">
        <ele>680.39999999999998</ele>
      </trkpt>
      <trkpt lat="50.421371972188354" lon="11.540144020691514">
        <ele>680.60000000000002</ele>
      </trkpt>
      <trkpt lat="50.421197963878512" lon="11.539699025452137">
        <ele>680.79999999999995</ele>
      </trkpt>
      <trkpt lat="50.421024961397052" lon="11.53925403021276">
        <ele>681.10000000000002</ele>
      </trkpt>
      <trkpt lat="50.420962013304234" lon="11.539057977497578">
        <ele>681.29999999999995</ele>
      </trkpt>
      <trkpt lat="50.420829998329282" lon="11.538681965321302">
        <ele>681.60000000000002</ele>
      </trkpt>
      <trkpt lat="50.420777024701238" lon="11.53839698061347">
        <ele>681.79999999999995</ele>
      </trkpt>
      <trkpt lat="50.420774007216096" lon="11.537821982055902">
        <ele>682.20000000000005</ele>
      </trkpt>
      <trkpt lat="50.420770989730954" lon="11.537245977669954">
        <ele>682.79999999999995</ele>
      </trkpt>
      <trkpt lat="50.420766966417432" lon="11.536670979112387">
        <ele>684.10000000000002</ele>
      </trkpt>
      <trkpt lat="50.420764032751322" lon="11.536094974726439">
        <ele>685.89999999999998</ele>
      </trkpt>
      <trkpt lat="50.420764032751322" lon="11.535964971408248">
        <ele>686</ele>
      </trkpt>
      <trkpt lat="50.420762021094561" lon="11.535439006984234">
        <ele>685.70000000000005</ele>
      </trkpt>
      <trkpt lat="50.420760009437799" lon="11.534912036731839">
        <ele>685.89999999999998</ele>
      </trkpt>
      <trkpt lat="50.420756991952658" lon="11.534385988488793">
        <ele>685.79999999999995</ele>
      </trkpt>
      <trkpt lat="50.420757997781038" lon="11.534038977697492">
        <ele>685.70000000000005</ele>
      </trkpt>
      <trkpt lat="50.420747017487884" lon="11.533649973571301">
        <ele>685.60000000000002</ele>
      </trkpt>
      <trkpt lat="50.420739976689219" lon="11.533444030210376">
        <ele>685.20000000000005</ele>
      </trkpt>
      <trkpt lat="50.420721033588052" lon="11.533082015812397">
        <ele>685.39999999999998</ele>
      </trkpt>
      <trkpt lat="50.420701000839472" lon="11.532718995586038">
        <ele>686.10000000000002</ele>
      </trkpt>
      <trkpt lat="50.420664036646485" lon="11.532344995066524">
        <ele>687</ele>
      </trkpt>
      <trkpt lat="50.420545013621449" lon="11.53186303563416">
        <ele>688.29999999999995</ele>
      </trkpt>
      <trkpt lat="50.420340998098254" lon="11.531547037884593">
        <ele>688.70000000000005</ele>
      </trkpt>
      <trkpt lat="50.420163972303271" lon="11.531389961019158">
        <ele>689</ele>
      </trkpt>
      <trkpt lat="50.419911006465554" lon="11.53117697685957">
        <ele>689.79999999999995</ele>
      </trkpt>
      <trkpt lat="50.419658962637186" lon="11.530963992699981">
        <ele>691.10000000000002</ele>
      </trkpt>
      <trkpt lat="50.41945000179112" lon="11.530744973570108">
        <ele>692.60000000000002</ele>
      </trkpt>
      <trkpt lat="50.419249003753066" lon="11.530491001904011">
        <ele>694.70000000000005</ele>
      </trkpt>
      <trkpt lat="50.419049011543393" lon="11.530237030237913">
        <ele>696.79999999999995</ele>
      </trkpt>
      <trkpt lat="50.418797973543406" lon="11.530006024986506">
        <ele>697.70000000000005</ele>
      </trkpt>
      <trkpt lat="50.418686997145414" lon="11.529965037479997">
        <ele>698</ele>
      </trkpt>
      <trkpt lat="50.418869974091649" lon="11.529378974810243">
        <ele>699.79999999999995</ele>
      </trkpt>
      <trkpt lat="50.419053034856915" lon="11.52879299595952">
        <ele>700.70000000000005</ele>
      </trkpt>
      <trkpt lat="50.419237017631531" lon="11.528207017108798">
        <ele>701.10000000000002</ele>
      </trkpt>
      <trkpt lat="50.419280016794801" lon="11.528070978820324">
        <ele>701.39999999999998</ele>
      </trkpt>
      <trkpt lat="50.419183038175106" lon="11.52793301269412">
        <ele>702</ele>
      </trkpt>
      <trkpt lat="50.419127969071269" lon="11.527688009664416">
        <ele>702.5</ele>
      </trkpt>
      <trkpt lat="50.419011041522026" lon="11.527434037998319">
        <ele>702.89999999999998</ele>
      </trkpt>
      <trkpt lat="50.41902001015842" lon="11.527300011366606">
        <ele>703</ele>
      </trkpt>
      <trkpt lat="50.419297032058239" lon="11.527101024985313">
        <ele>702.79999999999995</ele>
      </trkpt>
      <trkpt lat="50.419442960992455" lon="11.526899021118879">
        <ele>702.79999999999995</ele>
      </trkpt>
      <trkpt lat="50.419589979574084" lon="11.526428963989019">
        <ele>702.89999999999998</ele>
      </trkpt>
      <trkpt lat="50.419735992327332" lon="11.525958990678191">
        <ele>702.79999999999995</ele>
      </trkpt>
      <trkpt lat="50.419931039214134" lon="11.52535499073565">
        <ele>702.39999999999998</ele>
      </trkpt>
      <trkpt lat="50.420126002281904" lon="11.52475199662149">
        <ele>701.89999999999998</ele>
      </trkpt>
      <trkpt lat="50.420320965349674" lon="11.524147996678948">
        <ele>701.29999999999995</ele>
      </trkpt>
      <trkpt lat="50.420516012236476" lon="11.523543996736407">
        <ele>700.5</ele>
      </trkpt>
      <trkpt lat="50.420710975304246" lon="11.522941002622247">
        <ele>699.60000000000002</ele>
      </trkpt>
      <trkpt lat="50.420906022191048" lon="11.522337002679706">
        <ele>699.5</ele>
      </trkpt>
      <trkpt lat="50.421100985258818" lon="11.521733002737164">
        <ele>700.10000000000002</ele>
      </trkpt>
      <trkpt lat="50.421296032145619" lon="11.521129002794623">
        <ele>700.89999999999998</ele>
      </trkpt>
      <trkpt lat="50.421489989385009" lon="11.520526008680463">
        <ele>702</ele>
      </trkpt>
      <trkpt lat="50.421685036271811" lon="11.519922008737922">
        <ele>703.60000000000002</ele>
      </trkpt>
      <trkpt lat="50.421879999339581" lon="11.519318008795381">
        <ele>705</ele>
      </trkpt>
      <trkpt lat="50.422074962407351" lon="11.51871501468122">
        <ele>706.20000000000005</ele>
      </trkpt>
      <trkpt lat="50.422270009294152" lon="11.518111014738679">
        <ele>707.39999999999998</ele>
      </trkpt>
      <trkpt lat="50.422464972361922" lon="11.517507014796138">
        <ele>709.10000000000002</ele>
      </trkpt>
      <trkpt lat="50.422660019248724" lon="11.516903014853597">
        <ele>711.20000000000005</ele>
      </trkpt>
      <trkpt lat="50.422705030068755" lon="11.516762031242251">
        <ele>711.70000000000005</ele>
      </trkpt>
      <trkpt lat="50.422891024500132" lon="11.516161970794201">
        <ele>713.29999999999995</ele>
      </trkpt>
      <trkpt lat="50.423077018931508" lon="11.515561994165182">
        <ele>714</ele>
      </trkpt>
      <trkpt lat="50.423263013362885" lon="11.514962017536163">
        <ele>714.20000000000005</ele>
      </trkpt>
      <trkpt lat="50.423449007794261" lon="11.514362040907145">
        <ele>714.10000000000002</ele>
      </trkpt>
      <trkpt lat="50.423635002225637" lon="11.513761980459094">
        <ele>713.60000000000002</ele>
      </trkpt>
      <trkpt lat="50.423819990828633" lon="11.513162003830075">
        <ele>713.10000000000002</ele>
      </trkpt>
      <trkpt lat="50.424013026058674" lon="11.512552974745631">
        <ele>712.70000000000005</ele>
      </trkpt>
      <trkpt lat="50.424204971641302" lon="11.511944029480219">
        <ele>712.20000000000005</ele>
      </trkpt>
      <trkpt lat="50.424397001042962" lon="11.511335000395775">
        <ele>711.5</ele>
      </trkpt>
      <trkpt lat="50.424590036273003" lon="11.510725971311331">
        <ele>710.79999999999995</ele>
      </trkpt>
      <trkpt lat="50.424781981855631" lon="11.510117026045918">
        <ele>710.10000000000002</ele>
      </trkpt>
      <trkpt lat="50.42488600127399" lon="11.50977898389101">
        <ele>709.89999999999998</ele>
      </trkpt>
      <trkpt lat="50.42507903650403" lon="11.509181018918753">
        <ele>709.5</ele>
      </trkpt>
      <trkpt lat="50.425271987915039" lon="11.508582970127463">
        <ele>709</ele>
      </trkpt>
      <trkpt lat="50.425464017316699" lon="11.507985005155206">
        <ele>710.20000000000005</ele>
      </trkpt>
      <trkpt lat="50.425644982606173" lon="11.507399026304483">
        <ele>710.89999999999998</ele>
      </trkpt>
      <trkpt lat="50.425826031714678" lon="11.50681396946311">
        <ele>711.79999999999995</ele>
      </trkpt>
      <trkpt lat="50.426006997004151" lon="11.506227990612388">
        <ele>713.10000000000002</ele>
      </trkpt>
      <trkpt lat="50.426187962293625" lon="11.505643017590046">
        <ele>714.89999999999998</ele>
      </trkpt>
      <trkpt lat="50.42636901140213" lon="11.505057038739324">
        <ele>716.60000000000002</ele>
      </trkpt>
      <trkpt lat="50.42636901140213" lon="11.504627969115973">
        <ele>717.20000000000005</ele>
      </trkpt>
      <trkpt lat="50.42636800557375" lon="11.504198983311653">
        <ele>717.79999999999995</ele>
      </trkpt>
      <trkpt lat="50.426342021673918" lon="11.503506973385811">
        <ele>717.70000000000005</ele>
      </trkpt>
      <trkpt lat="50.426316037774086" lon="11.50281404145062">
        <ele>717.89999999999998</ele>
      </trkpt>
      <trkpt lat="50.426312014460564" lon="11.502508018165827">
        <ele>717.60000000000002</ele>
      </trkpt>
      <trkpt lat="50.426342021673918" lon="11.502271983772516">
        <ele>717.29999999999995</ele>
      </trkpt>
      <trkpt lat="50.4264120105654" lon="11.502126976847649">
        <ele>717</ele>
      </trkpt>
      <trkpt lat="50.426507983356714" lon="11.502058999612927">
        <ele>716.89999999999998</ele>
      </trkpt>
      <trkpt lat="50.426824986934662" lon="11.502441968768835">
        <ele>718.39999999999998</ele>
      </trkpt>
      <trkpt lat="50.427008969709277" lon="11.502712033689022">
        <ele>719.29999999999995</ele>
      </trkpt>
      <trkpt lat="50.427193958312273" lon="11.502983020618558">
        <ele>720.29999999999995</ele>
      </trkpt>
      <trkpt lat="50.427366960793734" lon="11.502528972923756">
        <ele>719.89999999999998</ele>
      </trkpt>
      <trkpt lat="50.427539041265845" lon="11.502075009047985">
        <ele>718</ele>
      </trkpt>
      <trkpt lat="50.427621016278863" lon="11.501939976587892">
        <ele>716.89999999999998</ele>
      </trkpt>
      <trkpt lat="50.427865013480186" lon="11.501667983829975">
        <ele>713.39999999999998</ele>
      </trkpt>
      <trkpt lat="50.428173970431089" lon="11.501301024109125">
        <ele>708.39999999999998</ele>
      </trkpt>
      <trkpt lat="50.428373040631413" lon="11.501061972230673">
        <ele>705.70000000000005</ele>
      </trkpt>
      <trkpt lat="50.42858200147748" lon="11.500746980309486">
        <ele>703</ele>
      </trkpt>
      <trkpt lat="50.428763972595334" lon="11.50058202445507">
        <ele>701.60000000000002</ele>
      </trkpt>
      <trkpt lat="50.429069995880127" lon="11.500079026445746">
        <ele>698.5</ele>
      </trkpt>
      <trkpt lat="50.429292032495141" lon="11.499782977625728">
        <ele>697</ele>
      </trkpt>
      <trkpt lat="50.429513985291123" lon="11.499487012624741">
        <ele>695.79999999999995</ele>
      </trkpt>
      <trkpt lat="50.429640971124172" lon="11.499333037063479">
        <ele>695.29999999999995</ele>
      </trkpt>
      <trkpt lat="50.42987197637558" lon="11.499049980193377">
        <ele>694.70000000000005</ele>
      </trkpt>
      <trkpt lat="50.430031986907125" lon="11.498728031292558">
        <ele>694.29999999999995</ele>
      </trkpt>
      <trkpt lat="50.4301299713552" lon="11.498625017702579">
        <ele>694.70000000000005</ele>
      </trkpt>
      <trkpt lat="50.430245976895094" lon="11.49869098328054">
        <ele>695.60000000000002</ele>
      </trkpt>
      <trkpt lat="50.43047396466136" lon="11.498638009652495">
        <ele>696.89999999999998</ele>
      </trkpt>
      <trkpt lat="50.430819969624281" lon="11.498502977192402">
        <ele>698.29999999999995</ele>
      </trkpt>
      <trkpt lat="50.430949972942472" lon="11.498442040756345">
        <ele>698.79999999999995</ele>
      </trkpt>
      <trkpt lat="50.431218026205897" lon="11.498292004689574">
        <ele>699.39999999999998</ele>
      </trkpt>
      <trkpt lat="50.431484989821911" lon="11.498142974451184">
        <ele>699.89999999999998</ele>
      </trkpt>
      <trkpt lat="50.431701997295022" lon="11.497963014990091">
        <ele>700</ele>
      </trkpt>
      <trkpt lat="50.431920010596514" lon="11.497783977538347">
        <ele>700.29999999999995</ele>
      </trkpt>
      <trkpt lat="50.43225696310401" lon="11.497455993667245">
        <ele>699.79999999999995</ele>
      </trkpt>
      <trkpt lat="50.432593999430537" lon="11.497129015624523">
        <ele>698.89999999999998</ele>
      </trkpt>
      <trkpt lat="50.432818969711661" lon="11.496816035360098">
        <ele>698</ele>
      </trkpt>
      <trkpt lat="50.433044023811817" lon="11.496503977105021">
        <ele>696.79999999999995</ele>
      </trkpt>
      <trkpt lat="50.433277040719986" lon="11.49624103680253">
        <ele>695.60000000000002</ele>
      </trkpt>
      <trkpt lat="50.433508967980742" lon="11.495979018509388">
        <ele>694.10000000000002</ele>
      </trkpt>
      <trkpt lat="50.433697979897261" lon="11.495752036571503">
        <ele>693.10000000000002</ele>
      </trkpt>
      <trkpt lat="50.433795964345336" lon="11.495521031320095">
        <ele>692.39999999999998</ele>
      </trkpt>
      <trkpt lat="50.433809040114284" lon="11.495454981923103">
        <ele>692.20000000000005</ele>
      </trkpt>
      <trkpt lat="50.433708038181067" lon="11.495056003332138">
        <ele>691.79999999999995</ele>
      </trkpt>
      <trkpt lat="50.433607036247849" lon="11.494657024741173">
        <ele>691.70000000000005</ele>
      </trkpt>
      <trkpt lat="50.433478960767388" lon="11.494274977594614">
        <ele>691.60000000000002</ele>
      </trkpt>
      <trkpt lat="50.43335197493434" lon="11.493893014267087">
        <ele>691.29999999999995</ele>
      </trkpt>
      <trkpt lat="50.433322973549366" lon="11.493725962936878">
        <ele>691</ele>
      </trkpt>
      <trkpt lat="50.433384999632835" lon="11.49314995855093">
        <ele>689</ele>
      </trkpt>
      <trkpt lat="50.433525983244181" lon="11.492737988010049">
        <ele>687.10000000000002</ele>
      </trkpt>
      <trkpt lat="50.433666966855526" lon="11.492326017469168">
        <ele>685.29999999999995</ele>
      </trkpt>
      <trkpt lat="50.433772997930646" lon="11.49196500889957">
        <ele>683.79999999999995</ele>
      </trkpt>
      <trkpt lat="50.433880034834146" lon="11.491604000329971">
        <ele>682.29999999999995</ele>
      </trkpt>
      <trkpt lat="50.434053959324956" lon="11.49114802479744">
        <ele>680.20000000000005</ele>
      </trkpt>
      <trkpt lat="50.434228973463178" lon="11.490692971274257">
        <ele>678.10000000000002</ele>
      </trkpt>
      <trkpt lat="50.434395018965006" lon="11.490181004628539">
        <ele>675.5</ele>
      </trkpt>
      <trkpt lat="50.434561986476183" lon="11.489669037982821">
        <ele>672.60000000000002</ele>
      </trkpt>
      <trkpt lat="50.434649996459484" lon="11.489199986681342">
        <ele>670.5</ele>
      </trkpt>
      <trkpt lat="50.434738006442785" lon="11.488731019198895">
        <ele>668.5</ele>
      </trkpt>
      <trkpt lat="50.434833979234099" lon="11.488158032298088">
        <ele>666.20000000000005</ele>
      </trkpt>
      <trkpt lat="50.434856023639441" lon="11.487912023440003">
        <ele>665.70000000000005</ele>
      </trkpt>
      <trkpt lat="50.434897011145949" lon="11.487436015158892">
        <ele>665.5</ele>
      </trkpt>
      <trkpt lat="50.434939004480839" lon="11.486959001049399">
        <ele>665.79999999999995</ele>
      </trkpt>
      <trkpt lat="50.434980997815728" lon="11.486482992768288">
        <ele>665.60000000000002</ele>
      </trkpt>
      <trkpt lat="50.435078982263803" lon="11.48601695895195">
        <ele>663.10000000000002</ele>
      </trkpt>
      <trkpt lat="50.435176966711879" lon="11.485552014783025">
        <ele>660.5</ele>
      </trkpt>
      <trkpt lat="50.435302024707198" lon="11.485038036480546">
        <ele>658.20000000000005</ele>
      </trkpt>
      <trkpt lat="50.435428004711866" lon="11.484523974359035">
        <ele>656.39999999999998</ele>
      </trkpt>
      <trkpt lat="50.43543697334826" lon="11.484343009069562">
        <ele>656</ele>
      </trkpt>
      <trkpt lat="50.435446025803685" lon="11.483797011896968">
        <ele>654.29999999999995</ele>
      </trkpt>
      <trkpt lat="50.435380982235074" lon="11.483432985842228">
        <ele>653.39999999999998</ele>
      </trkpt>
      <trkpt lat="50.435252990573645" lon="11.482984973117709">
        <ele>652.89999999999998</ele>
      </trkpt>
      <trkpt lat="50.435124998912215" lon="11.482536038383842">
        <ele>652.20000000000005</ele>
      </trkpt>
      <trkpt lat="50.435077976435423" lon="11.482196990400553">
        <ele>650.70000000000005</ele>
      </trkpt>
      <trkpt lat="50.434988038614392" lon="11.48186800070107">
        <ele>649.60000000000002</ele>
      </trkpt>
      <trkpt lat="50.434873038902879" lon="11.481612017378211">
        <ele>649.29999999999995</ele>
      </trkpt>
      <trkpt lat="50.434819981455803" lon="11.481151012703776">
        <ele>645.29999999999995</ele>
      </trkpt>
      <trkpt lat="50.434711016714573" lon="11.480733007192612">
        <ele>642.10000000000002</ele>
      </trkpt>
      <trkpt lat="50.434716967865825" lon="11.480504013597965">
        <ele>639.60000000000002</ele>
      </trkpt>
      <trkpt lat="50.434753010049462" lon="11.48017100058496">
        <ele>636.89999999999998</ele>
      </trkpt>
      <trkpt lat="50.434802966192365" lon="11.479774033650756">
        <ele>636.79999999999995</ele>
      </trkpt>
      <trkpt lat="50.434849988669157" lon="11.479529030621052">
        <ele>637.20000000000005</ele>
      </trkpt>
      <trkpt lat="50.434948978945613" lon="11.479085041210055">
        <ele>638.70000000000005</ele>
      </trkpt>
      <trkpt lat="50.435080993920565" lon="11.478626970201731">
        <ele>642.60000000000002</ele>
      </trkpt>
      <trkpt lat="50.435214014723897" lon="11.478168983012438">
        <ele>644.70000000000005</ele>
      </trkpt>
      <trkpt lat="50.435352986678481" lon="11.477736979722977">
        <ele>645.29999999999995</ele>
      </trkpt>
      <trkpt lat="50.435391962528229" lon="11.477454006671906">
        <ele>646.60000000000002</ele>
      </trkpt>
      <trkpt lat="50.435409983620048" lon="11.477069025859237">
        <ele>649.20000000000005</ele>
      </trkpt>
      <trkpt lat="50.435370001941919" lon="11.476435018703341">
        <ele>654.39999999999998</ele>
      </trkpt>
      <trkpt lat="50.435286015272141" lon="11.475763963535428">
        <ele>661.29999999999995</ele>
      </trkpt>
      <trkpt lat="50.435201022773981" lon="11.475092992186546">
        <ele>667.89999999999998</ele>
      </trkpt>
      <trkpt lat="50.435117036104202" lon="11.474422020837665">
        <ele>674.60000000000002</ele>
      </trkpt>
      <trkpt lat="50.435032965615392" lon="11.473750965669751">
        <ele>681</ele>
      </trkpt>
      <trkpt lat="50.434947973117232" lon="11.473079994320869">
        <ele>688.39999999999998</ele>
      </trkpt>
      <trkpt lat="50.434863986447453" lon="11.472409022971988">
        <ele>695.39999999999998</ele>
      </trkpt>
      <trkpt lat="50.434815036132932" lon="11.472037034109235">
        <ele>698.89999999999998</ele>
      </trkpt>
      <trkpt lat="50.434764996170998" lon="11.471664039418101">
        <ele>701.5</ele>
      </trkpt>
      <trkpt lat="50.434801038354635" lon="11.471080994233489">
        <ele>704.5</ele>
      </trkpt>
      <trkpt lat="50.434836996719241" lon="11.470497027039528">
        <ele>706.29999999999995</ele>
      </trkpt>
      <trkpt lat="50.434873038902879" lon="11.469912976026535">
        <ele>708</ele>
      </trkpt>
      <trkpt lat="50.434944033622742" lon="11.469505028799176">
        <ele>708.5</ele>
      </trkpt>
      <trkpt lat="50.435020979493856" lon="11.469243010506034">
        <ele>708.60000000000002</ele>
      </trkpt>
      <trkpt lat="50.435068001970649" lon="11.469164974987507">
        <ele>708.5</ele>
      </trkpt>
      <trkpt lat="50.435076970607042" lon="11.469074031338096">
        <ele>708.60000000000002</ele>
      </trkpt>
      <trkpt lat="50.435095997527242" lon="11.468973029404879">
        <ele>708.60000000000002</ele>
      </trkpt>
      <trkpt lat="50.435146959498525" lon="11.469000019133091">
        <ele>708.39999999999998</ele>
      </trkpt>
      <trkpt lat="50.435459017753601" lon="11.469136979430914">
        <ele>707</ele>
      </trkpt>
      <trkpt lat="50.435725981369615" lon="11.469263965263963">
        <ele>706.10000000000002</ele>
      </trkpt>
      <trkpt lat="50.436041979119182" lon="11.469403021037579">
        <ele>704.89999999999998</ele>
      </trkpt>
      <trkpt lat="50.436327969655395" lon="11.469519026577473">
        <ele>703.79999999999995</ele>
      </trkpt>
      <trkpt lat="50.436613038182259" lon="11.469634026288986">
        <ele>703.10000000000002</ele>
      </trkpt>
      <trkpt lat="50.437014028429985" lon="11.469722958281636">
        <ele>702.79999999999995</ele>
      </trkpt>
      <trkpt lat="50.43717403896153" lon="11.46970602683723">
        <ele>702.79999999999995</ele>
      </trkpt>
      <trkpt lat="50.437286021187901" lon="11.46966302767396">
        <ele>702.89999999999998</ele>
      </trkpt>
      <trkpt lat="50.437431028112769" lon="11.469553979113698">
        <ele>703</ele>
      </trkpt>
      <trkpt lat="50.437639988958836" lon="11.469270000234246">
        <ele>703.20000000000005</ele>
      </trkpt>
      <trkpt lat="50.437821038067341" lon="11.468945033848286">
        <ele>703.10000000000002</ele>
      </trkpt>
      <trkpt lat="50.438000997528434" lon="11.468620989471674">
        <ele>703.20000000000005</ele>
      </trkpt>
      <trkpt lat="50.438212975859642" lon="11.468219999223948">
        <ele>703.29999999999995</ele>
      </trkpt>
      <trkpt lat="50.43831498362124" lon="11.468025958165526">
        <ele>703.29999999999995</ele>
      </trkpt>
      <trkpt lat="50.438478011637926" lon="11.467717001214623">
        <ele>703</ele>
      </trkpt>
      <trkpt lat="50.438640033826232" lon="11.467407960444689">
        <ele>703</ele>
      </trkpt>
      <trkpt lat="50.43880800716579" lon="11.467131022363901">
        <ele>703.39999999999998</ele>
      </trkpt>
      <trkpt lat="50.438847988843918" lon="11.467085005715489">
        <ele>703.5</ele>
      </trkpt>
      <trkpt lat="50.439114030450583" lon="11.466899011284113">
        <ele>704.89999999999998</ele>
      </trkpt>
      <trkpt lat="50.43951996602118" lon="11.466658031567931">
        <ele>706.89999999999998</ele>
      </trkpt>
      <trkpt lat="50.439805034548044" lon="11.466488968580961">
        <ele>708.10000000000002</ele>
      </trkpt>
      <trkpt lat="50.440223040059209" lon="11.466239020228386">
        <ele>709.39999999999998</ele>
      </trkpt>
      <trkpt lat="50.440641967579722" lon="11.465988988056779">
        <ele>710.39999999999998</ele>
      </trkpt>
      <trkpt lat="50.441060978919268" lon="11.465739039704204">
        <ele>710.89999999999998</ele>
      </trkpt>
      <trkpt lat="50.441478984430432" lon="11.465489007532597">
        <ele>711</ele>
      </trkpt>
      <trkpt lat="50.441897995769978" lon="11.46523897536099">
        <ele>711</ele>
      </trkpt>
      <trkpt lat="50.442317007109523" lon="11.464989027008414">
        <ele>710.79999999999995</ele>
      </trkpt>
      <trkpt lat="50.442596040666103" lon="11.464819964021444">
        <ele>710.60000000000002</ele>
      </trkpt>
      <trkpt lat="50.442873984575272" lon="11.464650984853506">
        <ele>710.5</ele>
      </trkpt>
      <trkpt lat="50.44325502589345" lon="11.464426014572382">
        <ele>710.5</ele>
      </trkpt>
      <trkpt lat="50.443634977564216" lon="11.464200960472226">
        <ele>710.5</ele>
      </trkpt>
      <trkpt lat="50.444015013054013" lon="11.463975990191102">
        <ele>710.39999999999998</ele>
      </trkpt>
      <trkpt lat="50.444036973640323" lon="11.463961992412806">
        <ele>710.29999999999995</ele>
      </trkpt>
      <trkpt lat="50.444449028000236" lon="11.463726041838527">
        <ele>710.20000000000005</ele>
      </trkpt>
      <trkpt lat="50.444862004369497" lon="11.463490007445216">
        <ele>710.5</ele>
      </trkpt>
      <trkpt lat="50.445273974910378" lon="11.463253973051906">
        <ele>711.5</ele>
      </trkpt>
      <trkpt lat="50.445686029270291" lon="11.463018022477627">
        <ele>712.89999999999998</ele>
      </trkpt>
      <trkpt lat="50.446097999811172" lon="11.462781988084316">
        <ele>714.29999999999995</ele>
      </trkpt>
      <trkpt lat="50.44605097733438" lon="11.462618038058281">
        <ele>714.39999999999998</ele>
      </trkpt>
      <trkpt lat="50.445947041735053" lon="11.462249988690019">
        <ele>714.70000000000005</ele>
      </trkpt>
      <trkpt lat="50.445758029818535" lon="11.461727041751146">
        <ele>714.79999999999995</ele>
      </trkpt>
      <trkpt lat="50.445569017902017" lon="11.461203005164862">
        <ele>715</ele>
      </trkpt>
      <trkpt lat="50.445381011813879" lon="11.460679974406958">
        <ele>715.39999999999998</ele>
      </trkpt>
      <trkpt lat="50.445191999897361" lon="11.460156021639705">
        <ele>716</ele>
      </trkpt>
      <trkpt lat="50.445003993809223" lon="11.45963198505342">
        <ele>715.89999999999998</ele>
      </trkpt>
      <trkpt lat="50.444821016862988" lon="11.459109038114548">
        <ele>716.20000000000005</ele>
      </trkpt>
      <trkpt lat="50.444638961926103" lon="11.458585001528263">
        <ele>716.60000000000002</ele>
      </trkpt>
      <trkpt lat="50.444455984979868" lon="11.458060964941978">
        <ele>717.10000000000002</ele>
      </trkpt>
      <trkpt lat="50.444274013862014" lon="11.457538018003106">
        <ele>717.60000000000002</ele>
      </trkpt>
      <trkpt lat="50.444091036915779" lon="11.457013981416821">
        <ele>718.20000000000005</ele>
      </trkpt>
      <trkpt lat="50.443999003618956" lon="11.456756992265582">
        <ele>718.39999999999998</ele>
      </trkpt>
      <trkpt lat="50.443791970610619" lon="11.456262962892652">
        <ele>718.60000000000002</ele>
      </trkpt>
      <trkpt lat="50.443586027249694" lon="11.455769017338753">
        <ele>718.70000000000005</ele>
      </trkpt>
      <trkpt lat="50.443380000069737" lon="11.455273982137442">
        <ele>718.89999999999998</ele>
      </trkpt>
      <trkpt lat="50.4431729670614" lon="11.454780036583543">
        <ele>719.20000000000005</ele>
      </trkpt>
      <trkpt lat="50.443005999550223" lon="11.454314002767205">
        <ele>720.10000000000002</ele>
      </trkpt>
      <trkpt lat="50.442838026210666" lon="11.453846963122487">
        <ele>720.89999999999998</ele>
      </trkpt>
      <trkpt lat="50.442669969052076" lon="11.453381013125181">
        <ele>721.70000000000005</ele>
      </trkpt>
      <trkpt lat="50.442443992942572" lon="11.452847002074122">
        <ele>722.10000000000002</ele>
      </trkpt>
      <trkpt lat="50.44228901155293" lon="11.45256201736629">
        <ele>721.89999999999998</ele>
      </trkpt>
      <trkpt lat="50.442059012129903" lon="11.452243002131581">
        <ele>720.60000000000002</ele>
      </trkpt>
      <trkpt lat="50.441915011033416" lon="11.451993975788355">
        <ele>720.10000000000002</ele>
      </trkpt>
      <trkpt lat="50.441729016602039" lon="11.451447978615761">
        <ele>720.39999999999998</ele>
      </trkpt>
      <trkpt lat="50.441544027999043" lon="11.450901981443167">
        <ele>720.5</ele>
      </trkpt>
      <trkpt lat="50.441359039396048" lon="11.450356990098953">
        <ele>720.79999999999995</ele>
      </trkpt>
      <trkpt lat="50.441172961145639" lon="11.449810992926359">
        <ele>721.29999999999995</ele>
      </trkpt>
      <trkpt lat="50.440997024998069" lon="11.449309000745416">
        <ele>721.89999999999998</ele>
      </trkpt>
      <trkpt lat="50.440822010859847" lon="11.448807008564472">
        <ele>722.5</ele>
      </trkpt>
      <trkpt lat="50.440796026960015" lon="11.448536021634936">
        <ele>722.89999999999998</ele>
      </trkpt>
      <trkpt lat="50.440887976437807" lon="11.447883993387222">
        <ele>723.89999999999998</ele>
      </trkpt>
      <trkpt lat="50.440994007512927" lon="11.447207992896438">
        <ele>723.79999999999995</ele>
      </trkpt>
      <trkpt lat="50.441100038588047" lon="11.446531992405653">
        <ele>723.39999999999998</ele>
      </trkpt>
      <trkpt lat="50.441205985844135" lon="11.445856997743249">
        <ele>722.79999999999995</ele>
      </trkpt>
      <trkpt lat="50.441253008320928" lon="11.445446033030748">
        <ele>722.39999999999998</ele>
      </trkpt>
      <trkpt lat="50.441347975283861" lon="11.444761985912919">
        <ele>722.20000000000005</ele>
      </trkpt>
      <trkpt lat="50.441394997760653" lon="11.444444982334971">
        <ele>722.29999999999995</ele>
      </trkpt>
      <trkpt lat="50.441487031057477" lon="11.443856991827488">
        <ele>722.89999999999998</ele>
      </trkpt>
      <trkpt lat="50.441577974706888" lon="11.443270007148385">
        <ele>723.79999999999995</ele>
      </trkpt>
      <trkpt lat="50.441670008003712" lon="11.442682016640902">
        <ele>724.79999999999995</ele>
      </trkpt>
      <trkpt lat="50.441761035472155" lon="11.442094026133418">
        <ele>725.89999999999998</ele>
      </trkpt>
      <trkpt lat="50.441852984949946" lon="11.441507041454315">
        <ele>727.29999999999995</ele>
      </trkpt>
      <trkpt lat="50.442020036280155" lon="11.441516010090709">
        <ele>727.39999999999998</ele>
      </trkpt>
      <trkpt lat="50.442381966859102" lon="11.441817004233599">
        <ele>727.10000000000002</ele>
      </trkpt>
      <trkpt lat="50.442743981257081" lon="11.442116992548108">
        <ele>727.5</ele>
      </trkpt>
      <trkpt lat="50.44310599565506" lon="11.442417986690998">
        <ele>728.20000000000005</ele>
      </trkpt>
      <trkpt lat="50.443469015881419" lon="11.442717975005507">
        <ele>729.20000000000005</ele>
      </trkpt>
      <trkpt lat="50.443831030279398" lon="11.443017963320017">
        <ele>730.5</ele>
      </trkpt>
      <trkpt lat="50.444192960858345" lon="11.443319041281939">
        <ele>732</ele>
      </trkpt>
      <trkpt lat="50.444554975256324" lon="11.443619029596448">
        <ele>733.89999999999998</ele>
      </trkpt>
      <trkpt lat="50.444897040724754" lon="11.443845005705953">
        <ele>735.39999999999998</ele>
      </trkpt>
      <trkpt lat="50.445240028202534" lon="11.444069975987077">
        <ele>736.5</ele>
      </trkpt>
      <trkpt lat="50.44553398154676" lon="11.444170977920294">
        <ele>736.70000000000005</ele>
      </trkpt>
      <trkpt lat="50.445828018710017" lon="11.444271979853511">
        <ele>736.79999999999995</ele>
      </trkpt>
      <trkpt lat="50.446103028953075" lon="11.444388991221786">
        <ele>736.89999999999998</ele>
      </trkpt>
      <trkpt lat="50.446378039196134" lon="11.44450499676168">
        <ele>737</ele>
      </trkpt>
      <trkpt lat="50.446498990058899" lon="11.444585965946317">
        <ele>737.29999999999995</ele>
      </trkpt>
      <trkpt lat="50.446810964494944" lon="11.444948986172676">
        <ele>739.5</ele>
      </trkpt>
      <trkpt lat="50.446982961148024" lon="11.445018975064158">
        <ele>739.20000000000005</ele>
      </trkpt>
      <trkpt lat="50.447246991097927" lon="11.445263978093863">
        <ele>739.79999999999995</ele>
      </trkpt>
      <trkpt lat="50.447512026876211" lon="11.445508981123567">
        <ele>740.10000000000002</ele>
      </trkpt>
      <trkpt lat="50.447746971622109" lon="11.445770999416709">
        <ele>740.70000000000005</ele>
      </trkpt>
      <trkpt lat="50.447982000187039" lon="11.446032011881471">
        <ele>741.39999999999998</ele>
      </trkpt>
      <trkpt lat="50.448145028203726" lon="11.446149023249745">
        <ele>741.20000000000005</ele>
      </trkpt>
      <trkpt lat="50.448338985443115" lon="11.446237033233047">
        <ele>740.29999999999995</ele>
      </trkpt>
      <trkpt lat="50.448518022894859" lon="11.446404000744224">
        <ele>739.60000000000002</ele>
      </trkpt>
      <trkpt lat="50.448788003996015" lon="11.446751011535525">
        <ele>738.60000000000002</ele>
      </trkpt>
      <trkpt lat="50.449056979268789" lon="11.447098022326827">
        <ele>738.10000000000002</ele>
      </trkpt>
      <trkpt lat="50.449258983135223" lon="11.447436986491084">
        <ele>738.70000000000005</ele>
      </trkpt>
      <trkpt lat="50.449585039168596" lon="11.447780979797244">
        <ele>738.89999999999998</ele>
      </trkpt>
      <trkpt lat="50.449813026934862" lon="11.447973009198904">
        <ele>739</ele>
      </trkpt>
      <trkpt lat="50.450041014701128" lon="11.448165038600564">
        <ele>739.39999999999998</ele>
      </trkpt>
      <trkpt lat="50.45038802549243" lon="11.44832999445498">
        <ele>739.10000000000002</ele>
      </trkpt>
      <trkpt lat="50.450734030455351" lon="11.448496039956808">
        <ele>738.89999999999998</ele>
      </trkpt>
      <trkpt lat="50.451149018481374" lon="11.44865102134645">
        <ele>738.20000000000005</ele>
      </trkpt>
      <trkpt lat="50.451563000679016" lon="11.448806002736092">
        <ele>737.5</ele>
      </trkpt>
      <trkpt lat="50.451955022290349" lon="11.449014041572809">
        <ele>737.29999999999995</ele>
      </trkpt>
      <trkpt lat="50.452346038073301" lon="11.449221996590495">
        <ele>737.10000000000002</ele>
      </trkpt>
      <trkpt lat="50.452737975865602" lon="11.449430035427213">
        <ele>736.79999999999995</ele>
      </trkpt>
      <trkpt lat="50.453129997476935" lon="11.449637990444899">
        <ele>736.5</ele>
      </trkpt>
      <trkpt lat="50.453522019088268" lon="11.449846029281616">
        <ele>736</ele>
      </trkpt>
      <trkpt lat="50.453914040699601" lon="11.450052978470922">
        <ele>734.89999999999998</ele>
      </trkpt>
      <trkpt lat="50.454191984608769" lon="11.450207959860563">
        <ele>734.20000000000005</ele>
      </trkpt>
      <trkpt lat="50.454470012336969" lon="11.450363025069237">
        <ele>733.5</ele>
      </trkpt>
      <trkpt lat="50.454793972894549" lon="11.450605010613799">
        <ele>733.29999999999995</ele>
      </trkpt>
      <trkpt lat="50.455118017271161" lon="11.450848001986742">
        <ele>733.39999999999998</ele>
      </trkpt>
      <trkpt lat="50.455462010577321" lon="11.45105998031795">
        <ele>733.29999999999995</ele>
      </trkpt>
      <trkpt lat="50.45578102581203" lon="11.451150001958013">
        <ele>732.29999999999995</ele>
      </trkpt>
      <trkpt lat="50.456100963056087" lon="11.451239017769694">
        <ele>731.79999999999995</ele>
      </trkpt>
      <trkpt lat="50.456419978290796" lon="11.451329039409757">
        <ele>731.60000000000002</ele>
      </trkpt>
      <trkpt lat="50.45666104182601" lon="11.451303977519274">
        <ele>730.60000000000002</ele>
      </trkpt>
      <trkpt lat="50.456902021542192" lon="11.451278999447823">
        <ele>729.89999999999998</ele>
      </trkpt>
      <trkpt lat="50.457121040672064" lon="11.451190989464521">
        <ele>728.79999999999995</ele>
      </trkpt>
      <trkpt lat="50.457341987639666" lon="11.451039025560021">
        <ele>727.39999999999998</ele>
      </trkpt>
      <trkpt lat="50.457624960690737" lon="11.450763009488583">
        <ele>725.60000000000002</ele>
      </trkpt>
      <trkpt lat="50.457907011732459" lon="11.450486993417144">
        <ele>724.5</ele>
      </trkpt>
      <trkpt lat="50.458104992285371" lon="11.450278032571077">
        <ele>723.89999999999998</ele>
      </trkpt>
      <trkpt lat="50.458359969779849" lon="11.450237967073917">
        <ele>724.29999999999995</ele>
      </trkpt>
      <trkpt lat="50.458614025264978" lon="11.450197985395789">
        <ele>724.70000000000005</ele>
      </trkpt>
      <trkpt lat="50.458835978060961" lon="11.45032798871398">
        <ele>725.70000000000005</ele>
      </trkpt>
      <trkpt lat="50.459200004115701" lon="11.450441982597113">
        <ele>726.70000000000005</ele>
      </trkpt>
      <trkpt lat="50.459427991881967" lon="11.450612973421812">
        <ele>727.5</ele>
      </trkpt>
      <trkpt lat="50.459689004346728" lon="11.450849007815123">
        <ele>728.39999999999998</ele>
      </trkpt>
      <trkpt lat="50.45995001681149" lon="11.451084036380053">
        <ele>729</ele>
      </trkpt>
      <trkpt lat="50.460211029276252" lon="11.451319986954331">
        <ele>729.20000000000005</ele>
      </trkpt>
      <trkpt lat="50.460432982072234" lon="11.45150899887085">
        <ele>729.10000000000002</ele>
      </trkpt>
      <trkpt lat="50.460655018687248" lon="11.451698010787368">
        <ele>728.79999999999995</ele>
      </trkpt>
      <trkpt lat="50.460894992575049" lon="11.451936978846788">
        <ele>728.39999999999998</ele>
      </trkpt>
      <trkpt lat="50.461150975897908" lon="11.452191034331918">
        <ele>727.79999999999995</ele>
      </trkpt>
      <trkpt lat="50.461406037211418" lon="11.452446011826396">
        <ele>727</ele>
      </trkpt>
      <trkpt lat="50.461662020534277" lon="11.452700989320874">
        <ele>726.10000000000002</ele>
      </trkpt>
      <trkpt lat="50.461867963895202" lon="11.452811965718865">
        <ele>724.89999999999998</ele>
      </trkpt>
      <trkpt lat="50.462083965539932" lon="11.453018998727202">
        <ele>724</ele>
      </trkpt>
      <trkpt lat="50.462299967184663" lon="11.453225025907159">
        <ele>723.20000000000005</ele>
      </trkpt>
      <trkpt lat="50.462552011013031" lon="11.453472962602973">
        <ele>722.60000000000002</ele>
      </trkpt>
      <trkpt lat="50.462803971022367" lon="11.453720983117819">
        <ele>722.20000000000005</ele>
      </trkpt>
      <trkpt lat="50.462901033461094" lon="11.453805975615978">
        <ele>722</ele>
      </trkpt>
      <trkpt lat="50.463042017072439" lon="11.453878981992602">
        <ele>721.5</ele>
      </trkpt>
      <trkpt lat="50.463439989835024" lon="11.453929021954536">
        <ele>719.29999999999995</ele>
      </trkpt>
      <trkpt lat="50.463652973994613" lon="11.453843023627996">
        <ele>717.70000000000005</ele>
      </trkpt>
      <trkpt lat="50.463911974802613" lon="11.453710002824664">
        <ele>715.60000000000002</ele>
      </trkpt>
      <trkpt lat="50.464171981438994" lon="11.453576982021332">
        <ele>713.60000000000002</ele>
      </trkpt>
      <trkpt lat="50.464342972263694" lon="11.453660968691111">
        <ele>713.29999999999995</ele>
      </trkpt>
      <trkpt lat="50.464541036635637" lon="11.453675972297788">
        <ele>712.5</ele>
      </trkpt>
      <trkpt lat="50.464823003858328" lon="11.453775968402624">
        <ele>711.79999999999995</ele>
      </trkpt>
      <trkpt lat="50.46508401632309" lon="11.45391502417624">
        <ele>711.10000000000002</ele>
      </trkpt>
      <trkpt lat="50.465326001867652" lon="11.454057013615966">
        <ele>710.39999999999998</ele>
      </trkpt>
      <trkpt lat="50.465566981583834" lon="11.454199003055692">
        <ele>709.60000000000002</ele>
      </trkpt>
      <trkpt lat="50.4659210331738" lon="11.454364964738488">
        <ele>708.10000000000002</ele>
      </trkpt>
      <trkpt lat="50.466276006773114" lon="11.454531010240316">
        <ele>706.29999999999995</ele>
      </trkpt>
      <trkpt lat="50.466629974544048" lon="11.454697977751493">
        <ele>704.10000000000002</ele>
      </trkpt>
      <trkpt lat="50.466984026134014" lon="11.454864023253322">
        <ele>701.70000000000005</ele>
      </trkpt>
      <trkpt lat="50.467120986431837" lon="11.454885983839631">
        <ele>700.70000000000005</ele>
      </trkpt>
      <trkpt lat="50.467432038858533" lon="11.455080024898052">
        <ele>698.60000000000002</ele>
      </trkpt>
      <trkpt lat="50.467560030519962" lon="11.455259984359145">
        <ele>697.60000000000002</ele>
      </trkpt>
      <trkpt lat="50.467990022152662" lon="11.455100979655981">
        <ele>694.10000000000002</ele>
      </trkpt>
      <trkpt lat="50.468419007956982" lon="11.454941974952817">
        <ele>690.29999999999995</ele>
      </trkpt>
      <trkpt lat="50.468848999589682" lon="11.454781964421272">
        <ele>686.5</ele>
      </trkpt>
      <trkpt lat="50.469278991222382" lon="11.454622959718108">
        <ele>682.70000000000005</ele>
      </trkpt>
      <trkpt lat="50.469716023653746" lon="11.454503014683723">
        <ele>679</ele>
      </trkpt>
      <trkpt lat="50.470152972266078" lon="11.454382985830307">
        <ele>675.10000000000002</ele>
      </trkpt>
      <trkpt lat="50.470347013324499" lon="11.454282989725471">
        <ele>673.29999999999995</ele>
      </trkpt>
      <trkpt lat="50.470720008015633" lon="11.454171007499099">
        <ele>670.20000000000005</ele>
      </trkpt>
      <trkpt lat="50.471093002706766" lon="11.454059025272727">
        <ele>667.60000000000002</ele>
      </trkpt>
      <trkpt lat="50.471500027924776" lon="11.453930027782917">
        <ele>665.10000000000002</ele>
      </trkpt>
      <trkpt lat="50.471871010959148" lon="11.453816033899784">
        <ele>662.89999999999998</ele>
      </trkpt>
      <trkpt lat="50.472242999821901" lon="11.453702962026">
        <ele>660.89999999999998</ele>
      </trkpt>
      <trkpt lat="50.472614988684654" lon="11.453588968142867">
        <ele>658.89999999999998</ele>
      </trkpt>
      <trkpt lat="50.472998041659594" lon="11.453515961766243">
        <ele>656.79999999999995</ele>
      </trkpt>
      <trkpt lat="50.473224017769098" lon="11.453458964824677">
        <ele>655.60000000000002</ele>
      </trkpt>
      <trkpt lat="50.473449993878603" lon="11.45340196788311">
        <ele>654.39999999999998</ele>
      </trkpt>
      <trkpt lat="50.473877973854542" lon="11.453290991485119">
        <ele>651.89999999999998</ele>
      </trkpt>
      <trkpt lat="50.474306037649512" lon="11.453179009258747">
        <ele>649.5</ele>
      </trkpt>
      <trkpt lat="50.474586999043822" lon="11.453178003430367">
        <ele>648.39999999999998</ele>
      </trkpt>
      <trkpt lat="50.475021013990045" lon="11.453098962083459">
        <ele>647.10000000000002</ele>
      </trkpt>
      <trkpt lat="50.475305998697877" lon="11.45294900983572">
        <ele>646.79999999999995</ele>
      </trkpt>
      <trkpt lat="50.475384034216404" lon="11.452547013759613">
        <ele>645.89999999999998</ele>
      </trkpt>
      <trkpt lat="50.475488975644112" lon="11.451995987445116">
        <ele>644.70000000000005</ele>
      </trkpt>
      <trkpt lat="50.475516971200705" lon="11.45185299217701">
        <ele>644.5</ele>
      </trkpt>
      <trkpt lat="50.475601041689515" lon="11.451559038832784">
        <ele>644.10000000000002</ele>
      </trkpt>
      <trkpt lat="50.47561596147716" lon="11.451415037736297">
        <ele>643.89999999999998</ele>
      </trkpt>
      <trkpt lat="50.475617973133922" lon="11.451183026656508">
        <ele>643.39999999999998</ele>
      </trkpt>
      <trkpt lat="50.475583020597696" lon="11.450856970623136">
        <ele>642.5</ele>
      </trkpt>
      <trkpt lat="50.475451005622745" lon="11.450311979278922">
        <ele>640.70000000000005</ele>
      </trkpt>
      <trkpt lat="50.475447988137603" lon="11.450104024261236">
        <ele>640.10000000000002</ele>
      </trkpt>
      <trkpt lat="50.475466009229422" lon="11.449664980173111">
        <ele>639.5</ele>
      </trkpt>
      <trkpt lat="50.475489981472492" lon="11.449196012690663">
        <ele>638.79999999999995</ele>
      </trkpt>
      <trkpt lat="50.475514037534595" lon="11.448726039379835">
        <ele>638.20000000000005</ele>
      </trkpt>
      <trkpt lat="50.475534992292523" lon="11.448366036638618">
        <ele>637.60000000000002</ele>
      </trkpt>
      <trkpt lat="50.475556030869484" lon="11.448005028069019">
        <ele>636.79999999999995</ele>
      </trkpt>
      <trkpt lat="50.47518496401608" lon="11.447919029742479">
        <ele>636.29999999999995</ele>
      </trkpt>
      <trkpt lat="50.475124027580023" lon="11.447423994541168">
        <ele>635.20000000000005</ele>
      </trkpt>
      <trkpt lat="50.475063007324934" lon="11.446928959339857">
        <ele>634.20000000000005</ele>
      </trkpt>
      <trkpt lat="50.475001987069845" lon="11.446435013785958">
        <ele>633.29999999999995</ele>
      </trkpt>
      <trkpt lat="50.474966028705239" lon="11.446125973016024">
        <ele>632.70000000000005</ele>
      </trkpt>
      <trkpt lat="50.474923029541969" lon="11.445731017738581">
        <ele>632</ele>
      </trkpt>
      <trkpt lat="50.474880030378699" lon="11.445335978642106">
        <ele>631.29999999999995</ele>
      </trkpt>
      <trkpt lat="50.474792020395398" lon="11.444731978699565">
        <ele>630.20000000000005</ele>
      </trkpt>
      <trkpt lat="50.474767964333296" lon="11.444541960954666">
        <ele>629.79999999999995</ele>
      </trkpt>
      <trkpt lat="50.474657993763685" lon="11.443885993212461">
        <ele>628.39999999999998</ele>
      </trkpt>
      <trkpt lat="50.474475016817451" lon="11.443262966349721">
        <ele>628.10000000000002</ele>
      </trkpt>
      <trkpt lat="50.474375020712614" lon="11.44298099912703">
        <ele>628.20000000000005</ele>
      </trkpt>
      <trkpt lat="50.474176034331322" lon="11.442441958934069">
        <ele>628.39999999999998</ele>
      </trkpt>
      <trkpt lat="50.4740010201931" lon="11.442027976736426">
        <ele>628.60000000000002</ele>
      </trkpt>
      <trkpt lat="50.473827011883259" lon="11.441615000367165">
        <ele>629.29999999999995</ele>
      </trkpt>
      <trkpt lat="50.473651997745037" lon="11.441202023997903">
        <ele>630.29999999999995</ele>
      </trkpt>
      <trkpt lat="50.473524006083608" lon="11.440912010148168">
        <ele>630.5</ele>
      </trkpt>
      <trkpt lat="50.473355026915669" lon="11.440452011302114">
        <ele>630.10000000000002</ele>
      </trkpt>
      <trkpt lat="50.47318696975708" lon="11.43999301828444">
        <ele>629.5</ele>
      </trkpt>
      <trkpt lat="50.473128966987133" lon="11.439718008041382">
        <ele>628.89999999999998</ele>
      </trkpt>
      <trkpt lat="50.473039029166102" lon="11.439282987266779">
        <ele>628.20000000000005</ele>
      </trkpt>
      <trkpt lat="50.472907014191151" lon="11.439244011417031">
        <ele>629.10000000000002</ele>
      </trkpt>
      <trkpt lat="50.472794026136398" lon="11.43913596868515">
        <ele>629.79999999999995</ele>
      </trkpt>
      <trkpt lat="50.472533013671637" lon="11.438604975119233">
        <ele>629.89999999999998</ele>
      </trkpt>
      <trkpt lat="50.472272001206875" lon="11.438073981553316">
        <ele>629.70000000000005</ele>
      </trkpt>
      <trkpt lat="50.472028004005551" lon="11.437678020447493">
        <ele>630.10000000000002</ele>
      </trkpt>
      <trkpt lat="50.471784006804228" lon="11.437282981351018">
        <ele>630.60000000000002</ele>
      </trkpt>
      <trkpt lat="50.471497010439634" lon="11.436888026073575">
        <ele>630.79999999999995</ele>
      </trkpt>
      <trkpt lat="50.47120900824666" lon="11.436493992805481">
        <ele>630.39999999999998</ele>
      </trkpt>
      <trkpt lat="50.470922011882067" lon="11.436099037528038">
        <ele>630.5</ele>
      </trkpt>
      <trkpt lat="50.470634009689093" lon="11.435705004259944">
        <ele>630.5</ele>
      </trkpt>
      <trkpt lat="50.470346007496119" lon="11.435309965163469">
        <ele>629.79999999999995</ele>
      </trkpt>
      <trkpt lat="50.470212986692786" lon="11.435263026505709">
        <ele>630.5</ele>
      </trkpt>
      <trkpt lat="50.469932025298476" lon="11.435280963778496">
        <ele>633.20000000000005</ele>
      </trkpt>
      <trkpt lat="50.469627007842064" lon="11.435398980975151">
        <ele>636.10000000000002</ele>
      </trkpt>
      <trkpt lat="50.46934001147747" lon="11.435578018426895">
        <ele>638.39999999999998</ele>
      </trkpt>
      <trkpt lat="50.469014961272478" lon="11.435855962336063">
        <ele>639.79999999999995</ele>
      </trkpt>
      <trkpt lat="50.468689994886518" lon="11.436133990064263">
        <ele>639.79999999999995</ele>
      </trkpt>
      <trkpt lat="50.468384977430105" lon="11.436451999470592">
        <ele>640.79999999999995</ele>
      </trkpt>
      <trkpt lat="50.468079959973693" lon="11.436769003048539">
        <ele>641.70000000000005</ele>
      </trkpt>
      <trkpt lat="50.467775026336312" lon="11.437087012454867">
        <ele>642.60000000000002</ele>
      </trkpt>
      <trkpt lat="50.467445030808449" lon="11.437470987439156">
        <ele>644.70000000000005</ele>
      </trkpt>
      <trkpt lat="50.467115035280585" lon="11.437854962423444">
        <ele>645.20000000000005</ele>
      </trkpt>
      <trkpt lat="50.466785039752722" lon="11.438239021226764">
        <ele>645</ele>
      </trkpt>
      <trkpt lat="50.466508017852902" lon="11.4384909812361">
        <ele>644.29999999999995</ele>
      </trkpt>
      <trkpt lat="50.466232001781464" lon="11.438744030892849">
        <ele>644.5</ele>
      </trkpt>
      <trkpt lat="50.465954979881644" lon="11.438996996730566">
        <ele>644.5</ele>
      </trkpt>
      <trkpt lat="50.465690027922392" lon="11.439209980890155">
        <ele>644.39999999999998</ele>
      </trkpt>
      <trkpt lat="50.465424992144108" lon="11.439422965049744">
        <ele>644.10000000000002</ele>
      </trkpt>
      <trkpt lat="50.465102037414908" lon="11.439626980572939">
        <ele>645</ele>
      </trkpt>
      <trkpt lat="50.464925011619925" lon="11.439695963636041">
        <ele>645.5</ele>
      </trkpt>
      <trkpt lat="50.464924005791545" lon="11.439695963636041">
        <ele>645.5</ele>
      </trkpt>
      <trkpt lat="50.46470096334815" lon="11.439664028584957">
        <ele>646.39999999999998</ele>
      </trkpt>
      <trkpt lat="50.464476998895407" lon="11.439631003886461">
        <ele>649.10000000000002</ele>
      </trkpt>
      <trkpt lat="50.464107021689415" lon="11.439469987526536">
        <ele>655.60000000000002</ele>
      </trkpt>
      <trkpt lat="50.463836034759879" lon="11.439302014186978">
        <ele>657.29999999999995</ele>
      </trkpt>
      <trkpt lat="50.463591031730175" lon="11.439137980341911">
        <ele>657.79999999999995</ele>
      </trkpt>
      <trkpt lat="50.463347034528852" lon="11.438973024487495">
        <ele>656.5</ele>
      </trkpt>
      <trkpt lat="50.46300102956593" lon="11.438741013407707">
        <ele>657.70000000000005</ele>
      </trkpt>
      <trkpt lat="50.463132038712502" lon="11.438238015398383">
        <ele>657.70000000000005</ele>
      </trkpt>
      <trkpt lat="50.46295803040266" lon="11.43791195936501">
        <ele>656.39999999999998</ele>
      </trkpt>
      <trkpt lat="50.462822997942567" lon="11.437659999355674">
        <ele>656.79999999999995</ele>
      </trkpt>
      <trkpt lat="50.46274202875793" lon="11.437311982735991">
        <ele>657.60000000000002</ele>
      </trkpt>
      <trkpt lat="50.462597021833062" lon="11.436905041337013">
        <ele>657.70000000000005</ele>
      </trkpt>
      <trkpt lat="50.462410021573305" lon="11.436270028352737">
        <ele>657.5</ele>
      </trkpt>
      <trkpt lat="50.462223021313548" lon="11.435636021196842">
        <ele>657.29999999999995</ele>
      </trkpt>
      <trkpt lat="50.462106009945273" lon="11.435256991535425">
        <ele>656.70000000000005</ele>
      </trkpt>
      <trkpt lat="50.462048007175326" lon="11.435145009309053">
        <ele>656.39999999999998</ele>
      </trkpt>
      <trkpt lat="50.461980029940605" lon="11.435069991275668">
        <ele>656.10000000000002</ele>
      </trkpt>
      <trkpt lat="50.46162698417902" lon="11.434847032651305">
        <ele>653.89999999999998</ele>
      </trkpt>
      <trkpt lat="50.461487006396055" lon="11.434621978551149">
        <ele>642.29999999999995</ele>
      </trkpt>
      <trkpt lat="50.461377035826445" lon="11.434261975809932">
        <ele>635.70000000000005</ele>
      </trkpt>
      <trkpt lat="50.461335964500904" lon="11.433765012770891">
        <ele>633.10000000000002</ele>
      </trkpt>
      <trkpt lat="50.461294976994395" lon="11.433268971741199">
        <ele>633.79999999999995</ele>
      </trkpt>
      <trkpt lat="50.461287014186382" lon="11.433089012280107">
        <ele>634</ele>
      </trkpt>
      <trkpt lat="50.461267987266183" lon="11.432810984551907">
        <ele>633.79999999999995</ele>
      </trkpt>
      <trkpt lat="50.461240997537971" lon="11.432201033458114">
        <ele>630.89999999999998</ele>
      </trkpt>
      <trkpt lat="50.461219036951661" lon="11.431538024917245">
        <ele>630.70000000000005</ele>
      </trkpt>
      <trkpt lat="50.461274022236466" lon="11.431450014933944">
        <ele>630.79999999999995</ele>
      </trkpt>
      <trkpt lat="50.461429003626108" lon="11.431105015799403">
        <ele>630.60000000000002</ele>
      </trkpt>
      <trkpt lat="50.461584990844131" lon="11.430759010836482">
        <ele>631.60000000000002</ele>
      </trkpt>
      <trkpt lat="50.461596976965666" lon="11.430736966431141">
        <ele>631.60000000000002</ele>
      </trkpt>
      <trkpt lat="50.461810966953635" lon="11.430220976471901">
        <ele>632.79999999999995</ele>
      </trkpt>
      <trkpt lat="50.462025040760636" lon="11.429705992341042">
        <ele>630.79999999999995</ele>
      </trkpt>
      <trkpt lat="50.462212041020393" lon="11.429295027628541">
        <ele>626.10000000000002</ele>
      </trkpt>
      <trkpt lat="50.46239904128015" lon="11.428882973268628">
        <ele>619.70000000000005</ele>
      </trkpt>
      <trkpt lat="50.46261596493423" lon="11.428575022146106">
        <ele>616.5</ele>
      </trkpt>
      <trkpt lat="50.462247999384999" lon="11.428602011874318">
        <ele>619.79999999999995</ele>
      </trkpt>
      <trkpt lat="50.461879028007388" lon="11.428630007430911">
        <ele>622.89999999999998</ele>
      </trkpt>
      <trkpt lat="50.461496980860829" lon="11.428702007979155">
        <ele>626.29999999999995</ele>
      </trkpt>
      <trkpt lat="50.461233034729958" lon="11.42886403016746">
        <ele>628.5</ele>
      </trkpt>
      <trkpt lat="50.460969004780054" lon="11.429025968536735">
        <ele>629.5</ele>
      </trkpt>
      <trkpt lat="50.46070396900177" lon="11.429131999611855">
        <ele>630.20000000000005</ele>
      </trkpt>
      <trkpt lat="50.460343966260552" lon="11.429047007113695">
        <ele>630.70000000000005</ele>
      </trkpt>
      <trkpt lat="50.459983963519335" lon="11.428962014615536">
        <ele>632.39999999999998</ele>
      </trkpt>
      <trkpt lat="50.459749018773437" lon="11.428961008787155">
        <ele>633.60000000000002</ele>
      </trkpt>
      <trkpt lat="50.459512984380126" lon="11.428961008787155">
        <ele>635.10000000000002</ele>
      </trkpt>
      <trkpt lat="50.459404019638896" lon="11.428814996033907">
        <ele>637.20000000000005</ele>
      </trkpt>
      <trkpt lat="50.459131021052599" lon="11.42882295884192">
        <ele>639.20000000000005</ele>
      </trkpt>
      <trkpt lat="50.45887797139585" lon="11.428764034062624">
        <ele>641</ele>
      </trkpt>
      <trkpt lat="50.458637997508049" lon="11.428661020472646">
        <ele>642.20000000000005</ele>
      </trkpt>
      <trkpt lat="50.458341026678681" lon="11.428428003564477">
        <ele>643.10000000000002</ele>
      </trkpt>
      <trkpt lat="50.458200965076685" lon="11.428286014124751">
        <ele>643.29999999999995</ele>
      </trkpt>
      <trkpt lat="50.458002984523773" lon="11.428018966689706">
        <ele>643.29999999999995</ele>
      </trkpt>
      <trkpt lat="50.4578029923141" lon="11.427700035274029">
        <ele>643.20000000000005</ele>
      </trkpt>
      <trkpt lat="50.457519013434649" lon="11.427225032821298">
        <ele>643.89999999999998</ele>
      </trkpt>
      <trkpt lat="50.457235034555197" lon="11.426750030368567">
        <ele>645.79999999999995</ele>
      </trkpt>
      <trkpt lat="50.456949966028333" lon="11.426275027915835">
        <ele>647.39999999999998</ele>
      </trkpt>
      <trkpt lat="50.456665987148881" lon="11.425799019634724">
        <ele>649</ele>
      </trkpt>
      <trkpt lat="50.456382008269429" lon="11.425324017181993">
        <ele>650.20000000000005</ele>
      </trkpt>
      <trkpt lat="50.456097023561597" lon="11.424849014729261">
        <ele>651.39999999999998</ele>
      </trkpt>
      <trkpt lat="50.455812960863113" lon="11.42437401227653">
        <ele>653.60000000000002</ele>
      </trkpt>
      <trkpt lat="50.455550020560622" lon="11.423933962360024">
        <ele>656.5</ele>
      </trkpt>
      <trkpt lat="50.455286996439099" lon="11.42349399626255">
        <ele>659.70000000000005</ele>
      </trkpt>
      <trkpt lat="50.455024978145957" lon="11.423054030165076">
        <ele>662.79999999999995</ele>
      </trkpt>
      <trkpt lat="50.454762037843466" lon="11.42261398024857">
        <ele>665.29999999999995</ele>
      </trkpt>
      <trkpt lat="50.454499013721943" lon="11.422174014151096">
        <ele>666.70000000000005</ele>
      </trkpt>
      <trkpt lat="50.45423598960042" lon="11.421734970062971">
        <ele>666.60000000000002</ele>
      </trkpt>
      <trkpt lat="50.454059969633818" lon="11.421506982296705">
        <ele>666.5</ele>
      </trkpt>
      <trkpt lat="50.453884033486247" lon="11.421278994530439">
        <ele>666</ele>
      </trkpt>
      <trkpt lat="50.453596031293273" lon="11.421003984287381">
        <ele>666.39999999999998</ele>
      </trkpt>
      <trkpt lat="50.453380029648542" lon="11.420844979584217">
        <ele>667.39999999999998</ele>
      </trkpt>
      <trkpt lat="50.453165033832192" lon="11.420686980709434">
        <ele>668.10000000000002</ele>
      </trkpt>
      <trkpt lat="50.452962024137378" lon="11.420561000704765">
        <ele>668.70000000000005</ele>
      </trkpt>
      <trkpt lat="50.452694976702332" lon="11.420459998771548">
        <ele>670.29999999999995</ele>
      </trkpt>
      <trkpt lat="50.4524290189147" lon="11.420357991009951">
        <ele>671.60000000000002</ele>
      </trkpt>
      <trkpt lat="50.452038003131747" lon="11.420179037377238">
        <ele>672.79999999999995</ele>
      </trkpt>
      <trkpt lat="50.451646987348795" lon="11.419998994097114">
        <ele>673.60000000000002</ele>
      </trkpt>
      <trkpt lat="50.451254965737462" lon="11.419820040464401">
        <ele>674.70000000000005</ele>
      </trkpt>
      <trkpt lat="50.450864033773541" lon="11.419639997184277">
        <ele>676.5</ele>
      </trkpt>
      <trkpt lat="50.450705029070377" lon="11.419551987200975">
        <ele>677.29999999999995</ele>
      </trkpt>
      <trkpt lat="50.450580976903439" lon="11.419442016631365">
        <ele>677.89999999999998</ele>
      </trkpt>
      <trkpt lat="50.450442004948854" lon="11.419184021651745">
        <ele>678.20000000000005</ele>
      </trkpt>
      <trkpt lat="50.450415015220642" lon="11.419102968648076">
        <ele>678.29999999999995</ele>
      </trkpt>
      <trkpt lat="50.450406968593597" lon="11.418925020843744">
        <ele>678</ele>
      </trkpt>
      <trkpt lat="50.450413003563881" lon="11.418768027797341">
        <ele>677.79999999999995</ele>
      </trkpt>
      <trkpt lat="50.450447034090757" lon="11.418621009215713">
        <ele>677.39999999999998</ele>
      </trkpt>
      <trkpt lat="50.450490033254027" lon="11.418499974533916">
        <ele>677.10000000000002</ele>
      </trkpt>
      <trkpt lat="50.450519034639001" lon="11.418419005349278">
        <ele>677</ele>
      </trkpt>
      <trkpt lat="50.450592041015625" lon="11.418302999809384">
        <ele>676.39999999999998</ele>
      </trkpt>
      <trkpt lat="50.450888006016612" lon="11.41792799346149">
        <ele>674.89999999999998</ele>
      </trkpt>
      <trkpt lat="50.451182965189219" lon="11.417551981285214">
        <ele>674.60000000000002</ele>
      </trkpt>
      <trkpt lat="50.451479014009237" lon="11.41717697493732">
        <ele>674.89999999999998</ele>
      </trkpt>
      <trkpt lat="50.451804986223578" lon="11.416700966656208">
        <ele>675.89999999999998</ele>
      </trkpt>
      <trkpt lat="50.451972037553787" lon="11.416348004713655">
        <ele>676.79999999999995</ele>
      </trkpt>
      <trkpt lat="50.452067004516721" lon="11.416010968387127">
        <ele>677.70000000000005</ele>
      </trkpt>
      <trkpt lat="50.452117966488004" lon="11.415709974244237">
        <ele>678.29999999999995</ele>
      </trkpt>
      <trkpt lat="50.452127018943429" lon="11.415381990373135">
        <ele>679.10000000000002</ele>
      </trkpt>
      <trkpt lat="50.452118972316384" lon="11.415099017322063">
        <ele>679.60000000000002</ele>
      </trkpt>
      <trkpt lat="50.452077984809875" lon="11.414700960740447">
        <ele>680.39999999999998</ele>
      </trkpt>
      <trkpt lat="50.45200003311038" lon="11.414229981601238">
        <ele>681.10000000000002</ele>
      </trkpt>
      <trkpt lat="50.45191696844995" lon="11.413757996633649">
        <ele>681.89999999999998</ele>
      </trkpt>
      <trkpt lat="50.451833987608552" lon="11.41328701749444">
        <ele>682.89999999999998</ele>
      </trkpt>
      <trkpt lat="50.451751006767154" lon="11.412815032526851">
        <ele>683.89999999999998</ele>
      </trkpt>
      <trkpt lat="50.451710019260645" lon="11.41255795955658">
        <ele>684.39999999999998</ele>
      </trkpt>
      <trkpt lat="50.451622009277344" lon="11.412001987919211">
        <ele>685.60000000000002</ele>
      </trkpt>
      <trkpt lat="50.451533999294043" lon="11.411446016281843">
        <ele>686.70000000000005</ele>
      </trkpt>
      <trkpt lat="50.451445989310741" lon="11.410889960825443">
        <ele>687.70000000000005</ele>
      </trkpt>
      <trkpt lat="50.451312968507409" lon="11.410244973376393">
        <ele>688.5</ele>
      </trkpt>
      <trkpt lat="50.451179025694728" lon="11.409600991755724">
        <ele>688.5</ele>
      </trkpt>
      <trkpt lat="50.451118005439639" lon="11.409384990110993">
        <ele>688.20000000000005</ele>
      </trkpt>
      <trkpt lat="50.451015997678041" lon="11.409111991524696">
        <ele>687.39999999999998</ele>
      </trkpt>
      <trkpt lat="50.451007029041648" lon="11.409082990139723">
        <ele>687.39999999999998</ele>
      </trkpt>
      <trkpt lat="50.450825979933143" lon="11.408795993775129">
        <ele>686.39999999999998</ele>
      </trkpt>
      <trkpt lat="50.450713997706771" lon="11.408649981021881">
        <ele>685.79999999999995</ele>
      </trkpt>
      <trkpt lat="50.450686002150178" lon="11.408613016828895">
        <ele>685.60000000000002</ele>
      </trkpt>
      <trkpt lat="50.450470000505447" lon="11.408397015184164">
        <ele>684.5</ele>
      </trkpt>
      <trkpt lat="50.45021896250546" lon="11.408224012702703">
        <ele>683.5</ele>
      </trkpt>
      <trkpt lat="50.450094994157553" lon="11.408140026032925">
        <ele>682.70000000000005</ele>
      </trkpt>
      <trkpt lat="50.449752006679773" lon="11.407912038266659">
        <ele>680.39999999999998</ele>
      </trkpt>
      <trkpt lat="50.449582021683455" lon="11.407805001363158">
        <ele>679.10000000000002</ele>
      </trkpt>
      <trkpt lat="50.449399966746569" lon="11.407674998044968">
        <ele>677.39999999999998</ele>
      </trkpt>
      <trkpt lat="50.449396027252078" lon="11.407489003613591">
        <ele>676.20000000000005</ele>
      </trkpt>
      <trkpt lat="50.449394015595317" lon="11.407395964488387">
        <ele>675.70000000000005</ele>
      </trkpt>
      <trkpt lat="50.449347998946905" lon="11.407361011952162">
        <ele>675.5</ele>
      </trkpt>
      <trkpt lat="50.449131997302175" lon="11.407124977558851">
        <ele>673.60000000000002</ele>
      </trkpt>
      <trkpt lat="50.449038036167622" lon="11.407001009210944">
        <ele>672.5</ele>
      </trkpt>
      <trkpt lat="50.448983972892165" lon="11.406923979520798">
        <ele>671.70000000000005</ele>
      </trkpt>
      <trkpt lat="50.448991013690829" lon="11.406886009499431">
        <ele>671.5</ele>
      </trkpt>
      <trkpt lat="50.448997970670462" lon="11.406805962324142">
        <ele>670.89999999999998</ele>
      </trkpt>
      <trkpt lat="50.448996964842081" lon="11.406718958169222">
        <ele>670.20000000000005</ele>
      </trkpt>
      <trkpt lat="50.448985984548926" lon="11.406638994812965">
        <ele>669.60000000000002</ele>
      </trkpt>
      <trkpt lat="50.448973998427391" lon="11.406588032841682">
        <ele>669.10000000000002</ele>
      </trkpt>
      <trkpt lat="50.44895295985043" lon="11.40652097761631">
        <ele>668.60000000000002</ele>
      </trkpt>
      <trkpt lat="50.448933010920882" lon="11.406475966796279">
        <ele>668.29999999999995</ele>
      </trkpt>
      <trkpt lat="50.448899986222386" lon="11.406419975683093">
        <ele>667.89999999999998</ele>
      </trkpt>
      <trkpt lat="50.448872996494174" lon="11.406385023146868">
        <ele>667.60000000000002</ele>
      </trkpt>
      <trkpt lat="50.448837038129568" lon="11.40634797513485">
        <ele>667.39999999999998</ele>
      </trkpt>
      <trkpt lat="50.44880099594593" lon="11.406320985406637">
        <ele>667.10000000000002</ele>
      </trkpt>
      <trkpt lat="50.448751961812377" lon="11.406297013163567">
        <ele>666.89999999999998</ele>
      </trkpt>
      <trkpt lat="50.448697982355952" lon="11.406287038698792">
        <ele>666.60000000000002</ele>
      </trkpt>
      <trkpt lat="50.448577031493187" lon="11.406026026234031">
        <ele>665.10000000000002</ele>
      </trkpt>
      <trkpt lat="50.448508970439434" lon="11.405858974903822">
        <ele>664.10000000000002</ele>
      </trkpt>
      <trkpt lat="50.448368992656469" lon="11.405501989647746">
        <ele>662.60000000000002</ele>
      </trkpt>
      <trkpt lat="50.448321970179677" lon="11.405363017693162">
        <ele>662.29999999999995</ele>
      </trkpt>
      <trkpt lat="50.448289029300213" lon="11.40525296330452">
        <ele>662.20000000000005</ele>
      </trkpt>
      <trkpt lat="50.44826103374362" lon="11.405148021876812">
        <ele>662</ele>
      </trkpt>
      <trkpt lat="50.448228009045124" lon="11.405001003295183">
        <ele>661.70000000000005</ele>
      </trkpt>
      <trkpt lat="50.448191966861486" lon="11.404825989156961">
        <ele>661.29999999999995</ele>
      </trkpt>
      <trkpt lat="50.4481550026685" lon="11.404582997784019">
        <ele>661.29999999999995</ele>
      </trkpt>
      <trkpt lat="50.448147961869836" lon="11.404538992792368">
        <ele>661.29999999999995</ele>
      </trkpt>
      <trkpt lat="50.448182998225093" lon="11.40447897836566">
        <ele>661.29999999999995</ele>
      </trkpt>
      <trkpt lat="50.448203030973673" lon="11.404434973374009">
        <ele>661.39999999999998</ele>
      </trkpt>
      <trkpt lat="50.448208982124925" lon="11.404384011402726">
        <ele>661.5</ele>
      </trkpt>
      <trkpt lat="50.448205964639783" lon="11.404332965612411">
        <ele>661.60000000000002</ele>
      </trkpt>
      <trkpt lat="50.448179980739951" lon="11.40424101613462">
        <ele>661.89999999999998</ele>
      </trkpt>
      <trkpt lat="50.448161037638783" lon="11.404133979231119">
        <ele>662.10000000000002</ele>
      </trkpt>
      <trkpt lat="50.448159025982022" lon="11.404111012816429">
        <ele>662.10000000000002</ele>
      </trkpt>
      <trkpt lat="50.448160031810403" lon="11.403985032811761">
        <ele>662.29999999999995</ele>
      </trkpt>
      <trkpt lat="50.448156008496881" lon="11.403514975681901">
        <ele>662.5</ele>
      </trkpt>
      <trkpt lat="50.448157014325261" lon="11.403477005660534">
        <ele>662.5</ele>
      </trkpt>
      <trkpt lat="50.44817503541708" lon="11.403293022885919">
        <ele>662.60000000000002</ele>
      </trkpt>
      <trkpt lat="50.448239995166659" lon="11.40293201431632">
        <ele>662</ele>
      </trkpt>
      <trkpt lat="50.448295986279845" lon="11.402693968266249">
        <ele>661.5</ele>
      </trkpt>
      <trkpt lat="50.448365975171328" lon="11.402404038235545">
        <ele>660.89999999999998</ele>
      </trkpt>
      <trkpt lat="50.448400005698204" lon="11.402272023260593">
        <ele>660.39999999999998</ele>
      </trkpt>
      <trkpt lat="50.448469994589686" lon="11.402001958340406">
        <ele>659.29999999999995</ele>
      </trkpt>
      <trkpt lat="50.448497990146279" lon="11.401875978335738">
        <ele>658.89999999999998</ele>
      </trkpt>
      <trkpt lat="50.448531014844775" lon="11.401545982807875">
        <ele>658.10000000000002</ele>
      </trkpt>
      <trkpt lat="50.448525985702872" lon="11.401369040831923">
        <ele>657.60000000000002</ele>
      </trkpt>
      <trkpt lat="50.448512993752956" lon="11.401168964803219">
        <ele>657</ele>
      </trkpt>
      <trkpt lat="50.448494972661138" lon="11.401042984798551">
        <ele>656.70000000000005</ele>
      </trkpt>
      <trkpt lat="50.448478041216731" lon="11.400941982865334">
        <ele>656.5</ele>
      </trkpt>
      <trkpt lat="50.44832699932158" lon="11.400342006236315">
        <ele>654.89999999999998</ele>
      </trkpt>
      <trkpt lat="50.448194984346628" lon="11.399956019595265">
        <ele>654.5</ele>
      </trkpt>
      <trkpt lat="50.448180986568332" lon="11.399928024038672">
        <ele>654.5</ele>
      </trkpt>
      <trkpt lat="50.448139999061823" lon="11.399841019883752">
        <ele>654.5</ele>
      </trkpt>
      <trkpt lat="50.448040002956986" lon="11.399677991867065">
        <ele>654.39999999999998</ele>
      </trkpt>
      <trkpt lat="50.448003960773349" lon="11.399471964687109">
        <ele>653.10000000000002</ele>
      </trkpt>
      <trkpt lat="50.447957022115588" lon="11.39923601411283">
        <ele>651.70000000000005</ele>
      </trkpt>
      <trkpt lat="50.447898013517261" lon="11.398961003869772">
        <ele>650.70000000000005</ele>
      </trkpt>
      <trkpt lat="50.447813021019101" lon="11.398599995300174">
        <ele>649.20000000000005</ele>
      </trkpt>
      <trkpt lat="50.447735991328955" lon="11.398320039734244">
        <ele>648.10000000000002</ele>
      </trkpt>
      <trkpt lat="50.44763901270926" lon="11.398017033934593">
        <ele>646.79999999999995</ele>
      </trkpt>
      <trkpt lat="50.447519989684224" lon="11.397671028971672">
        <ele>647.20000000000005</ele>
      </trkpt>
      <trkpt lat="50.447399038821459" lon="11.397370034828782">
        <ele>649.39999999999998</ele>
      </trkpt>
      <trkpt lat="50.447385041043162" lon="11.397340027615428">
        <ele>649.60000000000002</ele>
      </trkpt>
      <trkpt lat="50.447250008583069" lon="11.39704498462379">
        <ele>652.5</ele>
      </trkpt>
      <trkpt lat="50.447114976122975" lon="11.396750025451183">
        <ele>654.89999999999998</ele>
      </trkpt>
      <trkpt lat="50.447045993059874" lon="11.396620022132993">
        <ele>655.60000000000002</ele>
      </trkpt>
      <trkpt lat="50.446977009996772" lon="11.396490018814802">
        <ele>656.20000000000005</ele>
      </trkpt>
      <trkpt lat="50.446846000850201" lon="11.396262031048536">
        <ele>657.39999999999998</ele>
      </trkpt>
      <trkpt lat="50.446574008092284" lon="11.395828016102314">
        <ele>658.89999999999998</ele>
      </trkpt>
      <trkpt lat="50.446422966197133" lon="11.395604973658919">
        <ele>659.10000000000002</ele>
      </trkpt>
      <trkpt lat="50.446145022287965" lon="11.395243965089321">
        <ele>658.60000000000002</ele>
      </trkpt>
      <trkpt lat="50.445975037291646" lon="11.395044978708029">
        <ele>657.79999999999995</ele>
      </trkpt>
      <trkpt lat="50.445760041475296" lon="11.394755970686674">
        <ele>656.70000000000005</ele>
      </trkpt>
      <trkpt lat="50.445570023730397" lon="11.39451096765697">
        <ele>655.70000000000005</ele>
      </trkpt>
      <trkpt lat="50.445461980998516" lon="11.39435900375247">
        <ele>655.10000000000002</ele>
      </trkpt>
      <trkpt lat="50.445359973236918" lon="11.394196981564164">
        <ele>654.60000000000002</ele>
      </trkpt>
      <trkpt lat="50.445252014324069" lon="11.393992966040969">
        <ele>654.10000000000002</ele>
      </trkpt>
      <trkpt lat="50.445123016834259" lon="11.393723990768194">
        <ele>653.39999999999998</ele>
      </trkpt>
      <trkpt lat="50.445026038214564" lon="11.393503965809941">
        <ele>652.79999999999995</ele>
      </trkpt>
      <trkpt lat="50.444936016574502" lon="11.393252005800605">
        <ele>652.20000000000005</ele>
      </trkpt>
      <trkpt lat="50.444854963570833" lon="11.392970038577914">
        <ele>651.5</ele>
      </trkpt>
      <trkpt lat="50.44480299577117" lon="11.392754958942533">
        <ele>650.79999999999995</ele>
      </trkpt>
      <trkpt lat="50.444754967465997" lon="11.39251196756959">
        <ele>650.20000000000005</ele>
      </trkpt>
      <trkpt lat="50.444693025201559" lon="11.391992960125208">
        <ele>648.20000000000005</ele>
      </trkpt>
      <trkpt lat="50.44467500410974" lon="11.391754997894168">
        <ele>646.89999999999998</ele>
      </trkpt>
      <trkpt lat="50.444678021594882" lon="11.391528015956283">
        <ele>645.89999999999998</ele>
      </trkpt>
      <trkpt lat="50.444701993837953" lon="11.391101963818073">
        <ele>643.5</ele>
      </trkpt>
      <trkpt lat="50.444719009101391" lon="11.390932984650135">
        <ele>642.5</ele>
      </trkpt>
      <trkpt lat="50.444758990779519" lon="11.390636013820767">
        <ele>640.89999999999998</ele>
      </trkpt>
      <trkpt lat="50.444812970235944" lon="11.390357986092567">
        <ele>639.20000000000005</ele>
      </trkpt>
      <trkpt lat="50.444880025461316" lon="11.39012798666954">
        <ele>638.10000000000002</ele>
      </trkpt>
      <trkpt lat="50.444963006302714" lon="11.389855993911624">
        <ele>636.60000000000002</ele>
      </trkpt>
      <trkpt lat="50.445074988529086" lon="11.389538990333676">
        <ele>634.79999999999995</ele>
      </trkpt>
      <trkpt lat="50.445186970755458" lon="11.389220980927348">
        <ele>633.10000000000002</ele>
      </trkpt>
      <trkpt lat="50.445328960195184" lon="11.388848992064595">
        <ele>630.89999999999998</ele>
      </trkpt>
      <trkpt lat="50.445471033453941" lon="11.388475997373462">
        <ele>629.5</ele>
      </trkpt>
      <trkpt lat="50.44553398154676" lon="11.388312969356775">
        <ele>628.89999999999998</ele>
      </trkpt>
      <trkpt lat="50.44568401761353" lon="11.387917008250952">
        <ele>627.39999999999998</ele>
      </trkpt>
      <trkpt lat="50.445816032588482" lon="11.387563962489367">
        <ele>626</ele>
      </trkpt>
      <trkpt lat="50.445952992886305" lon="11.387141011655331">
        <ele>624.10000000000002</ele>
      </trkpt>
      <trkpt lat="50.446021975949407" lon="11.386917969211936">
        <ele>623.60000000000002</ele>
      </trkpt>
      <trkpt lat="50.446043014526367" lon="11.386844040825963">
        <ele>623.5</ele>
      </trkpt>
      <trkpt lat="50.446062963455915" lon="11.386831970885396">
        <ele>623.5</ele>
      </trkpt>
      <trkpt lat="50.446118032559752" lon="11.386781008914113">
        <ele>623.39999999999998</ele>
      </trkpt>
      <trkpt lat="50.446151979267597" lon="11.386738009750843">
        <ele>623.20000000000005</ele>
      </trkpt>
      <trkpt lat="50.446195984259248" lon="11.386668020859361">
        <ele>622.89999999999998</ele>
      </trkpt>
      <trkpt lat="50.446233032271266" lon="11.386579005047679">
        <ele>622.5</ele>
      </trkpt>
      <trkpt lat="50.446248035877943" lon="11.386527959257364">
        <ele>622.29999999999995</ele>
      </trkpt>
      <trkpt lat="50.446261027827859" lon="11.386481020599604">
        <ele>622.10000000000002</ele>
      </trkpt>
      <trkpt lat="50.446276031434536" lon="11.386378007009625">
        <ele>621.70000000000005</ele>
      </trkpt>
      <trkpt lat="50.446279970929027" lon="11.386270970106125">
        <ele>621.29999999999995</ele>
      </trkpt>
      <trkpt lat="50.446273013949394" lon="11.38617298565805">
        <ele>620.89999999999998</ele>
      </trkpt>
      <trkpt lat="50.44626203365624" lon="11.38610702008009">
        <ele>620.60000000000002</ele>
      </trkpt>
      <trkpt lat="50.446237977594137" lon="11.386014986783266">
        <ele>620.29999999999995</ele>
      </trkpt>
      <trkpt lat="50.446202019229531" lon="11.385924965143204">
        <ele>620</ele>
      </trkpt>
      <trkpt lat="50.446177963167429" lon="11.385881965979934">
        <ele>619.79999999999995</ele>
      </trkpt>
      <trkpt lat="50.446174023672938" lon="11.385803008452058">
        <ele>619.5</ele>
      </trkpt>
      <trkpt lat="50.446149967610836" lon="11.385380979627371">
        <ele>617.39999999999998</ele>
      </trkpt>
      <trkpt lat="50.446076039224863" lon="11.384879993274808">
        <ele>614.10000000000002</ele>
      </trkpt>
      <trkpt lat="50.446047959849238" lon="11.38471201993525">
        <ele>613.10000000000002</ele>
      </trkpt>
      <trkpt lat="50.445843022316694" lon="11.384725011885166">
        <ele>612.60000000000002</ele>
      </trkpt>
      <trkpt lat="50.445778984576464" lon="11.38436702080071">
        <ele>610.70000000000005</ele>
      </trkpt>
      <trkpt lat="50.445716036483645" lon="11.384081030264497">
        <ele>609.29999999999995</ele>
      </trkpt>
      <trkpt lat="50.445647975429893" lon="11.38381197117269">
        <ele>608.10000000000002</ele>
      </trkpt>
      <trkpt lat="50.445515960454941" lon="11.383363036438823">
        <ele>606.39999999999998</ele>
      </trkpt>
      <trkpt lat="50.445282021537423" lon="11.382818967103958">
        <ele>604.39999999999998</ele>
      </trkpt>
      <trkpt lat="50.445109019055963" lon="11.382409008219838">
        <ele>603</ele>
      </trkpt>
      <trkpt lat="50.444950014352798" lon="11.382078006863594">
        <ele>601.60000000000002</ele>
      </trkpt>
      <trkpt lat="50.444792015478015" lon="11.381748011335731">
        <ele>600.5</ele>
      </trkpt>
      <trkpt lat="50.444679027423263" lon="11.381590012460947">
        <ele>599.89999999999998</ele>
      </trkpt>
      <trkpt lat="50.444582970812917" lon="11.38142597861588">
        <ele>599</ele>
      </trkpt>
      <trkpt lat="50.444521028548479" lon="11.381319025531411">
        <ele>598.29999999999995</ele>
      </trkpt>
      <trkpt lat="50.444347020238638" lon="11.380974026396871">
        <ele>598.39999999999998</ele>
      </trkpt>
      <trkpt lat="50.444209976121783" lon="11.380718965083361">
        <ele>598.5</ele>
      </trkpt>
      <trkpt lat="50.444157002493739" lon="11.380613017827272">
        <ele>600.20000000000005</ele>
      </trkpt>
      <trkpt lat="50.444051977247" lon="11.380363991484046">
        <ele>603.20000000000005</ele>
      </trkpt>
      <trkpt lat="50.443939995020628" lon="11.380098033696413">
        <ele>603.79999999999995</ele>
      </trkpt>
      <trkpt lat="50.443706978112459" lon="11.379572991281748">
        <ele>604.60000000000002</ele>
      </trkpt>
      <trkpt lat="50.44347396120429" lon="11.379049038514495">
        <ele>605.60000000000002</ele>
      </trkpt>
      <trkpt lat="50.443241028115153" lon="11.37852399609983">
        <ele>607.39999999999998</ele>
      </trkpt>
      <trkpt lat="50.443007005378604" lon="11.377999037504196">
        <ele>609.20000000000005</ele>
      </trkpt>
      <trkpt lat="50.442768037319183" lon="11.37745002284646">
        <ele>611.20000000000005</ele>
      </trkpt>
      <trkpt lat="50.44252797961235" lon="11.376901008188725">
        <ele>613.10000000000002</ele>
      </trkpt>
      <trkpt lat="50.442288005724549" lon="11.376351993530989">
        <ele>614.89999999999998</ele>
      </trkpt>
      <trkpt lat="50.442048031836748" lon="11.375802978873253">
        <ele>616.60000000000002</ele>
      </trkpt>
      <trkpt lat="50.441807974129915" lon="11.375252958387136">
        <ele>618.10000000000002</ele>
      </trkpt>
      <trkpt lat="50.441702026873827" lon="11.374999992549419">
        <ele>619.29999999999995</ele>
      </trkpt>
      <trkpt lat="50.441610999405384" lon="11.374747026711702">
        <ele>620.10000000000002</ele>
      </trkpt>
      <trkpt lat="50.441497005522251" lon="11.374380989000201">
        <ele>620.79999999999995</ele>
      </trkpt>
      <trkpt lat="50.441387034952641" lon="11.373979998752475">
        <ele>621.5</ele>
      </trkpt>
      <trkpt lat="50.441360967233777" lon="11.37390498071909">
        <ele>621.70000000000005</ele>
      </trkpt>
      <trkpt lat="50.441277986392379" lon="11.373559981584549">
        <ele>622.5</ele>
      </trkpt>
      <trkpt lat="50.441226018592715" lon="11.373315984383225">
        <ele>623.10000000000002</ele>
      </trkpt>
      <trkpt lat="50.441188970580697" lon="11.373138958588243">
        <ele>623.5</ele>
      </trkpt>
      <trkpt lat="50.441184025257826" lon="11.373095959424973">
        <ele>623.60000000000002</ele>
      </trkpt>
      <trkpt lat="50.441163992509246" lon="11.372947013005614">
        <ele>623.89999999999998</ele>
      </trkpt>
      <trkpt lat="50.441161980852485" lon="11.372822038829327">
        <ele>624</ele>
      </trkpt>
      <trkpt lat="50.441166004166007" lon="11.372651970013976">
        <ele>624.29999999999995</ele>
      </trkpt>
      <trkpt lat="50.441181007772684" lon="11.372391041368246">
        <ele>624.60000000000002</ele>
      </trkpt>
      <trkpt lat="50.441204980015755" lon="11.372243016958237">
        <ele>624.70000000000005</ele>
      </trkpt>
      <trkpt lat="50.441226018592715" lon="11.372124999761581">
        <ele>624.70000000000005</ele>
      </trkpt>
      <trkpt lat="50.441244039684534" lon="11.372050987556577">
        <ele>624.70000000000005</ele>
      </trkpt>
      <trkpt lat="50.44121403247118" lon="11.372026009485126">
        <ele>624.70000000000005</ele>
      </trkpt>
      <trkpt lat="50.441199028864503" lon="11.372011005878448">
        <ele>624.79999999999995</ele>
      </trkpt>
      <trkpt lat="50.441154018044472" lon="11.37194998562336">
        <ele>624.89999999999998</ele>
      </trkpt>
      <trkpt lat="50.441112024709582" lon="11.371875973418355">
        <ele>624.89999999999998</ele>
      </trkpt>
      <trkpt lat="50.441083023324609" lon="11.371793998405337">
        <ele>624.89999999999998</ele>
      </trkpt>
      <trkpt lat="50.441063996404409" lon="11.37171202339232">
        <ele>624.89999999999998</ele>
      </trkpt>
      <trkpt lat="50.441058967262506" lon="11.371686961501837">
        <ele>624.89999999999998</ele>
      </trkpt>
      <trkpt lat="50.441049998626113" lon="11.371593000367284">
        <ele>624.89999999999998</ele>
      </trkpt>
      <trkpt lat="50.441068019717932" lon="11.371490992605686">
        <ele>624.89999999999998</ele>
      </trkpt>
      <trkpt lat="50.441091991961002" lon="11.371358977630734">
        <ele>624.89999999999998</ele>
      </trkpt>
      <trkpt lat="50.441103978082538" lon="11.371318995952606">
        <ele>624.89999999999998</ele>
      </trkpt>
      <trkpt lat="50.441117975860834" lon="11.371278008446097">
        <ele>624.89999999999998</ele>
      </trkpt>
      <trkpt lat="50.441147983074188" lon="11.371210031211376">
        <ele>624.89999999999998</ele>
      </trkpt>
      <trkpt lat="50.44123699888587" lon="11.371044991537929">
        <ele>624.79999999999995</ele>
      </trkpt>
      <trkpt lat="50.441325008869171" lon="11.370879029855132">
        <ele>624.79999999999995</ele>
      </trkpt>
      <trkpt lat="50.44136599637568" lon="11.37079001404345">
        <ele>624.89999999999998</ele>
      </trkpt>
      <trkpt lat="50.441600019112229" lon="11.370330015197396">
        <ele>625.79999999999995</ele>
      </trkpt>
      <trkpt lat="50.441833036020398" lon="11.369871022179723">
        <ele>626.5</ele>
      </trkpt>
      <trkpt lat="50.441921968013048" lon="11.369697013869882">
        <ele>627.29999999999995</ele>
      </trkpt>
      <trkpt lat="50.442088013514876" lon="11.36937003582716">
        <ele>628.60000000000002</ele>
      </trkpt>
      <trkpt lat="50.442253975197673" lon="11.369043979793787">
        <ele>630</ele>
      </trkpt>
      <trkpt lat="50.442481962963939" lon="11.368594961240888">
        <ele>632.39999999999998</ele>
      </trkpt>
      <trkpt lat="50.442710034549236" lon="11.36814602650702">
        <ele>634.89999999999998</ele>
      </trkpt>
      <trkpt lat="50.442944979295135" lon="11.367617966607213">
        <ele>637.70000000000005</ele>
      </trkpt>
      <trkpt lat="50.443144971504807" lon="11.367184035480022">
        <ele>640</ele>
      </trkpt>
      <trkpt lat="50.443348987028003" lon="11.366755971685052">
        <ele>641.89999999999998</ele>
      </trkpt>
      <trkpt lat="50.443623997271061" lon="11.366262026131153">
        <ele>644.10000000000002</ele>
      </trkpt>
      <trkpt lat="50.443852990865707" lon="11.365818958729506">
        <ele>646</ele>
      </trkpt>
      <trkpt lat="50.443995986133814" lon="11.365496004000306">
        <ele>647.5</ele>
      </trkpt>
      <trkpt lat="50.444079972803593" lon="11.365220993757248">
        <ele>648.70000000000005</ele>
      </trkpt>
      <trkpt lat="50.444161025807261" lon="11.36494598351419">
        <ele>650</ele>
      </trkpt>
      <trkpt lat="50.444293040782213" lon="11.364587992429733">
        <ele>651.79999999999995</ele>
      </trkpt>
      <trkpt lat="50.444423966109753" lon="11.364230001345277">
        <ele>653.79999999999995</ele>
      </trkpt>
      <trkpt lat="50.444533014670014" lon="11.363988015800714">
        <ele>655.20000000000005</ele>
      </trkpt>
      <trkpt lat="50.444656983017921" lon="11.363771008327603">
        <ele>656.5</ele>
      </trkpt>
      <trkpt lat="50.44491003267467" lon="11.363402958959341">
        <ele>658.70000000000005</ele>
      </trkpt>
      <trkpt lat="50.445162998512387" lon="11.363035999238491">
        <ele>660.39999999999998</ele>
      </trkpt>
      <trkpt lat="50.445415964350104" lon="11.362669039517641">
        <ele>661.70000000000005</ele>
      </trkpt>
      <trkpt lat="50.445689968764782" lon="11.36228296905756">
        <ele>662.60000000000002</ele>
      </trkpt>
      <trkpt lat="50.44596397317946" lon="11.36189597658813">
        <ele>663.39999999999998</ele>
      </trkpt>
      <trkpt lat="50.446237977594137" lon="11.361509989947081">
        <ele>664.20000000000005</ele>
      </trkpt>
      <trkpt lat="50.446511982008815" lon="11.361124003306031">
        <ele>665.20000000000005</ele>
      </trkpt>
      <trkpt lat="50.446791015565395" lon="11.360725024715066">
        <ele>666.29999999999995</ele>
      </trkpt>
      <trkpt lat="50.447051022201777" lon="11.360351024195552">
        <ele>667.5</ele>
      </trkpt>
      <trkpt lat="50.447311028838158" lon="11.359977023676038">
        <ele>668.60000000000002</ele>
      </trkpt>
      <trkpt lat="50.447571035474539" lon="11.359603023156524">
        <ele>669.79999999999995</ele>
      </trkpt>
      <trkpt lat="50.44781100936234" lon="11.359267998486757">
        <ele>670.79999999999995</ele>
      </trkpt>
      <trkpt lat="50.448051989078522" lon="11.358932973816991">
        <ele>671.70000000000005</ele>
      </trkpt>
      <trkpt lat="50.448338985443115" lon="11.358524020761251">
        <ele>672.5</ele>
      </trkpt>
      <trkpt lat="50.448625981807709" lon="11.35811498388648">
        <ele>673</ele>
      </trkpt>
      <trkpt lat="50.448860004544258" lon="11.357706030830741">
        <ele>673.5</ele>
      </trkpt>
      <trkpt lat="50.449094027280807" lon="11.35729799978435">
        <ele>673.89999999999998</ele>
      </trkpt>
      <trkpt lat="50.449159992858768" lon="11.357170008122921">
        <ele>674</ele>
      </trkpt>
      <trkpt lat="50.449304999783635" lon="11.356770023703575">
        <ele>674.29999999999995</ele>
      </trkpt>
      <trkpt lat="50.449480013921857" lon="11.356307007372379">
        <ele>674.60000000000002</ele>
      </trkpt>
      <trkpt lat="50.449565006420016" lon="11.356030991300941">
        <ele>674.70000000000005</ele>
      </trkpt>
      <trkpt lat="50.449713030830026" lon="11.355413999408484">
        <ele>675</ele>
      </trkpt>
      <trkpt lat="50.449860971421003" lon="11.354797007516026">
        <ele>675.10000000000002</ele>
      </trkpt>
      <trkpt lat="50.450010001659393" lon="11.354180015623569">
        <ele>675.20000000000005</ele>
      </trkpt>
      <trkpt lat="50.450158026069403" lon="11.353563023731112">
        <ele>674.89999999999998</ele>
      </trkpt>
      <trkpt lat="50.450289035215974" lon="11.353149963542819">
        <ele>673.79999999999995</ele>
      </trkpt>
      <trkpt lat="50.450470000505447" lon="11.352642020210624">
        <ele>672.10000000000002</ele>
      </trkpt>
      <trkpt lat="50.450640991330147" lon="11.352257039397955">
        <ele>670.60000000000002</ele>
      </trkpt>
      <trkpt lat="50.450737969949841" lon="11.352090993896127">
        <ele>669.79999999999995</ele>
      </trkpt>
      <trkpt lat="50.450836038216949" lon="11.351956967264414">
        <ele>669.10000000000002</ele>
      </trkpt>
      <trkpt lat="50.450995964929461" lon="11.351785976439714">
        <ele>668.29999999999995</ele>
      </trkpt>
      <trkpt lat="50.451005017384887" lon="11.351773990318179">
        <ele>668.20000000000005</ele>
      </trkpt>
      <trkpt lat="50.451024966314435" lon="11.35175496339798">
        <ele>668.10000000000002</ele>
      </trkpt>
      <trkpt lat="50.451080035418272" lon="11.351714981719851">
        <ele>667.89999999999998</ele>
      </trkpt>
      <trkpt lat="50.451140971854329" lon="11.35166703723371">
        <ele>667.70000000000005</ele>
      </trkpt>
      <trkpt lat="50.451502986252308" lon="11.351342992857099">
        <ele>666.70000000000005</ele>
      </trkpt>
      <trkpt lat="50.451838010922074" lon="11.351098995655775">
        <ele>666.5</ele>
      </trkpt>
      <trkpt lat="50.452174041420221" lon="11.350853992626071">
        <ele>667</ele>
      </trkpt>
      <trkpt lat="50.452508982270956" lon="11.350609995424747">
        <ele>667.79999999999995</ele>
      </trkpt>
      <trkpt lat="50.452845012769103" lon="11.350365998223424">
        <ele>668.79999999999995</ele>
      </trkpt>
      <trkpt lat="50.453221024945378" lon="11.350086964666843">
        <ele>670.10000000000002</ele>
      </trkpt>
      <trkpt lat="50.453538028523326" lon="11.349855037406087">
        <ele>671.20000000000005</ele>
      </trkpt>
      <trkpt lat="50.453856037929654" lon="11.349624032154679">
        <ele>672.39999999999998</ele>
      </trkpt>
      <trkpt lat="50.454173041507602" lon="11.349392021074891">
        <ele>673.60000000000002</ele>
      </trkpt>
      <trkpt lat="50.454490967094898" lon="11.349160009995103">
        <ele>674.89999999999998</ele>
      </trkpt>
      <trkpt lat="50.454717027023435" lon="11.348995976150036">
        <ele>675.79999999999995</ele>
      </trkpt>
      <trkpt lat="50.45494400896132" lon="11.348832026124001">
        <ele>676.79999999999995</ele>
      </trkpt>
      <trkpt lat="50.455346005037427" lon="11.348528014495969">
        <ele>678.10000000000002</ele>
      </trkpt>
      <trkpt lat="50.455749006941915" lon="11.348222997039557">
        <ele>678.79999999999995</ele>
      </trkpt>
      <trkpt lat="50.456091994419694" lon="11.347919991239905">
        <ele>679.20000000000005</ele>
      </trkpt>
      <trkpt lat="50.456314031034708" lon="11.347703989595175">
        <ele>679.5</ele>
      </trkpt>
      <trkpt lat="50.456536989659071" lon="11.347486982122064">
        <ele>679.79999999999995</ele>
      </trkpt>
      <trkpt lat="50.456885006278753" lon="11.347098983824253">
        <ele>680.5</ele>
      </trkpt>
      <trkpt lat="50.457191029563546" lon="11.346753984689713">
        <ele>681.29999999999995</ele>
      </trkpt>
      <trkpt lat="50.457203015685081" lon="11.346736969426274">
        <ele>681.39999999999998</ele>
      </trkpt>
      <trkpt lat="50.45730896294117" lon="11.34661803022027">
        <ele>681.79999999999995</ele>
      </trkpt>
      <trkpt lat="50.45752102509141" lon="11.346369003877044">
        <ele>682.5</ele>
      </trkpt>
      <trkpt lat="50.457734009250998" lon="11.346119977533817">
        <ele>683</ele>
      </trkpt>
      <trkpt lat="50.457934001460671" lon="11.345880003646016">
        <ele>683.10000000000002</ele>
      </trkpt>
      <trkpt lat="50.458133993670344" lon="11.345639023929834">
        <ele>683</ele>
      </trkpt>
      <trkpt lat="50.458321999758482" lon="11.345395026728511">
        <ele>682.89999999999998</ele>
      </trkpt>
      <trkpt lat="50.458511011675" lon="11.345150023698807">
        <ele>682.60000000000002</ele>
      </trkpt>
      <trkpt lat="50.458729024976492" lon="11.344855986535549">
        <ele>682.20000000000005</ele>
      </trkpt>
      <trkpt lat="50.458906972780824" lon="11.34457896463573">
        <ele>681.70000000000005</ele>
      </trkpt>
      <trkpt lat="50.459085004404187" lon="11.344301020726562">
        <ele>681.10000000000002</ele>
      </trkpt>
      <trkpt lat="50.459118029102683" lon="11.344244023784995">
        <ele>681</ele>
      </trkpt>
      <trkpt lat="50.459352973848581" lon="11.343818977475166">
        <ele>680</ele>
      </trkpt>
      <trkpt lat="50.459586996585131" lon="11.343394014984369">
        <ele>679</ele>
      </trkpt>
      <trkpt lat="50.45973502099514" lon="11.343121016398072">
        <ele>678.39999999999998</ele>
      </trkpt>
      <trkpt lat="50.459883967414498" lon="11.342847011983395">
        <ele>677.89999999999998</ele>
      </trkpt>
      <trkpt lat="50.460170041769743" lon="11.342305038124323">
        <ele>677.20000000000005</ele>
      </trkpt>
      <trkpt lat="50.460455026477575" lon="11.341762980446219">
        <ele>676.89999999999998</ele>
      </trkpt>
      <trkpt lat="50.460741017013788" lon="11.341222012415528">
        <ele>676.89999999999998</ele>
      </trkpt>
      <trkpt lat="50.461027007550001" lon="11.340680038556457">
        <ele>676.89999999999998</ele>
      </trkpt>
      <trkpt lat="50.461311992257833" lon="11.340137980878353">
        <ele>676.89999999999998</ele>
      </trkpt>
      <trkpt lat="50.461597982794046" lon="11.339596007019281">
        <ele>676.89999999999998</ele>
      </trkpt>
      <trkpt lat="50.461883973330259" lon="11.33905403316021">
        <ele>677</ele>
      </trkpt>
      <trkpt lat="50.462169041857123" lon="11.338512981310487">
        <ele>677.39999999999998</ele>
      </trkpt>
      <trkpt lat="50.462455032393336" lon="11.337971007451415">
        <ele>677.89999999999998</ele>
      </trkpt>
      <trkpt lat="50.462740017101169" lon="11.337429033592343">
        <ele>678.5</ele>
      </trkpt>
      <trkpt lat="50.462982002645731" lon="11.33697297424078">
        <ele>679.10000000000002</ele>
      </trkpt>
      <trkpt lat="50.463222982361913" lon="11.336515992879868">
        <ele>679.70000000000005</ele>
      </trkpt>
      <trkpt lat="50.463463962078094" lon="11.336060017347336">
        <ele>680.39999999999998</ele>
      </trkpt>
      <trkpt lat="50.463705025613308" lon="11.335604041814804">
        <ele>681.10000000000002</ele>
      </trkpt>
      <trkpt lat="50.46394600532949" lon="11.335147982463241">
        <ele>681.60000000000002</ele>
      </trkpt>
      <trkpt lat="50.464187990874052" lon="11.334692006930709">
        <ele>682.10000000000002</ele>
      </trkpt>
      <trkpt lat="50.464426036924124" lon="11.334233013913035">
        <ele>682.5</ele>
      </trkpt>
      <trkpt lat="50.464663999155164" lon="11.333775026723742">
        <ele>682.70000000000005</ele>
      </trkpt>
      <trkpt lat="50.464901961386204" lon="11.333316033706069">
        <ele>683</ele>
      </trkpt>
      <trkpt lat="50.465140007436275" lon="11.332857962697744">
        <ele>683.60000000000002</ele>
      </trkpt>
      <trkpt lat="50.465377969667315" lon="11.332399975508451">
        <ele>684.5</ele>
      </trkpt>
      <trkpt lat="50.465616015717387" lon="11.331940982490778">
        <ele>685.79999999999995</ele>
      </trkpt>
      <trkpt lat="50.46568600460887" lon="11.331807961687446">
        <ele>686.20000000000005</ele>
      </trkpt>
      <trkpt lat="50.465777032077312" lon="11.331606041640043">
        <ele>686.89999999999998</ele>
      </trkpt>
      <trkpt lat="50.465855989605188" lon="11.331417029723525">
        <ele>687.70000000000005</ele>
      </trkpt>
      <trkpt lat="50.46592396683991" lon="11.331242015585303">
        <ele>688.39999999999998</ele>
      </trkpt>
      <trkpt lat="50.466023962944746" lon="11.330747986212373">
        <ele>690.89999999999998</ele>
      </trkpt>
      <trkpt lat="50.466123959049582" lon="11.330254040658474">
        <ele>693.29999999999995</ele>
      </trkpt>
      <trkpt lat="50.466224038973451" lon="11.329760011285543">
        <ele>695.5</ele>
      </trkpt>
      <trkpt lat="50.466338032856584" lon="11.329232035204768">
        <ele>697.5</ele>
      </trkpt>
      <trkpt lat="50.466452026739717" lon="11.328704981133342">
        <ele>699.10000000000002</ele>
      </trkpt>
      <trkpt lat="50.466566020622849" lon="11.328178010880947">
        <ele>700</ele>
      </trkpt>
      <trkpt lat="50.466676997020841" lon="11.327653974294662">
        <ele>700.70000000000005</ele>
      </trkpt>
      <trkpt lat="50.466759977862239" lon="11.327205961570144">
        <ele>701.39999999999998</ele>
      </trkpt>
      <trkpt lat="50.466843964532018" lon="11.326758032664657">
        <ele>702.39999999999998</ele>
      </trkpt>
      <trkpt lat="50.466961981728673" lon="11.326206000521779">
        <ele>703.79999999999995</ele>
      </trkpt>
      <trkpt lat="50.467087039723992" lon="11.325578028336167">
        <ele>705.70000000000005</ele>
      </trkpt>
      <trkpt lat="50.46721201390028" lon="11.324948966503143">
        <ele>707.79999999999995</ele>
      </trkpt>
      <trkpt lat="50.467336988076568" lon="11.324320994317532">
        <ele>709.70000000000005</ele>
      </trkpt>
      <trkpt lat="50.467461962252855" lon="11.323692016303539">
        <ele>711.29999999999995</ele>
      </trkpt>
      <trkpt lat="50.467587020248175" lon="11.323063960298896">
        <ele>712.79999999999995</ele>
      </trkpt>
      <trkpt lat="50.467710988596082" lon="11.322434982284904">
        <ele>713.89999999999998</ele>
      </trkpt>
      <trkpt lat="50.467835962772369" lon="11.321807010099292">
        <ele>714.60000000000002</ele>
      </trkpt>
      <trkpt lat="50.467952974140644" lon="11.321235029026866">
        <ele>714.79999999999995</ele>
      </trkpt>
      <trkpt lat="50.468068979680538" lon="11.320662964135408">
        <ele>714.60000000000002</ele>
      </trkpt>
      <trkpt lat="50.468185991048813" lon="11.320091988891363">
        <ele>713.79999999999995</ele>
      </trkpt>
      <trkpt lat="50.468301996588707" lon="11.319520007818937">
        <ele>712.70000000000005</ele>
      </trkpt>
      <trkpt lat="50.468419007956982" lon="11.318948026746511">
        <ele>711.39999999999998</ele>
      </trkpt>
      <trkpt lat="50.468525039032102" lon="11.318418039008975">
        <ele>710.29999999999995</ele>
      </trkpt>
      <trkpt lat="50.46863199211657" lon="11.317887967452407">
        <ele>709.39999999999998</ele>
      </trkpt>
      <trkpt lat="50.468739029020071" lon="11.31735697388649">
        <ele>708.89999999999998</ele>
      </trkpt>
      <trkpt lat="50.46882402151823" lon="11.3170559797436">
        <ele>708.60000000000002</ele>
      </trkpt>
      <trkpt lat="50.46888998709619" lon="11.316747022792697">
        <ele>708.70000000000005</ele>
      </trkpt>
      <trkpt lat="50.469020996242762" lon="11.316320970654488">
        <ele>709.10000000000002</ele>
      </trkpt>
      <trkpt lat="50.469088973477483" lon="11.316099017858505">
        <ele>709.60000000000002</ele>
      </trkpt>
      <trkpt lat="50.469249989837408" lon="11.315752007067204">
        <ele>709.39999999999998</ele>
      </trkpt>
      <trkpt lat="50.469464985653758" lon="11.315398039296269">
        <ele>708.29999999999995</ele>
      </trkpt>
      <trkpt lat="50.469679981470108" lon="11.315043987706304">
        <ele>707.39999999999998</ele>
      </trkpt>
      <trkpt lat="50.469894977286458" lon="11.314690019935369">
        <ele>706.5</ele>
      </trkpt>
      <trkpt lat="50.46996203251183" lon="11.314579965546727">
        <ele>706.39999999999998</ele>
      </trkpt>
      <trkpt lat="50.470233019441366" lon="11.314164977520704">
        <ele>706.70000000000005</ele>
      </trkpt>
      <trkpt lat="50.470503000542521" lon="11.313750995323062">
        <ele>706.5</ele>
      </trkpt>
      <trkpt lat="50.470773987472057" lon="11.31333701312542">
        <ele>706</ele>
      </trkpt>
      <trkpt lat="50.471043968573213" lon="11.312922025099397">
        <ele>705.5</ele>
      </trkpt>
      <trkpt lat="50.47131503932178" lon="11.312507959082723">
        <ele>704.89999999999998</ele>
      </trkpt>
      <trkpt lat="50.471585020422935" lon="11.31209397688508">
        <ele>704.20000000000005</ele>
      </trkpt>
      <trkpt lat="50.471864975988865" lon="11.311665996909142">
        <ele>703.60000000000002</ele>
      </trkpt>
      <trkpt lat="50.472144009545445" lon="11.311239022761583">
        <ele>703.20000000000005</ele>
      </trkpt>
      <trkpt lat="50.472422959282994" lon="11.310810958966613">
        <ele>702.89999999999998</ele>
      </trkpt>
      <trkpt lat="50.472701992839575" lon="11.310382978990674">
        <ele>702.60000000000002</ele>
      </trkpt>
      <trkpt lat="50.472945990040898" lon="11.31000897847116">
        <ele>702.29999999999995</ele>
      </trkpt>
      <trkpt lat="50.473189987242222" lon="11.309635983780026">
        <ele>701.89999999999998</ele>
      </trkpt>
      <trkpt lat="50.473432978615165" lon="11.309261983260512">
        <ele>701.5</ele>
      </trkpt>
      <trkpt lat="50.473597012460232" lon="11.309003988280892">
        <ele>701.20000000000005</ele>
      </trkpt>
      <trkpt lat="50.473760962486267" lon="11.308745993301272">
        <ele>700.89999999999998</ele>
      </trkpt>
      <trkpt lat="50.473995991051197" lon="11.308292029425502">
        <ele>700.70000000000005</ele>
      </trkpt>
      <trkpt lat="50.474191037937999" lon="11.307916017249227">
        <ele>700.70000000000005</ele>
      </trkpt>
      <trkpt lat="50.474236970767379" lon="11.30783898755908">
        <ele>700.70000000000005</ele>
      </trkpt>
      <trkpt lat="50.474362028762698" lon="11.307692974805832">
        <ele>700.70000000000005</ele>
      </trkpt>
      <trkpt lat="50.474483985453844" lon="11.307593984529376">
        <ele>700.79999999999995</ele>
      </trkpt>
      <trkpt lat="50.474665034562349" lon="11.307463981211185">
        <ele>700.89999999999998</ele>
      </trkpt>
      <trkpt lat="50.474986983463168" lon="11.307104984298348">
        <ele>702.10000000000002</ele>
      </trkpt>
      <trkpt lat="50.475309016183019" lon="11.306744981557131">
        <ele>704.20000000000005</ele>
      </trkpt>
      <trkpt lat="50.475687040016055" lon="11.306370981037617">
        <ele>706.5</ele>
      </trkpt>
      <trkpt lat="50.47606498003006" lon="11.305996980518103">
        <ele>708.70000000000005</ele>
      </trkpt>
      <trkpt lat="50.476443003863096" lon="11.305622979998589">
        <ele>710.79999999999995</ele>
      </trkpt>
      <trkpt lat="50.476821027696133" lon="11.305248979479074">
        <ele>712.70000000000005</ele>
      </trkpt>
      <trkpt lat="50.477198967710137" lon="11.30487497895956">
        <ele>713.89999999999998</ele>
      </trkpt>
      <trkpt lat="50.477576991543174" lon="11.304499972611666">
        <ele>714.79999999999995</ele>
      </trkpt>
      <trkpt lat="50.47795501537621" lon="11.304125972092152">
        <ele>715.29999999999995</ele>
      </trkpt>
      <trkpt lat="50.47821200452745" lon="11.303807962685823">
        <ele>716.10000000000002</ele>
      </trkpt>
      <trkpt lat="50.47846999950707" lon="11.303490037098527">
        <ele>716.79999999999995</ele>
      </trkpt>
      <trkpt lat="50.47872799448669" lon="11.303172027692199">
        <ele>717.29999999999995</ele>
      </trkpt>
      <trkpt lat="50.478895967826247" lon="11.303381994366646">
        <ele>715.60000000000002</ele>
      </trkpt>
      <trkpt lat="50.479009039700031" lon="11.303436979651451">
        <ele>714.79999999999995</ele>
      </trkpt>
      <trkpt lat="50.479110041633248" lon="11.303435973823071">
        <ele>714.20000000000005</ele>
      </trkpt>
      <trkpt lat="50.479383962228894" lon="11.303200023248792">
        <ele>713.39999999999998</ele>
      </trkpt>
      <trkpt lat="50.479657966643572" lon="11.302963988855481">
        <ele>712.60000000000002</ele>
      </trkpt>
      <trkpt lat="50.479771038517356" lon="11.303113019093871">
        <ele>711.10000000000002</ele>
      </trkpt>
      <trkpt lat="50.480038002133369" lon="11.303200023248792">
        <ele>708.89999999999998</ele>
      </trkpt>
      <trkpt lat="50.480295997112989" lon="11.303236987441778">
        <ele>707.29999999999995</ele>
      </trkpt>
      <trkpt lat="50.480452990159392" lon="11.303233969956636">
        <ele>706.5</ele>
      </trkpt>
      <trkpt lat="50.480614006519318" lon="11.303207986056805">
        <ele>705.89999999999998</ele>
      </trkpt>
      <trkpt lat="50.48089899122715" lon="11.303118970245123">
        <ele>705.20000000000005</ele>
      </trkpt>
      <trkpt lat="50.481099989265203" lon="11.303053004667163">
        <ele>704.70000000000005</ele>
      </trkpt>
      <trkpt lat="50.481278020888567" lon="11.302950996905565">
        <ele>704.39999999999998</ele>
      </trkpt>
      <trkpt lat="50.481443982571363" lon="11.302843037992716">
        <ele>704</ele>
      </trkpt>
      <trkpt lat="50.481604998931289" lon="11.302699036896229">
        <ele>703.5</ele>
      </trkpt>
      <trkpt lat="50.481766015291214" lon="11.302549000829458">
        <ele>702.79999999999995</ele>
      </trkpt>
      <trkpt lat="50.481899036094546" lon="11.302384966984391">
        <ele>702.10000000000002</ele>
      </trkpt>
      <trkpt lat="50.48199500888586" lon="11.302253035828471">
        <ele>701.39999999999998</ele>
      </trkpt>
      <trkpt lat="50.482067009434104" lon="11.302102999761701">
        <ele>700.89999999999998</ele>
      </trkpt>
      <trkpt lat="50.482121994718909" lon="11.301957992836833">
        <ele>700.39999999999998</ele>
      </trkpt>
      <trkpt lat="50.48216700553894" lon="11.301782978698611">
        <ele>700</ele>
      </trkpt>
      <trkpt lat="50.482215033844113" lon="11.301528001204133">
        <ele>699.39999999999998</ele>
      </trkpt>
      <trkpt lat="50.482214028015733" lon="11.301480978727341">
        <ele>699.39999999999998</ele>
      </trkpt>
      <trkpt lat="50.482197012752295" lon="11.301260031759739">
        <ele>699.60000000000002</ele>
      </trkpt>
      <trkpt lat="50.482127023860812" lon="11.300840014591813">
        <ele>700.5</ele>
      </trkpt>
      <trkpt lat="50.482072038576007" lon="11.30053399130702">
        <ele>701.29999999999995</ele>
      </trkpt>
      <trkpt lat="50.48195200972259" lon="11.299892021343112">
        <ele>702.70000000000005</ele>
      </trkpt>
      <trkpt lat="50.481884032487869" lon="11.299531012773514">
        <ele>703.20000000000005</ele>
      </trkpt>
      <trkpt lat="50.481963995844126" lon="11.29933001473546">
        <ele>702.29999999999995</ele>
      </trkpt>
      <trkpt lat="50.482050999999046" lon="11.299190958961844">
        <ele>701.5</ele>
      </trkpt>
      <trkpt lat="50.482035996392369" lon="11.298785023391247">
        <ele>700.89999999999998</ele>
      </trkpt>
      <trkpt lat="50.482075978070498" lon="11.298428038135171">
        <ele>699.5</ele>
      </trkpt>
      <trkpt lat="50.482115959748626" lon="11.298070969060063">
        <ele>698.5</ele>
      </trkpt>
      <trkpt lat="50.482190977782011" lon="11.297752037644386">
        <ele>698</ele>
      </trkpt>
      <trkpt lat="50.482334978878498" lon="11.297369990497828">
        <ele>697.70000000000005</ele>
      </trkpt>
      <trkpt lat="50.482478979974985" lon="11.2969880271703">
        <ele>698.10000000000002</ele>
      </trkpt>
      <trkpt lat="50.482699004933238" lon="11.29651696421206">
        <ele>699.29999999999995</ele>
      </trkpt>
      <trkpt lat="50.48291802406311" lon="11.296044979244471">
        <ele>700.39999999999998</ele>
      </trkpt>
      <trkpt lat="50.483137965202332" lon="11.295574000105262">
        <ele>702</ele>
      </trkpt>
      <trkpt lat="50.48326101154089" lon="11.295258002355695">
        <ele>703.10000000000002</ele>
      </trkpt>
      <trkpt lat="50.483384979888797" lon="11.294942004606128">
        <ele>704.5</ele>
      </trkpt>
      <trkpt lat="50.483550019562244" lon="11.294419979676604">
        <ele>706.39999999999998</ele>
      </trkpt>
      <trkpt lat="50.483642974868417" lon="11.294056037440896">
        <ele>707.89999999999998</ele>
      </trkpt>
      <trkpt lat="50.483736013993621" lon="11.293693017214537">
        <ele>709.29999999999995</ele>
      </trkpt>
      <trkpt lat="50.48388697206974" lon="11.293030008673668">
        <ele>711.89999999999998</ele>
      </trkpt>
      <trkpt lat="50.484039019793272" lon="11.292367000132799">
        <ele>714.10000000000002</ele>
      </trkpt>
      <trkpt lat="50.484189977869391" lon="11.29170399159193">
        <ele>715.79999999999995</ele>
      </trkpt>
      <trkpt lat="50.484492983669043" lon="11.291449014097452">
        <ele>717.10000000000002</ele>
      </trkpt>
      <trkpt lat="50.484795989468694" lon="11.291193030774593">
        <ele>719</ele>
      </trkpt>
      <trkpt lat="50.48489598557353" lon="11.291108960285783">
        <ele>719.70000000000005</ele>
      </trkpt>
      <trkpt lat="50.485148029401898" lon="11.290896981954575">
        <ele>721.70000000000005</ele>
      </trkpt>
      <trkpt lat="50.485399989411235" lon="11.290685003623366">
        <ele>723.89999999999998</ele>
      </trkpt>
      <trkpt lat="50.485610039904714" lon="11.290360037237406">
        <ele>725.89999999999998</ele>
      </trkpt>
      <trkpt lat="50.485820006579161" lon="11.290033981204033">
        <ele>727.70000000000005</ele>
      </trkpt>
      <trkpt lat="50.486029973253608" lon="11.289696022868156">
        <ele>729.10000000000002</ele>
      </trkpt>
      <trkpt lat="50.486080013215542" lon="11.289096968248487">
        <ele>729.39999999999998</ele>
      </trkpt>
      <trkpt lat="50.486104991286993" lon="11.288430020213127">
        <ele>729.5</ele>
      </trkpt>
      <trkpt lat="50.486130975186825" lon="11.287762988358736">
        <ele>729.70000000000005</ele>
      </trkpt>
      <trkpt lat="50.486156037077308" lon="11.287096962332726">
        <ele>729.89999999999998</ele>
      </trkpt>
      <trkpt lat="50.486082024872303" lon="11.286519030109048">
        <ele>729.89999999999998</ele>
      </trkpt>
      <trkpt lat="50.486008012667298" lon="11.285941014066339">
        <ele>729.89999999999998</ele>
      </trkpt>
      <trkpt lat="50.485935006290674" lon="11.28536400385201">
        <ele>729.89999999999998</ele>
      </trkpt>
      <trkpt lat="50.48586099408567" lon="11.2847859878093">
        <ele>729.60000000000002</ele>
      </trkpt>
      <trkpt lat="50.485797040164471" lon="11.284281983971596">
        <ele>728.39999999999998</ele>
      </trkpt>
      <trkpt lat="50.48573300242424" lon="11.283777980133891">
        <ele>726.70000000000005</ele>
      </trkpt>
      <trkpt lat="50.485638035461307" lon="11.283457037061453">
        <ele>725.39999999999998</ele>
      </trkpt>
      <trkpt lat="50.485541978850961" lon="11.283135004341602">
        <ele>724</ele>
      </trkpt>
      <trkpt lat="50.485477019101381" lon="11.282796040177345">
        <ele>722.70000000000005</ele>
      </trkpt>
      <trkpt lat="50.485601993277669" lon="11.282374011352658">
        <ele>721.70000000000005</ele>
      </trkpt>
      <trkpt lat="50.485726967453957" lon="11.281951982527971">
        <ele>721.10000000000002</ele>
      </trkpt>
      <trkpt lat="50.48586199991405" lon="11.281407997012138">
        <ele>720.60000000000002</ele>
      </trkpt>
      <trkpt lat="50.485971970483661" lon="11.280795028433204">
        <ele>720.39999999999998</ele>
      </trkpt>
      <trkpt lat="50.486081019043922" lon="11.280182981863618">
        <ele>719.29999999999995</ele>
      </trkpt>
      <trkpt lat="50.486278999596834" lon="11.279559032991529">
        <ele>718.89999999999998</ele>
      </trkpt>
      <trkpt lat="50.486475974321365" lon="11.278933994472027">
        <ele>718.70000000000005</ele>
      </trkpt>
      <trkpt lat="50.486673032864928" lon="11.278309961780906">
        <ele>718.60000000000002</ele>
      </trkpt>
      <trkpt lat="50.48687101341784" lon="11.277685007080436">
        <ele>718.29999999999995</ele>
      </trkpt>
      <trkpt lat="50.486863972619176" lon="11.27720003016293">
        <ele>717</ele>
      </trkpt>
      <trkpt lat="50.486857015639544" lon="11.276714969426394">
        <ele>715.60000000000002</ele>
      </trkpt>
      <trkpt lat="50.48685098066926" lon="11.276228986680508">
        <ele>714.20000000000005</ele>
      </trkpt>
      <trkpt lat="50.486833965405822" lon="11.275675026699901">
        <ele>712.29999999999995</ele>
      </trkpt>
      <trkpt lat="50.486816028133035" lon="11.275119977071881">
        <ele>710</ele>
      </trkpt>
      <trkpt lat="50.486799012869596" lon="11.274566017091274">
        <ele>707.20000000000005</ele>
      </trkpt>
      <trkpt lat="50.486781997606158" lon="11.274011973291636">
        <ele>704.20000000000005</ele>
      </trkpt>
      <trkpt lat="50.486804964020848" lon="11.273727994412184">
        <ele>702.79999999999995</ele>
      </trkpt>
      <trkpt lat="50.486894985660911" lon="11.273448038846254">
        <ele>701.79999999999995</ele>
      </trkpt>
      <trkpt lat="50.486999005079269" lon="11.273222984746099">
        <ele>701.10000000000002</ele>
      </trkpt>
      <trkpt lat="50.487175025045872" lon="11.273079989477992">
        <ele>701</ele>
      </trkpt>
      <trkpt lat="50.487448023632169" lon="11.27303103916347">
        <ele>701.70000000000005</ele>
      </trkpt>
      <trkpt lat="50.487778019160032" lon="11.273057023063302">
        <ele>702.79999999999995</ele>
      </trkpt>
      <trkpt lat="50.488108014687896" lon="11.273082001134753">
        <ele>703.70000000000005</ele>
      </trkpt>
      <trkpt lat="50.488326027989388" lon="11.273026010021567">
        <ele>703.70000000000005</ele>
      </trkpt>
      <trkpt lat="50.488472962751985" lon="11.272957026958466">
        <ele>703.60000000000002</ele>
      </trkpt>
      <trkpt lat="50.488498024642467" lon="11.272773966193199">
        <ele>702.89999999999998</ele>
      </trkpt>
      <trkpt lat="50.488682007417083" lon="11.272213971242309">
        <ele>701.39999999999998</ele>
      </trkpt>
      <trkpt lat="50.488864984363317" lon="11.271654982119799">
        <ele>700.60000000000002</ele>
      </trkpt>
      <trkpt lat="50.489048967137933" lon="11.271095992997289">
        <ele>698.79999999999995</ele>
      </trkpt>
      <trkpt lat="50.489232027903199" lon="11.270537003874779">
        <ele>698</ele>
      </trkpt>
      <trkpt lat="50.489416010677814" lon="11.269978014752269">
        <ele>697.5</ele>
      </trkpt>
      <trkpt lat="50.48959999345243" lon="11.269419025629759">
        <ele>696</ele>
      </trkpt>
      <trkpt lat="50.489786993712187" lon="11.268843021243811">
        <ele>695.79999999999995</ele>
      </trkpt>
      <trkpt lat="50.489973993971944" lon="11.268267016857862">
        <ele>695.60000000000002</ele>
      </trkpt>
      <trkpt lat="50.490160994231701" lon="11.267691012471914">
        <ele>695.29999999999995</ele>
      </trkpt>
      <trkpt lat="50.490342965349555" lon="11.267109978944063">
        <ele>695.89999999999998</ele>
      </trkpt>
      <trkpt lat="50.490452013909817" lon="11.266674036160111">
        <ele>695.89999999999998</ele>
      </trkpt>
      <trkpt lat="50.490484032779932" lon="11.26649902202189">
        <ele>695.60000000000002</ele>
      </trkpt>
      <trkpt lat="50.490499036386609" lon="11.266446970403194">
        <ele>695.60000000000002</ele>
      </trkpt>
      <trkpt lat="50.490713026374578" lon="11.266237003728747">
        <ele>696.10000000000002</ele>
      </trkpt>
      <trkpt lat="50.490850992500782" lon="11.266065007075667">
        <ele>696.29999999999995</ele>
      </trkpt>
      <trkpt lat="50.490979989990592" lon="11.26583500765264">
        <ele>697</ele>
      </trkpt>
      <trkpt lat="50.491073029115796" lon="11.265769964084029">
        <ele>697.60000000000002</ele>
      </trkpt>
      <trkpt lat="50.491099013015628" lon="11.265932992100716">
        <ele>697.39999999999998</ele>
      </trkpt>
      <trkpt lat="50.491219963878393" lon="11.265832995995879">
        <ele>698.29999999999995</ele>
      </trkpt>
      <trkpt lat="50.491303028538823" lon="11.265499982982874">
        <ele>700.10000000000002</ele>
      </trkpt>
      <trkpt lat="50.491385003551841" lon="11.265167975798249">
        <ele>702</ele>
      </trkpt>
      <trkpt lat="50.491420961916447" lon="11.264909980818629">
        <ele>703.29999999999995</ele>
      </trkpt>
      <trkpt lat="50.491437977179885" lon="11.264698002487421">
        <ele>704.29999999999995</ele>
      </trkpt>
      <trkpt lat="50.491424985229969" lon="11.264236997812986">
        <ele>706</ele>
      </trkpt>
      <trkpt lat="50.491412999108434" lon="11.263775993138552">
        <ele>707.39999999999998</ele>
      </trkpt>
      <trkpt lat="50.491429008543491" lon="11.263496959581971">
        <ele>708.10000000000002</ele>
      </trkpt>
      <trkpt lat="50.491501009091735" lon="11.263194037601352">
        <ele>709.29999999999995</ele>
      </trkpt>
      <trkpt lat="50.491617014631629" lon="11.262520970776677">
        <ele>708.5</ele>
      </trkpt>
      <trkpt lat="50.491732014343143" lon="11.261847987771034">
        <ele>707.5</ele>
      </trkpt>
      <trkpt lat="50.491932006552815" lon="11.261411961168051">
        <ele>707.70000000000005</ele>
      </trkpt>
      <trkpt lat="50.492131998762488" lon="11.260976018384099">
        <ele>706.5</ele>
      </trkpt>
      <trkpt lat="50.492331990972161" lon="11.260539991781116">
        <ele>704</ele>
      </trkpt>
      <trkpt lat="50.492623010650277" lon="11.260007992386818">
        <ele>700.20000000000005</ele>
      </trkpt>
      <trkpt lat="50.492706997320056" lon="11.259867008775473">
        <ele>699.10000000000002</ele>
      </trkpt>
      <trkpt lat="50.492828032001853" lon="11.259654024615884">
        <ele>697.70000000000005</ele>
      </trkpt>
      <trkpt lat="50.492953006178141" lon="11.259398041293025">
        <ele>696.39999999999998</ele>
      </trkpt>
      <trkpt lat="50.49329599365592" lon="11.258968971669674">
        <ele>695.5</ele>
      </trkpt>
      <trkpt lat="50.493443012237549" lon="11.25837997533381">
        <ele>692.20000000000005</ele>
      </trkpt>
      <trkpt lat="50.493425996974111" lon="11.25786398537457">
        <ele>688.29999999999995</ele>
      </trkpt>
      <trkpt lat="50.493408981710672" lon="11.25734799541533">
        <ele>686.5</ele>
      </trkpt>
      <trkpt lat="50.493577960878611" lon="11.257105004042387">
        <ele>686.10000000000002</ele>
      </trkpt>
      <trkpt lat="50.493743000552058" lon="11.256803004071116">
        <ele>685.79999999999995</ele>
      </trkpt>
      <trkpt lat="50.493911979719996" lon="11.256344011053443">
        <ele>685.10000000000002</ele>
      </trkpt>
      <trkpt lat="50.494080958887935" lon="11.255885018035769">
        <ele>683.5</ele>
      </trkpt>
      <trkpt lat="50.494494019076228" lon="11.255839001387358">
        <ele>688</ele>
      </trkpt>
      <trkpt lat="50.4946060013026" lon="11.255685025826097">
        <ele>689.70000000000005</ele>
      </trkpt>
      <trkpt lat="50.494828959926963" lon="11.255515040829778">
        <ele>692.60000000000002</ele>
      </trkpt>
      <trkpt lat="50.495052002370358" lon="11.255343966186047">
        <ele>696.10000000000002</ele>
      </trkpt>
      <trkpt lat="50.495328018441796" lon="11.255125030875206">
        <ele>701.39999999999998</ele>
      </trkpt>
      <trkpt lat="50.495465984568" lon="11.255041966214776">
        <ele>703.89999999999998</ele>
      </trkpt>
      <trkpt lat="50.495507977902889" lon="11.254551038146019">
        <ele>707.70000000000005</ele>
      </trkpt>
      <trkpt lat="50.495494985952973" lon="11.253982996568084">
        <ele>710.29999999999995</ele>
      </trkpt>
      <trkpt lat="50.495455004274845" lon="11.253442028537393">
        <ele>714.10000000000002</ele>
      </trkpt>
      <trkpt lat="50.49540395848453" lon="11.253058975562453">
        <ele>716.5</ele>
      </trkpt>
      <trkpt lat="50.495352996513247" lon="11.252676006406546">
        <ele>719.10000000000002</ele>
      </trkpt>
      <trkpt lat="50.495321983471513" lon="11.252221958711743">
        <ele>722.5</ele>
      </trkpt>
      <trkpt lat="50.49531502649188" lon="11.251628017053008">
        <ele>728.79999999999995</ele>
      </trkpt>
      <trkpt lat="50.495257023721933" lon="11.251214034855366">
        <ele>731.29999999999995</ele>
      </trkpt>
      <trkpt lat="50.495198015123606" lon="11.250800974667072">
        <ele>735</ele>
      </trkpt>
      <trkpt lat="50.495133977383375" lon="11.250521019101143">
        <ele>737.39999999999998</ele>
      </trkpt>
      <trkpt lat="50.494990982115269" lon="11.250093961134553">
        <ele>740.60000000000002</ele>
      </trkpt>
      <trkpt lat="50.494847986847162" lon="11.249665981158614">
        <ele>741.89999999999998</ele>
      </trkpt>
      <trkpt lat="50.494774980470538" lon="11.249204976484179">
        <ele>746.20000000000005</ele>
      </trkpt>
      <trkpt lat="50.494694011285901" lon="11.248706001788378">
        <ele>750.29999999999995</ele>
      </trkpt>
      <trkpt lat="50.494612036272883" lon="11.248207027092576">
        <ele>754.29999999999995</ele>
      </trkpt>
      <trkpt lat="50.494470968842506" lon="11.247635968029499">
        <ele>757.70000000000005</ele>
      </trkpt>
      <trkpt lat="50.494329985231161" lon="11.247063986957073">
        <ele>760.89999999999998</ele>
      </trkpt>
      <trkpt lat="50.494189001619816" lon="11.246493011713028">
        <ele>763.20000000000005</ele>
      </trkpt>
      <trkpt lat="50.494115995243192" lon="11.246017003431916">
        <ele>766</ele>
      </trkpt>
      <trkpt lat="50.494075007736683" lon="11.245535966008902">
        <ele>769.29999999999995</ele>
      </trkpt>
      <trkpt lat="50.494034020230174" lon="11.245055012404919">
        <ele>771.60000000000002</ele>
      </trkpt>
      <trkpt lat="50.493984986096621" lon="11.244746977463365">
        <ele>772.60000000000002</ele>
      </trkpt>
      <trkpt lat="50.494006024673581" lon="11.24428303912282">
        <ele>775.39999999999998</ele>
      </trkpt>
      <trkpt lat="50.494027985259891" lon="11.243818011134863">
        <ele>777.60000000000002</ele>
      </trkpt>
      <trkpt lat="50.493993032723665" lon="11.243365975096822">
        <ele>779</ele>
      </trkpt>
      <trkpt lat="50.493959002196789" lon="11.242915028706193">
        <ele>780.10000000000002</ele>
      </trkpt>
      <trkpt lat="50.493924971669912" lon="11.242643035948277">
        <ele>780.60000000000002</ele>
      </trkpt>
      <trkpt lat="50.493924971669912" lon="11.242479002103209">
        <ele>780.89999999999998</ele>
      </trkpt>
      <trkpt lat="50.493956990540028" lon="11.242160992696881">
        <ele>781.89999999999998</ele>
      </trkpt>
      <trkpt lat="50.494181038811803" lon="11.24224497936666">
        <ele>783.10000000000002</ele>
      </trkpt>
      <trkpt lat="50.494491001591086" lon="11.242476990446448">
        <ele>784.10000000000002</ele>
      </trkpt>
      <trkpt lat="50.494597032666206" lon="11.242575980722904">
        <ele>784.39999999999998</ele>
      </trkpt>
      <trkpt lat="50.494670961052179" lon="11.242715958505869">
        <ele>784.5</ele>
      </trkpt>
      <trkpt lat="50.49469300545752" lon="11.242789970710874">
        <ele>784.5</ele>
      </trkpt>
      <trkpt lat="50.494699962437153" lon="11.24220097437501">
        <ele>784.89999999999998</ele>
      </trkpt>
      <trkpt lat="50.494707003235817" lon="11.241611978039145">
        <ele>785.29999999999995</ele>
      </trkpt>
      <trkpt lat="50.494713960215449" lon="11.241022981703281">
        <ele>785.70000000000005</ele>
      </trkpt>
      <trkpt lat="50.494721001014113" lon="11.240432979539037">
        <ele>786.20000000000005</ele>
      </trkpt>
      <trkpt lat="50.494728041812778" lon="11.239843983203173">
        <ele>786.70000000000005</ele>
      </trkpt>
      <trkpt lat="50.494730975478888" lon="11.239160019904375">
        <ele>787.29999999999995</ele>
      </trkpt>
      <trkpt lat="50.494730975478888" lon="11.238533975556493">
        <ele>787.89999999999998</ele>
      </trkpt>
      <trkpt lat="50.494731981307268" lon="11.237909020856023">
        <ele>788.5</ele>
      </trkpt>
      <trkpt lat="50.494731981307268" lon="11.237283982336521">
        <ele>789</ele>
      </trkpt>
      <trkpt lat="50.494769029319286" lon="11.236686017364264">
        <ele>789.20000000000005</ele>
      </trkpt>
      <trkpt lat="50.494769029319286" lon="11.236088974401355">
        <ele>789.5</ele>
      </trkpt>
      <trkpt lat="50.494810016825795" lon="11.235640039667487">
        <ele>789.20000000000005</ele>
      </trkpt>
      <trkpt lat="50.494785960763693" lon="11.235336028039455">
        <ele>789.20000000000005</ele>
      </trkpt>
      <trkpt lat="50.49480197019875" lon="11.234664972871542">
        <ele>788.5</ele>
      </trkpt>
      <trkpt lat="50.494867013767362" lon="11.234084023162723">
        <ele>787.20000000000005</ele>
      </trkpt>
      <trkpt lat="50.494876988232136" lon="11.233711028471589">
        <ele>786.39999999999998</ele>
      </trkpt>
      <trkpt lat="50.49488796852529" lon="11.233338033780456">
        <ele>785.70000000000005</ele>
      </trkpt>
      <trkpt lat="50.494964998215437" lon="11.23270696029067">
        <ele>783.79999999999995</ele>
      </trkpt>
      <trkpt lat="50.495009003207088" lon="11.232540998607874">
        <ele>783.20000000000005</ele>
      </trkpt>
      <trkpt lat="50.495089972391725" lon="11.232165992259979">
        <ele>781.79999999999995</ele>
      </trkpt>
      <trkpt lat="50.495040016248822" lon="11.23171797953546">
        <ele>781</ele>
      </trkpt>
      <trkpt lat="50.495024006813765" lon="11.231312965974212">
        <ele>779.89999999999998</ele>
      </trkpt>
      <trkpt lat="50.495009003207088" lon="11.230908036231995">
        <ele>778.60000000000002</ele>
      </trkpt>
      <trkpt lat="50.495028030127287" lon="11.230689017102122">
        <ele>777.5</ele>
      </trkpt>
      <trkpt lat="50.495081003755331" lon="11.230485001578927">
        <ele>776.10000000000002</ele>
      </trkpt>
      <trkpt lat="50.495277978479862" lon="11.230204040184617">
        <ele>773.89999999999998</ele>
      </trkpt>
      <trkpt lat="50.495471013709903" lon="11.229833979159594">
        <ele>771.5</ele>
      </trkpt>
      <trkpt lat="50.495518036186695" lon="11.229689978063107">
        <ele>770.60000000000002</ele>
      </trkpt>
      <trkpt lat="50.495549971237779" lon="11.229228973388672">
        <ele>768.29999999999995</ele>
      </trkpt>
      <trkpt lat="50.495575033128262" lon="11.22903099283576">
        <ele>767.70000000000005</ele>
      </trkpt>
      <trkpt lat="50.495613003149629" lon="11.228941977024078">
        <ele>767.60000000000002</ele>
      </trkpt>
      <trkpt lat="50.495845014229417" lon="11.228465968742967">
        <ele>768.70000000000005</ele>
      </trkpt>
      <trkpt lat="50.49596001394093" lon="11.22830000706017">
        <ele>769.89999999999998</ele>
      </trkpt>
      <trkpt lat="50.496019022539258" lon="11.228244015946984">
        <ele>770.60000000000002</ele>
      </trkpt>
      <trkpt lat="50.496141985058784" lon="11.228234963491559">
        <ele>771.70000000000005</ele>
      </trkpt>
      <trkpt lat="50.496379025280476" lon="11.22810797765851">
        <ele>773.79999999999995</ele>
      </trkpt>
      <trkpt lat="50.496264025568962" lon="11.22769701294601">
        <ele>775</ele>
      </trkpt>
      <trkpt lat="50.496148020029068" lon="11.227286970242858">
        <ele>776.20000000000005</ele>
      </trkpt>
      <trkpt lat="50.495993960648775" lon="11.226771986111999">
        <ele>777.79999999999995</ele>
      </trkpt>
      <trkpt lat="50.495839985087514" lon="11.226255996152759">
        <ele>779.60000000000002</ele>
      </trkpt>
      <trkpt lat="50.495790028944612" lon="11.226083999499679">
        <ele>780.20000000000005</ele>
      </trkpt>
      <trkpt lat="50.49559598788619" lon="11.225476982071996">
        <ele>782.29999999999995</ele>
      </trkpt>
      <trkpt lat="50.495402030646801" lon="11.224870970472693">
        <ele>783.29999999999995</ele>
      </trkpt>
      <trkpt lat="50.49520798958838" lon="11.224264036864042">
        <ele>784.70000000000005</ele>
      </trkpt>
      <trkpt lat="50.495061976835132" lon="11.223732959479094">
        <ele>785.70000000000005</ele>
      </trkpt>
      <trkpt lat="50.494914958253503" lon="11.223201965913177">
        <ele>786.79999999999995</ele>
      </trkpt>
      <trkpt lat="50.494751008227468" lon="11.222555972635746">
        <ele>788.29999999999995</ele>
      </trkpt>
      <trkpt lat="50.494705997407436" lon="11.222035037353635">
        <ele>790.39999999999998</ele>
      </trkpt>
      <trkpt lat="50.494660986587405" lon="11.221514018252492">
        <ele>792.10000000000002</ele>
      </trkpt>
      <trkpt lat="50.494615975767374" lon="11.220992999151349">
        <ele>793.5</ele>
      </trkpt>
      <trkpt lat="50.49458404071629" lon="11.22058697976172">
        <ele>794.70000000000005</ele>
      </trkpt>
      <trkpt lat="50.494553027674556" lon="11.220181966200471">
        <ele>795.89999999999998</ele>
      </trkpt>
      <trkpt lat="50.494475997984409" lon="11.2195760384202">
        <ele>797</ele>
      </trkpt>
      <trkpt lat="50.494397962465882" lon="11.218971032649279">
        <ele>798.39999999999998</ele>
      </trkpt>
      <trkpt lat="50.494321016594768" lon="11.218365021049976">
        <ele>799.79999999999995</ele>
      </trkpt>
      <trkpt lat="50.494279023259878" lon="11.217897981405258">
        <ele>801</ele>
      </trkpt>
      <trkpt lat="50.494238035753369" lon="11.217431025579572">
        <ele>802.39999999999998</ele>
      </trkpt>
      <trkpt lat="50.494195958599448" lon="11.216963985934854">
        <ele>803.70000000000005</ele>
      </trkpt>
      <trkpt lat="50.494056986644864" lon="11.216349005699158">
        <ele>804.29999999999995</ele>
      </trkpt>
      <trkpt lat="50.493991021066904" lon="11.215763026848435">
        <ele>805.60000000000002</ele>
      </trkpt>
      <trkpt lat="50.49394098110497" lon="11.215105969458818">
        <ele>807.29999999999995</ele>
      </trkpt>
      <trkpt lat="50.493891024962068" lon="11.214450001716614">
        <ele>808.60000000000002</ele>
      </trkpt>
      <trkpt lat="50.493839979171753" lon="11.213793028146029">
        <ele>810.89999999999998</ele>
      </trkpt>
      <trkpt lat="50.493893958628178" lon="11.213584989309311">
        <ele>812.70000000000005</ele>
      </trkpt>
      <trkpt lat="50.493931006640196" lon="11.213494967669249">
        <ele>813.70000000000005</ele>
      </trkpt>
      <trkpt lat="50.494057992473245" lon="11.21332598850131">
        <ele>816.20000000000005</ele>
      </trkpt>
      <trkpt lat="50.494229989126325" lon="11.213051984086633">
        <ele>818.60000000000002</ele>
      </trkpt>
      <trkpt lat="50.494301989674568" lon="11.212807986885309">
        <ele>818.89999999999998</ele>
      </trkpt>
      <trkpt lat="50.494363009929657" lon="11.212410014122725">
        <ele>817.70000000000005</ele>
      </trkpt>
      <trkpt lat="50.494353035464883" lon="11.211872985586524">
        <ele>815.89999999999998</ele>
      </trkpt>
      <trkpt lat="50.494294026866555" lon="11.211558999493718">
        <ele>815.5</ele>
      </trkpt>
      <trkpt lat="50.494160000234842" lon="11.211149040609598">
        <ele>815.5</ele>
      </trkpt>
      <trkpt lat="50.494056986644864" lon="11.210928009822965">
        <ele>815.79999999999995</ele>
      </trkpt>
      <trkpt lat="50.493796980008483" lon="11.210484020411968">
        <ele>817</ele>
      </trkpt>
      <trkpt lat="50.493537979200482" lon="11.210040031000972">
        <ele>818.5</ele>
      </trkpt>
      <trkpt lat="50.493429014459252" lon="11.209795027971268">
        <ele>818.89999999999998</ele>
      </trkpt>
      <trkpt lat="50.493290964514017" lon="11.209346009418368">
        <ele>818.39999999999998</ele>
      </trkpt>
      <trkpt lat="50.493193985894322" lon="11.208824990317225">
        <ele>817.10000000000002</ele>
      </trkpt>
      <trkpt lat="50.493096001446247" lon="11.208302965387702">
        <ele>816.10000000000002</ele>
      </trkpt>
      <trkpt lat="50.49301503226161" lon="11.207691002637148">
        <ele>814.79999999999995</ele>
      </trkpt>
      <trkpt lat="50.492996005341411" lon="11.207338962703943">
        <ele>813.70000000000005</ele>
      </trkpt>
      <trkpt lat="50.492997011169791" lon="11.206893967464566">
        <ele>812</ele>
      </trkpt>
      <trkpt lat="50.492998016998172" lon="11.20644997805357">
        <ele>810.39999999999998</ele>
      </trkpt>
      <trkpt lat="50.492921993136406" lon="11.206009006127715">
        <ele>810.20000000000005</ele>
      </trkpt>
      <trkpt lat="50.49284596927464" lon="11.20556803420186">
        <ele>809.39999999999998</ele>
      </trkpt>
      <trkpt lat="50.492720995098352" lon="11.205019019544125">
        <ele>808.60000000000002</ele>
      </trkpt>
      <trkpt lat="50.492482027038932" lon="11.204444020986557">
        <ele>810.10000000000002</ele>
      </trkpt>
      <trkpt lat="50.492426035925746" lon="11.204094998538494">
        <ele>810.5</ele>
      </trkpt>
      <trkpt lat="50.492397034540772" lon="11.203719992190599">
        <ele>810.79999999999995</ele>
      </trkpt>
      <trkpt lat="50.492369038984179" lon="11.203345991671085">
        <ele>811.5</ele>
      </trkpt>
      <trkpt lat="50.492402985692024" lon="11.202741991728544">
        <ele>811.89999999999998</ele>
      </trkpt>
      <trkpt lat="50.492455037310719" lon="11.202145032584667">
        <ele>812.79999999999995</ele>
      </trkpt>
      <trkpt lat="50.492508010938764" lon="11.201547989621758">
        <ele>813.79999999999995</ele>
      </trkpt>
      <trkpt lat="50.492613958194852" lon="11.200965028256178">
        <ele>813.60000000000002</ele>
      </trkpt>
      <trkpt lat="50.492675984278321" lon="11.200624974444509">
        <ele>813.29999999999995</ele>
      </trkpt>
      <trkpt lat="50.492739016190171" lon="11.200285004451871">
        <ele>812.70000000000005</ele>
      </trkpt>
      <trkpt lat="50.492765000090003" lon="11.19989700615406">
        <ele>812</ele>
      </trkpt>
      <trkpt lat="50.49271403811872" lon="11.199417980387807">
        <ele>811</ele>
      </trkpt>
      <trkpt lat="50.492662992328405" lon="11.198938032612205">
        <ele>809.5</ele>
      </trkpt>
      <trkpt lat="50.492612030357122" lon="11.198459006845951">
        <ele>807.29999999999995</ele>
      </trkpt>
      <trkpt lat="50.4925009701401" lon="11.198131022974849">
        <ele>805.89999999999998</ele>
      </trkpt>
      <trkpt lat="50.492323022335768" lon="11.197928013280034">
        <ele>805.39999999999998</ele>
      </trkpt>
      <trkpt lat="50.492081958800554" lon="11.197785018011928">
        <ele>805.70000000000005</ele>
      </trkpt>
      <trkpt lat="50.491839973255992" lon="11.197642022743821">
        <ele>804.60000000000002</ele>
      </trkpt>
      <trkpt lat="50.491549959406257" lon="11.197398025542498">
        <ele>801.70000000000005</ele>
      </trkpt>
      <trkpt lat="50.491260029375553" lon="11.197154028341174">
        <ele>799.79999999999995</ele>
      </trkpt>
      <trkpt lat="50.491097001358867" lon="11.197051014751196">
        <ele>799.70000000000005</ele>
      </trkpt>
      <trkpt lat="50.490920981392264" lon="11.196969039738178">
        <ele>800.39999999999998</ele>
      </trkpt>
      <trkpt lat="50.490755019709468" lon="11.196785978972912">
        <ele>800.20000000000005</ele>
      </trkpt>
      <trkpt lat="50.490606995299459" lon="11.196400998160243">
        <ele>800.29999999999995</ele>
      </trkpt>
      <trkpt lat="50.490580005571246" lon="11.196224978193641">
        <ele>800.70000000000005</ele>
      </trkpt>
      <trkpt lat="50.490711014717817" lon="11.195689039304852">
        <ele>798.29999999999995</ele>
      </trkpt>
      <trkpt lat="50.490728029981256" lon="11.195546966046095">
        <ele>798.10000000000002</ele>
      </trkpt>
      <trkpt lat="50.49080397002399" lon="11.195361977443099">
        <ele>796.70000000000005</ele>
      </trkpt>
      <trkpt lat="50.490943025797606" lon="11.195138012990355">
        <ele>794.39999999999998</ele>
      </trkpt>
      <trkpt lat="50.490985019132495" lon="11.195015972480178">
        <ele>793.70000000000005</ele>
      </trkpt>
      <trkpt lat="50.49106196500361" lon="11.19461196474731">
        <ele>793</ele>
      </trkpt>
      <trkpt lat="50.49108199775219" lon="11.194124976173043">
        <ele>794.10000000000002</ele>
      </trkpt>
      <trkpt lat="50.49103899858892" lon="11.193618960678577">
        <ele>796.20000000000005</ele>
      </trkpt>
      <trkpt lat="50.49099599942565" lon="11.193114034831524">
        <ele>798</ele>
      </trkpt>
      <trkpt lat="50.491003040224314" lon="11.192665016278625">
        <ele>799.20000000000005</ele>
      </trkpt>
      <trkpt lat="50.491009997203946" lon="11.192217003554106">
        <ele>800.60000000000002</ele>
      </trkpt>
      <trkpt lat="50.491065988317132" lon="11.19194601662457">
        <ele>801</ele>
      </trkpt>
      <trkpt lat="50.491196997463703" lon="11.191654996946454">
        <ele>801.20000000000005</ele>
      </trkpt>
      <trkpt lat="50.491328006610274" lon="11.191363977268338">
        <ele>801.60000000000002</ele>
      </trkpt>
      <trkpt lat="50.49138299189508" lon="11.191262975335121">
        <ele>801.79999999999995</ele>
      </trkpt>
      <trkpt lat="50.49140302464366" lon="11.191183011978865">
        <ele>802</ele>
      </trkpt>
      <trkpt lat="50.491601005196571" lon="11.190727958455682">
        <ele>803.20000000000005</ele>
      </trkpt>
      <trkpt lat="50.491797979921103" lon="11.190272988751531">
        <ele>804.5</ele>
      </trkpt>
      <trkpt lat="50.491952039301395" lon="11.189918015152216">
        <ele>805.20000000000005</ele>
      </trkpt>
      <trkpt lat="50.492106014862657" lon="11.189562035724521">
        <ele>805</ele>
      </trkpt>
      <trkpt lat="50.492324028164148" lon="11.18904797360301">
        <ele>804.20000000000005</ele>
      </trkpt>
      <trkpt lat="50.49254204146564" lon="11.188532989472151">
        <ele>803.39999999999998</ele>
      </trkpt>
      <trkpt lat="50.492760976776481" lon="11.188018005341291">
        <ele>802.70000000000005</ele>
      </trkpt>
      <trkpt lat="50.492978990077972" lon="11.187503021210432">
        <ele>801.89999999999998</ele>
      </trkpt>
      <trkpt lat="50.493198009207845" lon="11.186988037079573">
        <ele>801.39999999999998</ele>
      </trkpt>
      <trkpt lat="50.493416022509336" lon="11.186472969129682">
        <ele>801.10000000000002</ele>
      </trkpt>
      <trkpt lat="50.493634035810828" lon="11.185957984998822">
        <ele>801.29999999999995</ele>
      </trkpt>
      <trkpt lat="50.493852971121669" lon="11.185443000867963">
        <ele>801.70000000000005</ele>
      </trkpt>
      <trkpt lat="50.49423904158175" lon="11.185554983094335">
        <ele>802.5</ele>
      </trkpt>
      <trkpt lat="50.49462603405118" lon="11.185665959492326">
        <ele>803.10000000000002</ele>
      </trkpt>
      <trkpt lat="50.495012020692229" lon="11.185777019709349">
        <ele>803.70000000000005</ele>
      </trkpt>
      <trkpt lat="50.495398007333279" lon="11.18588900193572">
        <ele>804.10000000000002</ele>
      </trkpt>
      <trkpt lat="50.495784999802709" lon="11.185999978333712">
        <ele>804.39999999999998</ele>
      </trkpt>
      <trkpt lat="50.495991026982665" lon="11.186058986932039">
        <ele>804.5</ele>
      </trkpt>
      <trkpt lat="50.496382964774966" lon="11.186181027442217">
        <ele>804.70000000000005</ele>
      </trkpt>
      <trkpt lat="50.496773980557919" lon="11.186302984133363">
        <ele>804.60000000000002</ele>
      </trkpt>
      <trkpt lat="50.497182011604309" lon="11.186426030471921">
        <ele>804</ele>
      </trkpt>
      <trkpt lat="50.497589958831668" lon="11.186547987163067">
        <ele>802.89999999999998</ele>
      </trkpt>
      <trkpt lat="50.497998995706439" lon="11.186670027673244">
        <ele>801.20000000000005</ele>
      </trkpt>
      <trkpt lat="50.49840702675283" lon="11.18679198436439">
        <ele>798.89999999999998</ele>
      </trkpt>
      <trkpt lat="50.498814973980188" lon="11.186915030702949">
        <ele>795.79999999999995</ele>
      </trkpt>
      <trkpt lat="50.499185035005212" lon="11.187025001272559">
        <ele>792.39999999999998</ele>
      </trkpt>
      <trkpt lat="50.499556018039584" lon="11.187133966013789">
        <ele>788.89999999999998</ele>
      </trkpt>
      <trkpt lat="50.499925995245576" lon="11.187244020402431">
        <ele>786.29999999999995</ele>
      </trkpt>
      <trkpt lat="50.500295972451568" lon="11.187353990972042">
        <ele>783.20000000000005</ele>
      </trkpt>
      <trkpt lat="50.500667039304972" lon="11.187463961541653">
        <ele>780.20000000000005</ele>
      </trkpt>
      <trkpt lat="50.501037016510963" lon="11.187574015930295">
        <ele>777.89999999999998</ele>
      </trkpt>
      <trkpt lat="50.501083033159375" lon="11.18754199706018">
        <ele>777.60000000000002</ele>
      </trkpt>
      <trkpt lat="50.501399030908942" lon="11.187631012871861">
        <ele>776.10000000000002</ele>
      </trkpt>
      <trkpt lat="50.501715028658509" lon="11.187720028683543">
        <ele>775</ele>
      </trkpt>
      <trkpt lat="50.502031026408076" lon="11.187808960676193">
        <ele>774.5</ele>
      </trkpt>
      <trkpt lat="50.501771019771695" lon="11.187325995415449">
        <ele>774.10000000000002</ele>
      </trkpt>
      <trkpt lat="50.501511013135314" lon="11.186844035983086">
        <ele>774.20000000000005</ele>
      </trkpt>
      <trkpt lat="50.501251006498933" lon="11.18636098690331">
        <ele>774.79999999999995</ele>
      </trkpt>
      <trkpt lat="50.501064006239176" lon="11.185991009697318">
        <ele>775.5</ele>
      </trkpt>
      <trkpt lat="50.501001980155706" lon="11.185708958655596">
        <ele>775.39999999999998</ele>
      </trkpt>
      <trkpt lat="50.500894021242857" lon="11.185048967599869">
        <ele>775.10000000000002</ele>
      </trkpt>
      <trkpt lat="50.500784972682595" lon="11.184388976544142">
        <ele>775.10000000000002</ele>
      </trkpt>
      <trkpt lat="50.500677013769746" lon="11.183728985488415">
        <ele>774.89999999999998</ele>
      </trkpt>
      <trkpt lat="50.500568971037865" lon="11.183067988604307">
        <ele>774.5</ele>
      </trkpt>
      <trkpt lat="50.500501999631524" lon="11.18238402530551">
        <ele>773</ele>
      </trkpt>
      <trkpt lat="50.500435028225183" lon="11.18169997818768">
        <ele>771.70000000000005</ele>
      </trkpt>
      <trkpt lat="50.500366967171431" lon="11.181016014888883">
        <ele>770.5</ele>
      </trkpt>
      <trkpt lat="50.50029999576509" lon="11.180330961942673">
        <ele>769.10000000000002</ele>
      </trkpt>
      <trkpt lat="50.500204022973776" lon="11.179681029170752">
        <ele>768.10000000000002</ele>
      </trkpt>
      <trkpt lat="50.500106960535049" lon="11.179030006751418">
        <ele>767</ele>
      </trkpt>
      <trkpt lat="50.500003024935722" lon="11.178483003750443">
        <ele>766.79999999999995</ele>
      </trkpt>
      <trkpt lat="50.499853994697332" lon="11.177952010184526">
        <ele>767.70000000000005</ele>
      </trkpt>
      <trkpt lat="50.499705970287323" lon="11.177421016618609">
        <ele>768.79999999999995</ele>
      </trkpt>
      <trkpt lat="50.499558029696345" lon="11.176890023052692">
        <ele>769.70000000000005</ele>
      </trkpt>
      <trkpt lat="50.499401036649942" lon="11.176410997286439">
        <ele>770.39999999999998</ele>
      </trkpt>
      <trkpt lat="50.499243037775159" lon="11.175932977348566">
        <ele>770.70000000000005</ele>
      </trkpt>
      <trkpt lat="50.499085960909724" lon="11.175454035401344">
        <ele>770.39999999999998</ele>
      </trkpt>
      <trkpt lat="50.498812962323427" lon="11.17493100464344">
        <ele>771.10000000000002</ele>
      </trkpt>
      <trkpt lat="50.498639959841967" lon="11.17467300966382">
        <ele>771.89999999999998</ele>
      </trkpt>
      <trkpt lat="50.498393028974533" lon="11.174235977232456">
        <ele>772.70000000000005</ele>
      </trkpt>
      <trkpt lat="50.498146014288068" lon="11.173800034448504">
        <ele>773.5</ele>
      </trkpt>
      <trkpt lat="50.497992038726807" lon="11.173516977578402">
        <ele>773.5</ele>
      </trkpt>
      <trkpt lat="50.497865974903107" lon="11.173310028389096">
        <ele>773.10000000000002</ele>
      </trkpt>
      <trkpt lat="50.497567998245358" lon="11.173026971518993">
        <ele>773.29999999999995</ele>
      </trkpt>
      <trkpt lat="50.497315032407641" lon="11.172853969037533">
        <ele>773.39999999999998</ele>
      </trkpt>
      <trkpt lat="50.497061982750893" lon="11.172680966556072">
        <ele>773.29999999999995</ele>
      </trkpt>
      <trkpt lat="50.496658980846405" lon="11.172415008768439">
        <ele>773</ele>
      </trkpt>
      <trkpt lat="50.496309958398342" lon="11.172171011567116">
        <ele>772.70000000000005</ele>
      </trkpt>
      <trkpt lat="50.495961019769311" lon="11.171926008537412">
        <ele>771.89999999999998</ele>
      </trkpt>
      <trkpt lat="50.495657008141279" lon="11.171670025214553">
        <ele>771</ele>
      </trkpt>
      <trkpt lat="50.495789023116231" lon="11.171294013038278">
        <ele>770.29999999999995</ele>
      </trkpt>
      <trkpt lat="50.495921038091183" lon="11.170916995033622">
        <ele>769.39999999999998</ele>
      </trkpt>
      <trkpt lat="50.496097980067134" lon="11.170497983694077">
        <ele>768.39999999999998</ele>
      </trkpt>
      <trkpt lat="50.496253967285156" lon="11.17009598761797">
        <ele>767.29999999999995</ele>
      </trkpt>
      <trkpt lat="50.49641003832221" lon="11.169692985713482">
        <ele>766.10000000000002</ele>
      </trkpt>
      <trkpt lat="50.496220020577312" lon="11.169373970478773">
        <ele>767.10000000000002</ele>
      </trkpt>
      <trkpt lat="50.495990021154284" lon="11.168894022703171">
        <ele>767.79999999999995</ele>
      </trkpt>
      <trkpt lat="50.495761027559638" lon="11.168413991108537">
        <ele>766.20000000000005</ele>
      </trkpt>
      <trkpt lat="50.495634963735938" lon="11.168139986693859">
        <ele>765.39999999999998</ele>
      </trkpt>
      <trkpt lat="50.495613003149629" lon="11.168045019730926">
        <ele>765.29999999999995</ele>
      </trkpt>
      <trkpt lat="50.495585007593036" lon="11.167426016181707">
        <ele>766.39999999999998</ele>
      </trkpt>
      <trkpt lat="50.495502026751637" lon="11.166796032339334">
        <ele>767.39999999999998</ele>
      </trkpt>
      <trkpt lat="50.49538099206984" lon="11.16631499491632">
        <ele>768</ele>
      </trkpt>
      <trkpt lat="50.495279990136623" lon="11.166113996878266">
        <ele>768.10000000000002</ele>
      </trkpt>
      <trkpt lat="50.495183011516929" lon="11.166025986894965">
        <ele>768.10000000000002</ele>
      </trkpt>
      <trkpt lat="50.495157027617097" lon="11.165943006053567">
        <ele>768.10000000000002</ele>
      </trkpt>
      <trkpt lat="50.495001040399075" lon="11.165540004149079">
        <ele>768.10000000000002</ele>
      </trkpt>
      <trkpt lat="50.49484396353364" lon="11.165135996416211">
        <ele>767.60000000000002</ele>
      </trkpt>
      <trkpt lat="50.494686970487237" lon="11.164731988683343">
        <ele>767.39999999999998</ele>
      </trkpt>
      <trkpt lat="50.494565013796091" lon="11.164491008967161">
        <ele>767.29999999999995</ele>
      </trkpt>
      <trkpt lat="50.49430500715971" lon="11.16427400149405">
        <ele>766.60000000000002</ele>
      </trkpt>
      <trkpt lat="50.494035026058555" lon="11.16408197209239">
        <ele>766.70000000000005</ele>
      </trkpt>
      <trkpt lat="50.493764039129019" lon="11.163890026509762">
        <ele>767.60000000000002</ele>
      </trkpt>
      <trkpt lat="50.493721039965749" lon="11.163860019296408">
        <ele>767.79999999999995</ele>
      </trkpt>
      <trkpt lat="50.493648033589125" lon="11.163807967677712">
        <ele>768</ele>
      </trkpt>
      <trkpt lat="50.493586007505655" lon="11.163999997079372">
        <ele>766.20000000000005</ele>
      </trkpt>
      <trkpt lat="50.493303034454584" lon="11.163858007639647">
        <ele>767.20000000000005</ele>
      </trkpt>
      <trkpt lat="50.493190968409181" lon="11.163729010149837">
        <ele>768</ele>
      </trkpt>
      <trkpt lat="50.493120979517698" lon="11.163593977689743">
        <ele>768.39999999999998</ele>
      </trkpt>
      <trkpt lat="50.493086026981473" lon="11.163409994915128">
        <ele>770</ele>
      </trkpt>
      <trkpt lat="50.492915958166122" lon="11.163154011592269">
        <ele>772.10000000000002</ele>
      </trkpt>
      <trkpt lat="50.492745973169804" lon="11.16289802826941">
        <ele>774.29999999999995</ele>
      </trkpt>
      <trkpt lat="50.492596020922065" lon="11.16272896528244">
        <ele>775.79999999999995</ele>
      </trkpt>
      <trkpt lat="50.49245797097683" lon="11.162773976102471">
        <ele>776.39999999999998</ele>
      </trkpt>
      <trkpt lat="50.492133004590869" lon="11.16298402659595">
        <ele>776.79999999999995</ele>
      </trkpt>
      <trkpt lat="50.491808038204908" lon="11.163192987442017">
        <ele>777.79999999999995</ele>
      </trkpt>
      <trkpt lat="50.491733020171523" lon="11.162540959194303">
        <ele>783.70000000000005</ele>
      </trkpt>
      <trkpt lat="50.491658002138138" lon="11.16188800893724">
        <ele>788.39999999999998</ele>
      </trkpt>
      <trkpt lat="50.491581978276372" lon="11.161234974861145">
        <ele>793.60000000000002</ele>
      </trkpt>
      <trkpt lat="50.491506960242987" lon="11.160583030432463">
        <ele>796</ele>
      </trkpt>
      <trkpt lat="50.491432026028633" lon="11.159929996356368">
        <ele>797</ele>
      </trkpt>
      <trkpt lat="50.491349967196584" lon="11.159458011388779">
        <ele>797.20000000000005</ele>
      </trkpt>
      <trkpt lat="50.491267992183566" lon="11.158986026421189">
        <ele>797.10000000000002</ele>
      </trkpt>
      <trkpt lat="50.491186017170548" lon="11.1585140414536">
        <ele>796.70000000000005</ele>
      </trkpt>
      <trkpt lat="50.491519030183554" lon="11.158346990123391">
        <ele>795.60000000000002</ele>
      </trkpt>
      <trkpt lat="50.491851959377527" lon="11.158180022612214">
        <ele>795</ele>
      </trkpt>
      <trkpt lat="50.492058992385864" lon="11.157900989055634">
        <ele>794.60000000000002</ele>
      </trkpt>
      <trkpt lat="50.492231994867325" lon="11.157301012426615">
        <ele>794.20000000000005</ele>
      </trkpt>
      <trkpt lat="50.492406003177166" lon="11.156702041625977">
        <ele>794.60000000000002</ele>
      </trkpt>
      <trkpt lat="50.492580011487007" lon="11.156102987006307">
        <ele>796</ele>
      </trkpt>
      <trkpt lat="50.492753013968468" lon="11.155504016205668">
        <ele>797.60000000000002</ele>
      </trkpt>
      <trkpt lat="50.492927022278309" lon="11.15490403957665">
        <ele>798.60000000000002</ele>
      </trkpt>
      <trkpt lat="50.493141012266278" lon="11.154900016263127">
        <ele>798.79999999999995</ele>
      </trkpt>
      <trkpt lat="50.493520963937044" lon="11.154795996844769">
        <ele>799.20000000000005</ele>
      </trkpt>
      <trkpt lat="50.493900999426842" lon="11.15469197742641">
        <ele>799.39999999999998</ele>
      </trkpt>
      <trkpt lat="50.494281034916639" lon="11.154587035998702">
        <ele>799.79999999999995</ele>
      </trkpt>
      <trkpt lat="50.494457976892591" lon="11.154572032392025">
        <ele>799.70000000000005</ele>
      </trkpt>
      <trkpt lat="50.494771962985396" lon="11.154447980225086">
        <ele>799.60000000000002</ele>
      </trkpt>
      <trkpt lat="50.495086032897234" lon="11.15432501770556">
        <ele>799.20000000000005</ele>
      </trkpt>
      <trkpt lat="50.495485011488199" lon="11.154064005240798">
        <ele>798.79999999999995</ele>
      </trkpt>
      <trkpt lat="50.495691960677505" lon="11.15376602858305">
        <ele>798.29999999999995</ele>
      </trkpt>
      <trkpt lat="50.495899999514222" lon="11.153466962277889">
        <ele>796.79999999999995</ele>
      </trkpt>
      <trkpt lat="50.496050035580993" lon="11.153435027226806">
        <ele>797.39999999999998</ele>
      </trkpt>
      <trkpt lat="50.496048023924232" lon="11.153275016695261">
        <ele>796.39999999999998</ele>
      </trkpt>
      <trkpt lat="50.496073001995683" lon="11.153172003105283">
        <ele>795.70000000000005</ele>
      </trkpt>
      <trkpt lat="50.49619797617197" lon="11.152999000623822">
        <ele>794.70000000000005</ele>
      </trkpt>
      <trkpt lat="50.49649503082037" lon="11.152676967903972">
        <ele>794</ele>
      </trkpt>
      <trkpt lat="50.496761994436383" lon="11.152273965999484">
        <ele>794.20000000000005</ele>
      </trkpt>
      <trkpt lat="50.497028036043048" lon="11.151871969923377">
        <ele>795.70000000000005</ele>
      </trkpt>
      <trkpt lat="50.497294999659061" lon="11.151468968018889">
        <ele>798.5</ele>
      </trkpt>
      <trkpt lat="50.497599011287093" lon="11.151038976386189">
        <ele>800.5</ele>
      </trkpt>
      <trkpt lat="50.497902017086744" lon="11.150608984753489">
        <ele>803.39999999999998</ele>
      </trkpt>
      <trkpt lat="50.498206028714776" lon="11.150177987292409">
        <ele>805.5</ele>
      </trkpt>
      <trkpt lat="50.498510040342808" lon="11.149747995659709">
        <ele>808.20000000000005</ele>
      </trkpt>
      <trkpt lat="50.498813968151808" lon="11.149318004027009">
        <ele>810.79999999999995</ele>
      </trkpt>
      <trkpt lat="50.499005997553468" lon="11.14895598962903">
        <ele>812.29999999999995</ele>
      </trkpt>
      <trkpt lat="50.499245971441269" lon="11.14863102324307">
        <ele>813.89999999999998</ele>
      </trkpt>
      <trkpt lat="50.499486029148102" lon="11.148305973038077">
        <ele>815.10000000000002</ele>
      </trkpt>
      <trkpt lat="50.499790962785482" lon="11.14781697280705">
        <ele>816.60000000000002</ele>
      </trkpt>
      <trkpt lat="50.500096986070275" lon="11.147327972576022">
        <ele>818</ele>
      </trkpt>
      <trkpt lat="50.500402003526688" lon="11.146838972344995">
        <ele>819.20000000000005</ele>
      </trkpt>
      <trkpt lat="50.500708026811481" lon="11.146350977942348">
        <ele>820.29999999999995</ele>
      </trkpt>
      <trkpt lat="50.501012960448861" lon="11.14586197771132">
        <ele>821.79999999999995</ele>
      </trkpt>
      <trkpt lat="50.501081021502614" lon="11.145854014903307">
        <ele>822.10000000000002</ele>
      </trkpt>
      <trkpt lat="50.501122009009123" lon="11.145931966602802">
        <ele>822.20000000000005</ele>
      </trkpt>
      <trkpt lat="50.501154027879238" lon="11.14599097520113">
        <ele>822.10000000000002</ele>
      </trkpt>
      <trkpt lat="50.501183029264212" lon="11.146043026819825">
        <ele>822</ele>
      </trkpt>
      <trkpt lat="50.501280007883906" lon="11.14620597101748">
        <ele>821.79999999999995</ele>
      </trkpt>
      <trkpt lat="50.501301968470216" lon="11.146244024857879">
        <ele>821.70000000000005</ele>
      </trkpt>
      <trkpt lat="50.50148201175034" lon="11.146560022607446">
        <ele>821.70000000000005</ele>
      </trkpt>
      <trkpt lat="50.50171603448689" lon="11.146964030340314">
        <ele>821.70000000000005</ele>
      </trkpt>
      <trkpt lat="50.501949973404408" lon="11.147368960082531">
        <ele>821.60000000000002</ele>
      </trkpt>
      <trkpt lat="50.502183996140957" lon="11.147772967815399">
        <ele>821.20000000000005</ele>
      </trkpt>
      <trkpt lat="50.502418018877506" lon="11.148176975548267">
        <ele>820.60000000000002</ele>
      </trkpt>
      <trkpt lat="50.502758994698524" lon="11.147744972258806">
        <ele>821.70000000000005</ele>
      </trkpt>
      <trkpt lat="50.503098964691162" lon="11.147312968969345">
        <ele>822.70000000000005</ele>
      </trkpt>
      <trkpt lat="50.503440024331212" lon="11.146879959851503">
        <ele>823.70000000000005</ele>
      </trkpt>
      <trkpt lat="50.50377999432385" lon="11.146448040381074">
        <ele>824.89999999999998</ele>
      </trkpt>
      <trkpt lat="50.504120970144868" lon="11.146016037091613">
        <ele>825.79999999999995</ele>
      </trkpt>
      <trkpt lat="50.504461023956537" lon="11.145584033802152">
        <ele>826.60000000000002</ele>
      </trkpt>
      <trkpt lat="50.504801999777555" lon="11.14515102468431">
        <ele>827.60000000000002</ele>
      </trkpt>
      <trkpt lat="50.504866959527135" lon="11.145061003044248">
        <ele>827.79999999999995</ele>
      </trkpt>
      <trkpt lat="50.504929991438985" lon="11.144904009997845">
        <ele>828.20000000000005</ele>
      </trkpt>
      <trkpt lat="50.504916999489069" lon="11.14478699862957">
        <ele>828.60000000000002</ele>
      </trkpt>
      <trkpt lat="50.504804011434317" lon="11.144449040293694">
        <ele>830</ele>
      </trkpt>
      <trkpt lat="50.504800993949175" lon="11.144322976469994">
        <ele>830.5</ele>
      </trkpt>
      <trkpt lat="50.504827983677387" lon="11.144178975373507">
        <ele>831</ele>
      </trkpt>
      <trkpt lat="50.504891015589237" lon="11.144046960398555">
        <ele>831.29999999999995</ele>
      </trkpt>
      <trkpt lat="50.505151022225618" lon="11.143673965707421">
        <ele>831.39999999999998</ele>
      </trkpt>
      <trkpt lat="50.505410023033619" lon="11.143301976844668">
        <ele>831.10000000000002</ele>
      </trkpt>
      <trkpt lat="50.50567002967" lon="11.142928982153535">
        <ele>830.60000000000002</ele>
      </trkpt>
      <trkpt lat="50.505815036594868" lon="11.142629999667406">
        <ele>830.29999999999995</ele>
      </trkpt>
      <trkpt lat="50.505919978022575" lon="11.142307966947556">
        <ele>830.10000000000002</ele>
      </trkpt>
      <trkpt lat="50.505991978570819" lon="11.141989035531878">
        <ele>829.79999999999995</ele>
      </trkpt>
      <trkpt lat="50.506046963855624" lon="11.14145502448082">
        <ele>829</ele>
      </trkpt>
      <trkpt lat="50.506102032959461" lon="11.140922019258142">
        <ele>828.70000000000005</ele>
      </trkpt>
      <trkpt lat="50.506191970780492" lon="11.140397982671857">
        <ele>828.70000000000005</ele>
      </trkpt>
      <trkpt lat="50.50633798353374" lon="11.139771016314626">
        <ele>828.60000000000002</ele>
      </trkpt>
      <trkpt lat="50.506483996286988" lon="11.139143966138363">
        <ele>828.39999999999998</ele>
      </trkpt>
      <trkpt lat="50.506631014868617" lon="11.138516999781132">
        <ele>828.10000000000002</ele>
      </trkpt>
      <trkpt lat="50.506728999316692" lon="11.138046020641923">
        <ele>827.79999999999995</ele>
      </trkpt>
      <trkpt lat="50.506826983764768" lon="11.137575041502714">
        <ele>827.5</ele>
      </trkpt>
      <trkpt lat="50.506927985697985" lon="11.137014962732792">
        <ele>827.29999999999995</ele>
      </trkpt>
      <trkpt lat="50.507012978196144" lon="11.136495033279061">
        <ele>827.20000000000005</ele>
      </trkpt>
      <trkpt lat="50.50708900205791" lon="11.135950963944197">
        <ele>827.29999999999995</ele>
      </trkpt>
      <trkpt lat="50.507165025919676" lon="11.135407984256744">
        <ele>827.39999999999998</ele>
      </trkpt>
      <trkpt lat="50.507191009819508" lon="11.135050999000669">
        <ele>827.5</ele>
      </trkpt>
      <trkpt lat="50.507216993719339" lon="11.134694013744593">
        <ele>827.70000000000005</ele>
      </trkpt>
      <trkpt lat="50.507171982899308" lon="11.134304003790021">
        <ele>828.20000000000005</ele>
      </trkpt>
      <trkpt lat="50.507127977907658" lon="11.133912988007069">
        <ele>828.89999999999998</ele>
      </trkpt>
      <trkpt lat="50.507139964029193" lon="11.133650969713926">
        <ele>829.10000000000002</ele>
      </trkpt>
      <trkpt lat="50.507072992622852" lon="11.133536975830793">
        <ele>829.29999999999995</ele>
      </trkpt>
      <trkpt lat="50.507078021764755" lon="11.133381994441152">
        <ele>829.29999999999995</ele>
      </trkpt>
      <trkpt lat="50.50693997181952" lon="11.133145960047841">
        <ele>829.29999999999995</ele>
      </trkpt>
      <trkpt lat="50.506842993199825" lon="11.132717980071902">
        <ele>829.20000000000005</ele>
      </trkpt>
      <trkpt lat="50.506736040115356" lon="11.132284970954061">
        <ele>829</ele>
      </trkpt>
      <trkpt lat="50.506790019571781" lon="11.13219796679914">
        <ele>828.79999999999995</ele>
      </trkpt>
      <trkpt lat="50.506819020956755" lon="11.132018007338047">
        <ele>828.60000000000002</ele>
      </trkpt>
      <trkpt lat="50.506850033998489" lon="11.131454994902015">
        <ele>828.10000000000002</ele>
      </trkpt>
      <trkpt lat="50.506880963221192" lon="11.130892988294363">
        <ele>827.60000000000002</ele>
      </trkpt>
      <trkpt lat="50.506910970434546" lon="11.130330981686711">
        <ele>827.39999999999998</ele>
      </trkpt>
      <trkpt lat="50.506941983476281" lon="11.129767969250679">
        <ele>827.79999999999995</ele>
      </trkpt>
      <trkpt lat="50.506977019831538" lon="11.129160029813647">
        <ele>828.20000000000005</ele>
      </trkpt>
      <trkpt lat="50.507010966539383" lon="11.128553012385964">
        <ele>827.39999999999998</ele>
      </trkpt>
      <trkpt lat="50.50704600289464" lon="11.127944989129901">
        <ele>827.20000000000005</ele>
      </trkpt>
      <trkpt lat="50.507075004279613" lon="11.127458000555634">
        <ele>826.89999999999998</ele>
      </trkpt>
      <trkpt lat="50.507062012329698" lon="11.12712699919939">
        <ele>826.70000000000005</ele>
      </trkpt>
      <trkpt lat="50.506984982639551" lon="11.126624001190066">
        <ele>826.5</ele>
      </trkpt>
      <trkpt lat="50.506908036768436" lon="11.126121003180742">
        <ele>826.29999999999995</ele>
      </trkpt>
      <trkpt lat="50.506868977099657" lon="11.125897038727999">
        <ele>826.20000000000005</ele>
      </trkpt>
      <trkpt lat="50.506794964894652" lon="11.125513985753059">
        <ele>826</ele>
      </trkpt>
      <trkpt lat="50.506720030680299" lon="11.125131016597152">
        <ele>825.79999999999995</ele>
      </trkpt>
      <trkpt lat="50.506626991555095" lon="11.124796997755766">
        <ele>825.70000000000005</ele>
      </trkpt>
      <trkpt lat="50.506534036248922" lon="11.124463984742761">
        <ele>825.70000000000005</ele>
      </trkpt>
      <trkpt lat="50.506407972425222" lon="11.123947994783521">
        <ele>825.79999999999995</ele>
      </trkpt>
      <trkpt lat="50.506282998248935" lon="11.123432004824281">
        <ele>826.20000000000005</ele>
      </trkpt>
      <trkpt lat="50.506159029901028" lon="11.123182978481054">
        <ele>826.39999999999998</ele>
      </trkpt>
      <trkpt lat="50.505967000499368" lon="11.122968988493085">
        <ele>826.10000000000002</ele>
      </trkpt>
      <trkpt lat="50.505774971097708" lon="11.122754998505116">
        <ele>825.70000000000005</ele>
      </trkpt>
      <trkpt lat="50.505633987486362" lon="11.122497003525496">
        <ele>825.39999999999998</ele>
      </trkpt>
      <trkpt lat="50.505547989159822" lon="11.122389966621995">
        <ele>825.29999999999995</ele>
      </trkpt>
      <trkpt lat="50.505590988323092" lon="11.12218301743269">
        <ele>825.10000000000002</ele>
      </trkpt>
      <trkpt lat="50.505538014695048" lon="11.122144963592291">
        <ele>825.10000000000002</ele>
      </trkpt>
      <trkpt lat="50.505501972511411" lon="11.122067011892796">
        <ele>825.10000000000002</ele>
      </trkpt>
      <trkpt lat="50.50545696169138" lon="11.121918987482786">
        <ele>825</ele>
      </trkpt>
      <trkpt lat="50.505345985293388" lon="11.121463011950254">
        <ele>824.89999999999998</ele>
      </trkpt>
      <trkpt lat="50.5052849650383" lon="11.12085297703743">
        <ele>824.89999999999998</ele>
      </trkpt>
      <trkpt lat="50.505308015272021" lon="11.120474031195045">
        <ele>824.79999999999995</ele>
      </trkpt>
      <trkpt lat="50.505389990285039" lon="11.119804987683892">
        <ele>824.60000000000002</ele>
      </trkpt>
      <trkpt lat="50.5053920019418" lon="11.119486978277564">
        <ele>824.39999999999998</ele>
      </trkpt>
      <trkpt lat="50.505370041355491" lon="11.119316993281245">
        <ele>824.29999999999995</ele>
      </trkpt>
      <trkpt lat="50.505302986130118" lon="11.119065033271909">
        <ele>824.29999999999995</ele>
      </trkpt>
      <trkpt lat="50.505173988640308" lon="11.118544014170766">
        <ele>823.60000000000002</ele>
      </trkpt>
      <trkpt lat="50.505044991150498" lon="11.118022995069623">
        <ele>822.70000000000005</ele>
      </trkpt>
      <trkpt lat="50.504915993660688" lon="11.11750197596848">
        <ele>822.5</ele>
      </trkpt>
      <trkpt lat="50.504786996170878" lon="11.116981040686369">
        <ele>822.70000000000005</ele>
      </trkpt>
      <trkpt lat="50.504751037806273" lon="11.116665964946151">
        <ele>822.79999999999995</ele>
      </trkpt>
      <trkpt lat="50.504563031718135" lon="11.116259023547173">
        <ele>822.89999999999998</ele>
      </trkpt>
      <trkpt lat="50.504390029236674" lon="11.115971021354198">
        <ele>822.89999999999998</ele>
      </trkpt>
      <trkpt lat="50.504217026755214" lon="11.115683019161224">
        <ele>822.89999999999998</ele>
      </trkpt>
      <trkpt lat="50.503983004018664" lon="11.115382025018334">
        <ele>822.89999999999998</ele>
      </trkpt>
      <trkpt lat="50.503742024302483" lon="11.115151019766927">
        <ele>822.79999999999995</ele>
      </trkpt>
      <trkpt lat="50.50350196659565" lon="11.114920014515519">
        <ele>822.79999999999995</ele>
      </trkpt>
      <trkpt lat="50.503443963825703" lon="11.114862011745572">
        <ele>822.79999999999995</ele>
      </trkpt>
      <trkpt lat="50.503333993256092" lon="11.114754974842072">
        <ele>822.89999999999998</ele>
      </trkpt>
      <trkpt lat="50.503227962180972" lon="11.11477199010551">
        <ele>822.89999999999998</ele>
      </trkpt>
      <trkpt lat="50.502934008836746" lon="11.114595970138907">
        <ele>823</ele>
      </trkpt>
      <trkpt lat="50.502639971673489" lon="11.114420033991337">
        <ele>823.20000000000005</ele>
      </trkpt>
      <trkpt lat="50.502239987254143" lon="11.114354990422726">
        <ele>823.5</ele>
      </trkpt>
      <trkpt lat="50.501985009759665" lon="11.114273015409708">
        <ele>823.79999999999995</ele>
      </trkpt>
      <trkpt lat="50.501603968441486" lon="11.114197997376323">
        <ele>824.39999999999998</ele>
      </trkpt>
      <trkpt lat="50.501213036477566" lon="11.113932961598039">
        <ele>825.29999999999995</ele>
      </trkpt>
      <trkpt lat="50.500821014866233" lon="11.113668009638786">
        <ele>826.10000000000002</ele>
      </trkpt>
      <trkpt lat="50.500586992129683" lon="11.113529037684202">
        <ele>826.60000000000002</ele>
      </trkpt>
      <trkpt lat="50.500351963564754" lon="11.113390987738967">
        <ele>827</ele>
      </trkpt>
      <trkpt lat="50.500266971066594" lon="11.113312030211091">
        <ele>827.20000000000005</ele>
      </trkpt>
      <trkpt lat="50.500158006325364" lon="11.11313802190125">
        <ele>827.60000000000002</ele>
      </trkpt>
      <trkpt lat="50.500091034919024" lon="11.112954961135983">
        <ele>827.89999999999998</ele>
      </trkpt>
      <trkpt lat="50.500005036592484" lon="11.112614991143346">
        <ele>828.5</ele>
      </trkpt>
      <trkpt lat="50.499918032437563" lon="11.112276026979089">
        <ele>829</ele>
      </trkpt>
      <trkpt lat="50.499865980818868" lon="11.111833965405822">
        <ele>829.5</ele>
      </trkpt>
      <trkpt lat="50.499661965295672" lon="11.111284028738737">
        <ele>830</ele>
      </trkpt>
      <trkpt lat="50.499457027763128" lon="11.110734008252621">
        <ele>830.20000000000005</ele>
      </trkpt>
      <trkpt lat="50.49937698058784" lon="11.110264034941792">
        <ele>830.39999999999998</ele>
      </trkpt>
      <trkpt lat="50.499296011403203" lon="11.109793977811933">
        <ele>830.5</ele>
      </trkpt>
      <trkpt lat="50.499214958399534" lon="11.109324004501104">
        <ele>830.70000000000005</ele>
      </trkpt>
      <trkpt lat="50.499056037515402" lon="11.108795022591949">
        <ele>831</ele>
      </trkpt>
      <trkpt lat="50.498896026983857" lon="11.108266962692142">
        <ele>831.29999999999995</ele>
      </trkpt>
      <trkpt lat="50.498766023665667" lon="11.107667991891503">
        <ele>831.5</ele>
      </trkpt>
      <trkpt lat="50.498637026175857" lon="11.107070026919246">
        <ele>831.60000000000002</ele>
      </trkpt>
      <trkpt lat="50.498587992042303" lon="11.106548001989722">
        <ele>831.60000000000002</ele>
      </trkpt>
      <trkpt lat="50.498539041727781" lon="11.106025977060199">
        <ele>831.5</ele>
      </trkpt>
      <trkpt lat="50.498475003987551" lon="11.105689024552703">
        <ele>831.5</ele>
      </trkpt>
      <trkpt lat="50.498370984569192" lon="11.10544603317976">
        <ele>831.5</ele>
      </trkpt>
      <trkpt lat="50.498155988752842" lon="11.105161970481277">
        <ele>831.60000000000002</ele>
      </trkpt>
      <trkpt lat="50.497940992936492" lon="11.104876985773444">
        <ele>831.70000000000005</ele>
      </trkpt>
      <trkpt lat="50.497865974903107" lon="11.104680011048913">
        <ele>831.79999999999995</ele>
      </trkpt>
      <trkpt lat="50.497749969363213" lon="11.104040974751115">
        <ele>832</ele>
      </trkpt>
      <trkpt lat="50.497719962149858" lon="11.10370603390038">
        <ele>832</ele>
      </trkpt>
      <trkpt lat="50.497783999890089" lon="11.103379977867007">
        <ele>831.89999999999998</ele>
      </trkpt>
      <trkpt lat="50.497877039015293" lon="11.103050988167524">
        <ele>831.60000000000002</ele>
      </trkpt>
      <trkpt lat="50.497903022915125" lon="11.102829035371542">
        <ele>831.5</ele>
      </trkpt>
      <trkpt lat="50.497833034023643" lon="11.102474983781576">
        <ele>831.60000000000002</ele>
      </trkpt>
      <trkpt lat="50.497762961313128" lon="11.102120010182261">
        <ele>831.70000000000005</ele>
      </trkpt>
      <trkpt lat="50.497623989358544" lon="11.10170803964138">
        <ele>832.10000000000002</ele>
      </trkpt>
      <trkpt lat="50.49748501740396" lon="11.101296991109848">
        <ele>832.5</ele>
      </trkpt>
      <trkpt lat="50.497457021847367" lon="11.101006977260113">
        <ele>832.60000000000002</ele>
      </trkpt>
      <trkpt lat="50.497465990483761" lon="11.100659966468811">
        <ele>832.5</ele>
      </trkpt>
      <trkpt lat="50.497546037659049" lon="11.100019002333283">
        <ele>831.70000000000005</ele>
      </trkpt>
      <trkpt lat="50.497647039592266" lon="11.099434029310942">
        <ele>830.20000000000005</ele>
      </trkpt>
      <trkpt lat="50.497670006006956" lon="11.09898098744452">
        <ele>829.10000000000002</ele>
      </trkpt>
      <trkpt lat="50.497618960216641" lon="11.098712012171745">
        <ele>828.89999999999998</ele>
      </trkpt>
      <trkpt lat="50.497412011027336" lon="11.098196022212505">
        <ele>829.5</ele>
      </trkpt>
      <trkpt lat="50.497360965237021" lon="11.097873989492655">
        <ele>829.10000000000002</ele>
      </trkpt>
      <trkpt lat="50.497353002429008" lon="11.097494959831238">
        <ele>828.29999999999995</ele>
      </trkpt>
      <trkpt lat="50.497345039620996" lon="11.097115008160472">
        <ele>827.70000000000005</ele>
      </trkpt>
      <trkpt lat="50.497185029089451" lon="11.09659499488771">
        <ele>828.79999999999995</ele>
      </trkpt>
      <trkpt lat="50.497026024386287" lon="11.096074981614947">
        <ele>830.20000000000005</ele>
      </trkpt>
      <trkpt lat="50.496866013854742" lon="11.095553962513804">
        <ele>831.20000000000005</ele>
      </trkpt>
      <trkpt lat="50.496811028569937" lon="11.095224972814322">
        <ele>831.29999999999995</ele>
      </trkpt>
      <trkpt lat="50.4967559594661" lon="11.094665983691812">
        <ele>831.60000000000002</ele>
      </trkpt>
      <trkpt lat="50.496643977239728" lon="11.094008004292846">
        <ele>831.89999999999998</ele>
      </trkpt>
      <trkpt lat="50.496492013335228" lon="11.093376008793712">
        <ele>831.89999999999998</ele>
      </trkpt>
      <trkpt lat="50.496338959783316" lon="11.092745019122958">
        <ele>831.79999999999995</ele>
      </trkpt>
      <trkpt lat="50.496186995878816" lon="11.092113023623824">
        <ele>831.89999999999998</ele>
      </trkpt>
      <trkpt lat="50.496034026145935" lon="11.091482033953071">
        <ele>831.89999999999998</ele>
      </trkpt>
      <trkpt lat="50.495881978422403" lon="11.090850960463285">
        <ele>831.79999999999995</ele>
      </trkpt>
      <trkpt lat="50.495729008689523" lon="11.090218964964151">
        <ele>830.29999999999995</ele>
      </trkpt>
      <trkpt lat="50.495576960965991" lon="11.089587975293398">
        <ele>828.89999999999998</ele>
      </trkpt>
      <trkpt lat="50.49542399123311" lon="11.088956985622644">
        <ele>827.10000000000002</ele>
      </trkpt>
      <trkpt lat="50.495318965986371" lon="11.088391039520502">
        <ele>824.39999999999998</ele>
      </trkpt>
      <trkpt lat="50.495196003466845" lon="11.08787395991385">
        <ele>820.70000000000005</ele>
      </trkpt>
      <trkpt lat="50.495073962956667" lon="11.08735796995461">
        <ele>816.20000000000005</ele>
      </trkpt>
      <trkpt lat="50.49495100043714" lon="11.086840974166989">
        <ele>811.39999999999998</ele>
      </trkpt>
      <trkpt lat="50.494834994897246" lon="11.086261030286551">
        <ele>806.29999999999995</ele>
      </trkpt>
      <trkpt lat="50.494786966592073" lon="11.085802959278226">
        <ele>803.5</ele>
      </trkpt>
      <trkpt lat="50.494806999340653" lon="11.085258973762393">
        <ele>801.39999999999998</ele>
      </trkpt>
      <trkpt lat="50.49484102986753" lon="11.084946999326348">
        <ele>800.39999999999998</ele>
      </trkpt>
      <trkpt lat="50.494967009872198" lon="11.084661008790135">
        <ele>800.89999999999998</ele>
      </trkpt>
      <trkpt lat="50.495177982375026" lon="11.084281979128718">
        <ele>800.60000000000002</ele>
      </trkpt>
      <trkpt lat="50.495389038696885" lon="11.083904039114714">
        <ele>798.20000000000005</ele>
      </trkpt>
      <trkpt lat="50.495599005371332" lon="11.083526015281677">
        <ele>795.39999999999998</ele>
      </trkpt>
      <trkpt lat="50.495763961225748" lon="11.083159977570176">
        <ele>792.60000000000002</ele>
      </trkpt>
      <trkpt lat="50.495843002572656" lon="11.08284599147737">
        <ele>790.10000000000002</ele>
      </trkpt>
      <trkpt lat="50.495708975940943" lon="11.083096023648977">
        <ele>791.79999999999995</ele>
      </trkpt>
      <trkpt lat="50.495472019538283" lon="11.083442028611898">
        <ele>793.70000000000005</ele>
      </trkpt>
      <trkpt lat="50.495235985144973" lon="11.08378803357482">
        <ele>796</ele>
      </trkpt>
      <trkpt lat="50.494999028742313" lon="11.084134038537741">
        <ele>797.20000000000005</ele>
      </trkpt>
      <trkpt lat="50.494793001562357" lon="11.084467973560095">
        <ele>796.5</ele>
      </trkpt>
      <trkpt lat="50.494690993800759" lon="11.084690010175109">
        <ele>795.60000000000002</ele>
      </trkpt>
      <trkpt lat="50.494633996859193" lon="11.084925960749388">
        <ele>795.20000000000005</ele>
      </trkpt>
      <trkpt lat="50.494566019624472" lon="11.085600033402443">
        <ele>797.70000000000005</ele>
      </trkpt>
      <trkpt lat="50.494498964399099" lon="11.086274022236466">
        <ele>799.20000000000005</ele>
      </trkpt>
      <trkpt lat="50.494474992156029" lon="11.086638970300555">
        <ele>799.89999999999998</ele>
      </trkpt>
      <trkpt lat="50.494452025741339" lon="11.087004002183676">
        <ele>800.29999999999995</ele>
      </trkpt>
      <trkpt lat="50.49437097273767" lon="11.087584029883146">
        <ele>801.60000000000002</ele>
      </trkpt>
      <trkpt lat="50.494226971641183" lon="11.088236980140209">
        <ele>803.70000000000005</ele>
      </trkpt>
      <trkpt lat="50.49413301050663" lon="11.088425992056727">
        <ele>803.70000000000005</ele>
      </trkpt>
      <trkpt lat="50.494034020230174" lon="11.088536968454719">
        <ele>803.5</ele>
      </trkpt>
      <trkpt lat="50.493893958628178" lon="11.088644005358219">
        <ele>803.10000000000002</ele>
      </trkpt>
      <trkpt lat="50.493549965322018" lon="11.088744001463056">
        <ele>800.5</ele>
      </trkpt>
      <trkpt lat="50.493403030559421" lon="11.088907029479742">
        <ele>799.60000000000002</ele>
      </trkpt>
      <trkpt lat="50.493255006149411" lon="11.08913803473115">
        <ele>797.89999999999998</ele>
      </trkpt>
      <trkpt lat="50.493183005601168" lon="11.089340038597584">
        <ele>796</ele>
      </trkpt>
      <trkpt lat="50.49310103058815" lon="11.089974967762828">
        <ele>788.10000000000002</ele>
      </trkpt>
      <trkpt lat="50.493118967860937" lon="11.090348968282342">
        <ele>784</ele>
      </trkpt>
      <trkpt lat="50.493171019479632" lon="11.090605035424232">
        <ele>781.79999999999995</ele>
      </trkpt>
      <trkpt lat="50.493246959522367" lon="11.090808967128396">
        <ele>780.5</ele>
      </trkpt>
      <trkpt lat="50.493428008630872" lon="11.091057993471622">
        <ele>779.5</ele>
      </trkpt>
      <trkpt lat="50.493690026924014" lon="11.091200988739729">
        <ele>781.70000000000005</ele>
      </trkpt>
      <trkpt lat="50.494083976373076" lon="11.09131196513772">
        <ele>788.20000000000005</ele>
      </trkpt>
      <trkpt lat="50.494478009641171" lon="11.091423025354743">
        <ele>795.89999999999998</ele>
      </trkpt>
      <trkpt lat="50.494726030156016" lon="11.091564008966088">
        <ele>800.10000000000002</ele>
      </trkpt>
      <trkpt lat="50.494983019307256" lon="11.091808006167412">
        <ele>804.20000000000005</ele>
      </trkpt>
      <trkpt lat="50.495222993195057" lon="11.092335982248187">
        <ele>805.39999999999998</ele>
      </trkpt>
      <trkpt lat="50.49531502649188" lon="11.092587020248175">
        <ele>805.60000000000002</ele>
      </trkpt>
      <trkpt lat="50.495361965149641" lon="11.0930519644171">
        <ele>801.70000000000005</ele>
      </trkpt>
      <trkpt lat="50.495407981798053" lon="11.093517998233438">
        <ele>799.29999999999995</ele>
      </trkpt>
      <trkpt lat="50.495404964312911" lon="11.094116969034076">
        <ele>794.60000000000002</ele>
      </trkpt>
      <trkpt lat="50.495402030646801" lon="11.094717029482126">
        <ele>792.89999999999998</ele>
      </trkpt>
      <trkpt lat="50.49535802565515" lon="11.095103016123176">
        <ele>793.89999999999998</ele>
      </trkpt>
      <trkpt lat="50.495278984308243" lon="11.09534801915288">
        <ele>793.79999999999995</ele>
      </trkpt>
      <trkpt lat="50.495253000408411" lon="11.095393029972911">
        <ele>793.89999999999998</ele>
      </trkpt>
      <trkpt lat="50.495149986818433" lon="11.09541499055922">
        <ele>794.60000000000002</ele>
      </trkpt>
      <trkpt lat="50.495043033733964" lon="11.095347013324499">
        <ele>795.5</ele>
      </trkpt>
      <trkpt lat="50.494840024039149" lon="11.094827000051737">
        <ele>790.10000000000002</ele>
      </trkpt>
      <trkpt lat="50.494638020172715" lon="11.094305980950594">
        <ele>782.20000000000005</ele>
      </trkpt>
      <trkpt lat="50.494465017691255" lon="11.094002975150943">
        <ele>777.60000000000002</ele>
      </trkpt>
      <trkpt lat="50.494259996339679" lon="11.093868026509881">
        <ele>777.5</ele>
      </trkpt>
      <trkpt lat="50.494028991088271" lon="11.093840030953288">
        <ele>779.29999999999995</ele>
      </trkpt>
      <trkpt lat="50.493650967255235" lon="11.093916976824403">
        <ele>778.70000000000005</ele>
      </trkpt>
      <trkpt lat="50.493385009467602" lon="11.094030970707536">
        <ele>776.79999999999995</ele>
      </trkpt>
      <trkpt lat="50.493107987567782" lon="11.094356020912528">
        <ele>778.79999999999995</ele>
      </trkpt>
      <trkpt lat="50.492830965667963" lon="11.094681993126869">
        <ele>784.20000000000005</ele>
      </trkpt>
      <trkpt lat="50.492554027587175" lon="11.09500695951283">
        <ele>788.79999999999995</ele>
      </trkpt>
      <trkpt lat="50.492169968783855" lon="11.095208963379264">
        <ele>785.29999999999995</ele>
      </trkpt>
      <trkpt lat="50.491909962147474" lon="11.095461007207632">
        <ele>785.5</ele>
      </trkpt>
      <trkpt lat="50.491651967167854" lon="11.095756972208619">
        <ele>786.29999999999995</ele>
      </trkpt>
      <trkpt lat="50.491394978016615" lon="11.096052015200257">
        <ele>786.5</ele>
      </trkpt>
      <trkpt lat="50.491150980815291" lon="11.096334988251328">
        <ele>785.20000000000005</ele>
      </trkpt>
      <trkpt lat="50.490935984998941" lon="11.096517965197563">
        <ele>781.5</ele>
      </trkpt>
      <trkpt lat="50.490721995010972" lon="11.09670102596283">
        <ele>777.5</ele>
      </trkpt>
      <trkpt lat="50.490464000031352" lon="11.097023980692029">
        <ele>774.20000000000005</ele>
      </trkpt>
      <trkpt lat="50.490321004763246" lon="11.097302008420229">
        <ele>773.60000000000002</ele>
      </trkpt>
      <trkpt lat="50.490178009495139" lon="11.097580036148429">
        <ele>772.89999999999998</ele>
      </trkpt>
      <trkpt lat="50.490021016448736" lon="11.097773993387818">
        <ele>771.70000000000005</ele>
      </trkpt>
      <trkpt lat="50.489887995645404" lon="11.097867032513022">
        <ele>772.5</ele>
      </trkpt>
      <trkpt lat="50.48953503370285" lon="11.097907014191151">
        <ele>772.70000000000005</ele>
      </trkpt>
      <trkpt lat="50.48940603621304" lon="11.097964011132717">
        <ele>773.70000000000005</ele>
      </trkpt>
      <trkpt lat="50.489029018208385" lon="11.098297024145722">
        <ele>780.20000000000005</ele>
      </trkpt>
      <trkpt lat="50.488791977986693" lon="11.098093008622527">
        <ele>777.60000000000002</ele>
      </trkpt>
      <trkpt lat="50.488596009090543" lon="11.097837025299668">
        <ele>774.60000000000002</ele>
      </trkpt>
      <trkpt lat="50.488257966935635" lon="11.097724037244916">
        <ele>775</ele>
      </trkpt>
      <trkpt lat="50.487920008599758" lon="11.097609959542751">
        <ele>775.70000000000005</ele>
      </trkpt>
      <trkpt lat="50.487554976716638" lon="11.097591016441584">
        <ele>777.70000000000005</ele>
      </trkpt>
      <trkpt lat="50.487297987565398" lon="11.097506023943424">
        <ele>777.5</ele>
      </trkpt>
      <trkpt lat="50.487040998414159" lon="11.097422037273645">
        <ele>776.70000000000005</ele>
      </trkpt>
      <trkpt lat="50.486793983727694" lon="11.097399992868304">
        <ele>776.5</ele>
      </trkpt>
      <trkpt lat="50.486462982371449" lon="11.097465036436915">
        <ele>776.70000000000005</ele>
      </trkpt>
      <trkpt lat="50.486131981015205" lon="11.097529996186495">
        <ele>775.89999999999998</ele>
      </trkpt>
      <trkpt lat="50.485714981332421" lon="11.097751026973128">
        <ele>773.29999999999995</ele>
      </trkpt>
      <trkpt lat="50.485618002712727" lon="11.097585987299681">
        <ele>773.20000000000005</ele>
      </trkpt>
      <trkpt lat="50.48543100245297" lon="11.09741298481822">
        <ele>772.79999999999995</ele>
      </trkpt>
      <trkpt lat="50.485396971926093" lon="11.097683971747756">
        <ele>770.60000000000002</ele>
      </trkpt>
      <trkpt lat="50.485533010214567" lon="11.0978630091995">
        <ele>771.20000000000005</ele>
      </trkpt>
      <trkpt lat="50.485396971926093" lon="11.097683971747756">
        <ele>770.60000000000002</ele>
      </trkpt>
      <trkpt lat="50.48543100245297" lon="11.09741298481822">
        <ele>772.79999999999995</ele>
      </trkpt>
      <trkpt lat="50.485467966645956" lon="11.096839997917414">
        <ele>776.39999999999998</ele>
      </trkpt>
      <trkpt lat="50.485442988574505" lon="11.096435990184546">
        <ele>777.29999999999995</ele>
      </trkpt>
      <trkpt lat="50.485363025218248" lon="11.096024019643664">
        <ele>777.29999999999995</ele>
      </trkpt>
      <trkpt lat="50.485198991373181" lon="11.095440974459052">
        <ele>778.60000000000002</ele>
      </trkpt>
      <trkpt lat="50.485119028016925" lon="11.094807973131537">
        <ele>775</ele>
      </trkpt>
      <trkpt lat="50.485020959749818" lon="11.09448904171586">
        <ele>772.5</ele>
      </trkpt>
      <trkpt lat="50.484878970310092" lon="11.094187963753939">
        <ele>771.5</ele>
      </trkpt>
      <trkpt lat="50.484737986698747" lon="11.093887975439429">
        <ele>769.89999999999998</ele>
      </trkpt>
      <trkpt lat="50.4846799839288" lon="11.093720002099872">
        <ele>767.60000000000002</ele>
      </trkpt>
      <trkpt lat="50.484533971175551" lon="11.0934370290488">
        <ele>765.79999999999995</ele>
      </trkpt>
      <trkpt lat="50.484417965635657" lon="11.093128994107246">
        <ele>764.60000000000002</ele>
      </trkpt>
      <trkpt lat="50.484319981187582" lon="11.092671006917953">
        <ele>764.29999999999995</ele>
      </trkpt>
      <trkpt lat="50.484277987852693" lon="11.092360038310289">
        <ele>763.60000000000002</ele>
      </trkpt>
      <trkpt lat="50.48427396453917" lon="11.091932980343699">
        <ele>760.79999999999995</ele>
      </trkpt>
      <trkpt lat="50.484232977032661" lon="11.091643972322345">
        <ele>760.79999999999995</ele>
      </trkpt>
      <trkpt lat="50.484062992036343" lon="11.091186990961432">
        <ele>765.60000000000002</ele>
      </trkpt>
      <trkpt lat="50.483892001211643" lon="11.090731015428901">
        <ele>769.89999999999998</ele>
      </trkpt>
      <trkpt lat="50.483830980956554" lon="11.090480983257294">
        <ele>771.29999999999995</ele>
      </trkpt>
      <trkpt lat="50.483812037855387" lon="11.090255007147789">
        <ele>771.29999999999995</ele>
      </trkpt>
      <trkpt lat="50.48384397290647" lon="11.089903973042965">
        <ele>768.5</ele>
      </trkpt>
      <trkpt lat="50.483830980956554" lon="11.089427964761853">
        <ele>762</ele>
      </trkpt>
      <trkpt lat="50.483731990680099" lon="11.089073996990919">
        <ele>759.39999999999998</ele>
      </trkpt>
      <trkpt lat="50.483571980148554" lon="11.088785994797945">
        <ele>758.70000000000005</ele>
      </trkpt>
      <trkpt lat="50.48341297544539" lon="11.088497992604971">
        <ele>755.20000000000005</ele>
      </trkpt>
      <trkpt lat="50.483221029862761" lon="11.088416017591953">
        <ele>756</ele>
      </trkpt>
      <trkpt lat="50.483020031824708" lon="11.088411994278431">
        <ele>757.89999999999998</ele>
      </trkpt>
      <trkpt lat="50.482783997431397" lon="11.088462034240365">
        <ele>760.29999999999995</ele>
      </trkpt>
      <trkpt lat="50.482551986351609" lon="11.088565969839692">
        <ele>763.39999999999998</ele>
      </trkpt>
      <trkpt lat="50.482417037710547" lon="11.088792029768229">
        <ele>769.39999999999998</ele>
      </trkpt>
      <trkpt lat="50.482302960008383" lon="11.088923960924149">
        <ele>772.60000000000002</ele>
      </trkpt>
      <trkpt lat="50.48201504163444" lon="11.088960003107786">
        <ele>773</ele>
      </trkpt>
      <trkpt lat="50.481880009174347" lon="11.088923960924149">
        <ele>772.20000000000005</ele>
      </trkpt>
      <trkpt lat="50.48173600807786" lon="11.088669989258051">
        <ele>767.10000000000002</ele>
      </trkpt>
      <trkpt lat="50.481561999768019" lon="11.088454993441701">
        <ele>764.5</ele>
      </trkpt>
      <trkpt lat="50.48147801309824" lon="11.088290959596634">
        <ele>764.39999999999998</ele>
      </trkpt>
      <trkpt lat="50.481411963701248" lon="11.088058026507497">
        <ele>763.20000000000005</ele>
      </trkpt>
      <trkpt lat="50.481344992294908" lon="11.0876140370965">
        <ele>760</ele>
      </trkpt>
      <trkpt lat="50.481229992583394" lon="11.087253028526902">
        <ele>759.89999999999998</ele>
      </trkpt>
      <trkpt lat="50.481114992871881" lon="11.086891014128923">
        <ele>760.89999999999998</ele>
      </trkpt>
      <trkpt lat="50.481106024235487" lon="11.086723040789366">
        <ele>761</ele>
      </trkpt>
      <trkpt lat="50.481198979541659" lon="11.086043016985059">
        <ele>760.89999999999998</ele>
      </trkpt>
      <trkpt lat="50.481157992035151" lon="11.085897004231811">
        <ele>760.39999999999998</ele>
      </trkpt>
      <trkpt lat="50.481054978445172" lon="11.085806982591748">
        <ele>759.79999999999995</ele>
      </trkpt>
      <trkpt lat="50.480951964855194" lon="11.085800025612116">
        <ele>760</ele>
      </trkpt>
      <trkpt lat="50.480851968750358" lon="11.085846964269876">
        <ele>760.89999999999998</ele>
      </trkpt>
      <trkpt lat="50.480638984590769" lon="11.086056008934975">
        <ele>764.60000000000002</ele>
      </trkpt>
      <trkpt lat="50.480535971000791" lon="11.086099008098245">
        <ele>765.89999999999998</ele>
      </trkpt>
      <trkpt lat="50.480445027351379" lon="11.08606799505651">
        <ele>766.29999999999995</ele>
      </trkpt>
      <trkpt lat="50.480287028476596" lon="11.08587596565485">
        <ele>765.60000000000002</ele>
      </trkpt>
      <trkpt lat="50.480090975761414" lon="11.085471035912633">
        <ele>763</ele>
      </trkpt>
      <trkpt lat="50.480043031275272" lon="11.085281018167734">
        <ele>761.5</ele>
      </trkpt>
      <trkpt lat="50.48003900796175" lon="11.085046995431185">
        <ele>759</ele>
      </trkpt>
      <trkpt lat="50.480068009346724" lon="11.084385998547077">
        <ele>757.70000000000005</ele>
      </trkpt>
      <trkpt lat="50.480059962719679" lon="11.083942009136081">
        <ele>759.60000000000002</ele>
      </trkpt>
      <trkpt lat="50.480087036266923" lon="11.083390982821584">
        <ele>759.29999999999995</ele>
      </trkpt>
      <trkpt lat="50.480131963267922" lon="11.082977000623941">
        <ele>757</ele>
      </trkpt>
      <trkpt lat="50.480115031823516" lon="11.082854038104415">
        <ele>756.79999999999995</ele>
      </trkpt>
      <trkpt lat="50.480088964104652" lon="11.082665026187897">
        <ele>756.39999999999998</ele>
      </trkpt>
      <trkpt lat="50.479914033785462" lon="11.082271998748183">
        <ele>757.39999999999998</ele>
      </trkpt>
      <trkpt lat="50.479739019647241" lon="11.081877965480089">
        <ele>757.39999999999998</ele>
      </trkpt>
      <trkpt lat="50.479460991919041" lon="11.081326017156243">
        <ele>756.70000000000005</ele>
      </trkpt>
      <trkpt lat="50.479182964190841" lon="11.080773985013366">
        <ele>757</ele>
      </trkpt>
      <trkpt lat="50.478905020281672" lon="11.080221030861139">
        <ele>757.29999999999995</ele>
      </trkpt>
      <trkpt lat="50.478784991428256" lon="11.079881982877851">
        <ele>756.5</ele>
      </trkpt>
      <trkpt lat="50.47866496257484" lon="11.079542012885213">
        <ele>756</ele>
      </trkpt>
      <trkpt lat="50.47853303141892" lon="11.078965002670884">
        <ele>754</ele>
      </trkpt>
      <trkpt lat="50.478419037535787" lon="11.078642969951034">
        <ele>753.10000000000002</ele>
      </trkpt>
      <trkpt lat="50.478305965662003" lon="11.078320015221834">
        <ele>752.10000000000002</ele>
      </trkpt>
      <trkpt lat="50.478163976222277" lon="11.078045004978776">
        <ele>752.20000000000005</ele>
      </trkpt>
      <trkpt lat="50.478022992610931" lon="11.077769994735718">
        <ele>752.29999999999995</ele>
      </trkpt>
      <trkpt lat="50.477846972644329" lon="11.077319970354438">
        <ele>751.5</ele>
      </trkpt>
      <trkpt lat="50.477756028994918" lon="11.077169012278318">
        <ele>752.5</ele>
      </trkpt>
      <trkpt lat="50.477643040940166" lon="11.076796017587185">
        <ele>753.39999999999998</ele>
      </trkpt>
      <trkpt lat="50.477539021521807" lon="11.076219007372856">
        <ele>753.39999999999998</ele>
      </trkpt>
      <trkpt lat="50.477435002103448" lon="11.075641997158527">
        <ele>752.89999999999998</ele>
      </trkpt>
      <trkpt lat="50.477316984906793" lon="11.075117960572243">
        <ele>752.39999999999998</ele>
      </trkpt>
      <trkpt lat="50.477198967710137" lon="11.07459501363337">
        <ele>751.70000000000005</ele>
      </trkpt>
      <trkpt lat="50.477053038775921" lon="11.074096038937569">
        <ele>751.29999999999995</ele>
      </trkpt>
      <trkpt lat="50.47696502879262" lon="11.073568984866142">
        <ele>749.60000000000002</ele>
      </trkpt>
      <trkpt lat="50.476877018809319" lon="11.073043020442128">
        <ele>747.79999999999995</ele>
      </trkpt>
      <trkpt lat="50.47677400521934" lon="11.072371965274215">
        <ele>745.29999999999995</ele>
      </trkpt>
      <trkpt lat="50.476671997457743" lon="11.071701999753714">
        <ele>742.79999999999995</ele>
      </trkpt>
      <trkpt lat="50.476568983867764" lon="11.071031028404832">
        <ele>740.89999999999998</ele>
      </trkpt>
      <trkpt lat="50.476507963612676" lon="11.070756018161774">
        <ele>740.29999999999995</ele>
      </trkpt>
      <trkpt lat="50.476522967219353" lon="11.070639006793499">
        <ele>739.89999999999998</ele>
      </trkpt>
      <trkpt lat="50.476526990532875" lon="11.070525012910366">
        <ele>739.5</ele>
      </trkpt>
      <trkpt lat="50.47653503715992" lon="11.069876002147794">
        <ele>737.20000000000005</ele>
      </trkpt>
      <trkpt lat="50.476542999967933" lon="11.069226991385221">
        <ele>735.39999999999998</ele>
      </trkpt>
      <trkpt lat="50.475671114400029" lon="11.069338219240308">
        <ele>736.39999999999998</ele>
      </trkpt>
      <trkpt lat="50.475706402212381" lon="11.069868709892035" />
      <trkpt lat="50.47559785656631" lon="11.070513445883989" />
      <trkpt lat="50.475103491917253" lon="11.070755682885647" />
      <trkpt lat="50.474573336541653" lon="11.070940503850579" />
      <trkpt lat="50.473062917590141" lon="11.071996875107288" />
      <trkpt lat="50.472010737285018" lon="11.073011588305235" />
      <trkpt lat="50.471525508910418" lon="11.073139160871506" />
      <trkpt lat="50.470429994165897" lon="11.072734566405416" />
      <trkpt lat="50.469468673691154" lon="11.072875130921602" />
      <trkpt lat="50.4689378477633" lon="11.073532942682505" />
      <trkpt lat="50.468469467014074" lon="11.074649747461081" />
      <trkpt lat="50.46829872764647" lon="11.074677910655737" />
      <trkpt lat="50.468164114281535" lon="11.074548494070768" />
      <trkpt lat="50.468173418194056" lon="11.074276166036725" />
      <trkpt lat="50.468929801136255" lon="11.072730207815766" />
      <trkpt lat="50.469146305695176" lon="11.07197105884552" />
      <trkpt lat="50.469021331518888" lon="11.071268236264586" />
      <trkpt lat="50.468590753152966" lon="11.070722239091992" />
      <trkpt lat="50.46672435477376" lon="11.068910574540496" />
      <trkpt lat="50.465916506946087" lon="11.068349070847034" />
      <trkpt lat="50.465252660214901" lon="11.067587407305837" />
      <trkpt lat="50.464363843202591" lon="11.067126067355275" />
      <trkpt lat="50.462953923270106" lon="11.066706217825413" />
      <trkpt lat="50.462528876960278" lon="11.066872766241431" />
      <trkpt lat="50.462223524227738" lon="11.066807303577662" />
      <trkpt lat="50.461873328313231" lon="11.066670091822743" />
    </trkseg>
  </trk>

  <trk>
    <name>Etappe2</name>
    <extensions>
      <gpxx:TrackExtension>
        <gpxx:DisplayColor>Magenta</gpxx:DisplayColor>
      </gpxx:TrackExtension>
    </extensions>
    <trkseg>
      <trkpt lat="50.461477618664503" lon="11.066676126793027" />
      <trkpt lat="50.462515046820045" lon="11.06682968325913" />
      <trkpt lat="50.462905894964933" lon="11.066701775416732" />
      <trkpt lat="50.464670453220606" lon="11.06726604513824" />
      <trkpt lat="50.46545147895813" lon="11.067741382867098" />
      <trkpt lat="50.465976102277637" lon="11.068495502695441" />
      <trkpt lat="50.466716894879937" lon="11.068777218461037" />
      <trkpt lat="50.4685337562114" lon="11.070717796683311" />
      <trkpt lat="50.469044968485832" lon="11.071428917348385" />
      <trkpt lat="50.469125099480152" lon="11.072074240073562" />
      <trkpt lat="50.468976236879826" lon="11.072568353265524" />
      <trkpt lat="50.468138717114925" lon="11.074415137991309" />
      <trkpt lat="50.468192361295223" lon="11.074608843773603" />
      <trkpt lat="50.468367375433445" lon="11.074759885668755" />
      <trkpt lat="50.468488745391369" lon="11.074652681127191" />
      <trkpt lat="50.468867104500532" lon="11.07377216219902" />
      <trkpt lat="50.469420477747917" lon="11.072935229167342" />
      <trkpt lat="50.470404429361224" lon="11.07274454087019" />
      <trkpt lat="50.471495334059" lon="11.073177801445127" />
      <trkpt lat="50.472075026482344" lon="11.072964482009411" />
      <trkpt lat="50.473073227331042" lon="11.071999808773398" />
      <trkpt lat="50.474624130874872" lon="11.070864731445909" />
      <trkpt lat="50.475554270669818" lon="11.070544878020883" />
      <trkpt lat="50.475740181282163" lon="11.069795116782188" />
      <trkpt lat="50.475619481876493" lon="11.06936470605433" />
      <trkpt lat="50.476576359942555" lon="11.069152476266026" />
      <trkpt lat="50.476576779037714" lon="11.068829940631986" />
      <trkpt lat="50.476595973595977" lon="11.068629026412964">
        <ele>736.39999999999998</ele>
      </trkpt>
      <trkpt lat="50.476649031043053" lon="11.068029971793294">
        <ele>739.60000000000002</ele>
      </trkpt>
      <trkpt lat="50.476747015491128" lon="11.067492021247745">
        <ele>743.10000000000002</ele>
      </trkpt>
      <trkpt lat="50.476775011047721" lon="11.066980976611376">
        <ele>746.60000000000002</ele>
      </trkpt>
      <trkpt lat="50.476806024089456" lon="11.066762963309884">
        <ele>748.29999999999995</ele>
      </trkpt>
      <trkpt lat="50.476848017424345" lon="11.066670008003712">
        <ele>748.79999999999995</ele>
      </trkpt>
      <trkpt lat="50.476906020194292" lon="11.066541010513902">
        <ele>749.5</ele>
      </trkpt>
      <trkpt lat="50.477131996303797" lon="11.066218977794051">
        <ele>751</ele>
      </trkpt>
      <trkpt lat="50.477429972961545" lon="11.06587003916502">
        <ele>751.60000000000002</ele>
      </trkpt>
      <trkpt lat="50.477728033438325" lon="11.065521016716957">
        <ele>752.20000000000005</ele>
      </trkpt>
      <trkpt lat="50.478004971519113" lon="11.065292023122311">
        <ele>752.10000000000002</ele>
      </trkpt>
      <trkpt lat="50.478130029514432" lon="11.065239971503615">
        <ele>751.5</ele>
      </trkpt>
      <trkpt lat="50.478500006720424" lon="11.065062023699284">
        <ele>748.29999999999995</ele>
      </trkpt>
      <trkpt lat="50.47877199947834" lon="11.064825989305973">
        <ele>746.20000000000005</ele>
      </trkpt>
      <trkpt lat="50.47877199947834" lon="11.064824983477592">
        <ele>746.20000000000005</ele>
      </trkpt>
      <trkpt lat="50.478989006951451" lon="11.064500017091632">
        <ele>745.79999999999995</ele>
      </trkpt>
      <trkpt lat="50.479170978069305" lon="11.064077988266945">
        <ele>746.79999999999995</ele>
      </trkpt>
      <trkpt lat="50.479283966124058" lon="11.063534002751112">
        <ele>750.29999999999995</ele>
      </trkpt>
      <trkpt lat="50.479396032169461" lon="11.06299102306366">
        <ele>753.39999999999998</ele>
      </trkpt>
      <trkpt lat="50.479460991919041" lon="11.062566982582211">
        <ele>756.20000000000005</ele>
      </trkpt>
      <trkpt lat="50.479483958333731" lon="11.061893999576569">
        <ele>759.60000000000002</ele>
      </trkpt>
      <trkpt lat="50.479560988023877" lon="11.061374992132187">
        <ele>761.39999999999998</ele>
      </trkpt>
      <trkpt lat="50.479638017714024" lon="11.060855984687805">
        <ele>763</ele>
      </trkpt>
      <trkpt lat="50.479686968028545" lon="11.060588015243411">
        <ele>763.39999999999998</ele>
      </trkpt>
      <trkpt lat="50.479658972471952" lon="11.060215020552278">
        <ele>764.60000000000002</ele>
      </trkpt>
      <trkpt lat="50.479629971086979" lon="11.059841020032763">
        <ele>765.29999999999995</ele>
      </trkpt>
      <trkpt lat="50.479656038805842" lon="11.059489985927939">
        <ele>764.70000000000005</ele>
      </trkpt>
      <trkpt lat="50.479681016877294" lon="11.059139035642147">
        <ele>763.70000000000005</ele>
      </trkpt>
      <trkpt lat="50.479650003835559" lon="11.058955974876881">
        <ele>763.20000000000005</ele>
      </trkpt>
      <trkpt lat="50.479554031044245" lon="11.058667972683907">
        <ele>762.60000000000002</ele>
      </trkpt>
      <trkpt lat="50.479418998584151" lon="11.058431016281247">
        <ele>762.89999999999998</ele>
      </trkpt>
      <trkpt lat="50.479060001671314" lon="11.058095991611481">
        <ele>765.39999999999998</ele>
      </trkpt>
      <trkpt lat="50.478699998930097" lon="11.057761972770095">
        <ele>767.29999999999995</ele>
      </trkpt>
      <trkpt lat="50.478459019213915" lon="11.057627024129033">
        <ele>769.20000000000005</ele>
      </trkpt>
      <trkpt lat="50.478054005652666" lon="11.057505989447236">
        <ele>773.10000000000002</ele>
      </trkpt>
      <trkpt lat="50.47795501537621" lon="11.057440023869276">
        <ele>773.70000000000005</ele>
      </trkpt>
      <trkpt lat="50.477758040651679" lon="11.057189991697669">
        <ele>773.89999999999998</ele>
      </trkpt>
      <trkpt lat="50.477561987936497" lon="11.056939037516713">
        <ele>774.60000000000002</ele>
      </trkpt>
      <trkpt lat="50.477185975760221" lon="11.056789001449943">
        <ele>778.10000000000002</ele>
      </trkpt>
      <trkpt lat="50.476973997429013" lon="11.056642988696694">
        <ele>779.70000000000005</ele>
      </trkpt>
      <trkpt lat="50.476794959977269" lon="11.056468980386853">
        <ele>780.89999999999998</ele>
      </trkpt>
      <trkpt lat="50.47662497498095" lon="11.056220959872007">
        <ele>781.79999999999995</ele>
      </trkpt>
      <trkpt lat="50.476582981646061" lon="11.056120963767171">
        <ele>782</ele>
      </trkpt>
      <trkpt lat="50.47655900940299" lon="11.055971011519432">
        <ele>781.89999999999998</ele>
      </trkpt>
      <trkpt lat="50.476572001352906" lon="11.055831033736467">
        <ele>781.60000000000002</ele>
      </trkpt>
      <trkpt lat="50.476650958880782" lon="11.05568996630609">
        <ele>780.60000000000002</ele>
      </trkpt>
      <trkpt lat="50.476777022704482" lon="11.055547976866364">
        <ele>779.10000000000002</ele>
      </trkpt>
      <trkpt lat="50.47716099768877" lon="11.055242959409952">
        <ele>774.79999999999995</ele>
      </trkpt>
      <trkpt lat="50.477351015433669" lon="11.055002985522151">
        <ele>773.20000000000005</ele>
      </trkpt>
      <trkpt lat="50.47756802290678" lon="11.05461498722434">
        <ele>772.60000000000002</ele>
      </trkpt>
      <trkpt lat="50.477803973481059" lon="11.054173009470105">
        <ele>773.29999999999995</ele>
      </trkpt>
      <trkpt lat="50.477992985397577" lon="11.053833039477468">
        <ele>773.89999999999998</ele>
      </trkpt>
      <trkpt lat="50.478143021464348" lon="11.053451998159289">
        <ele>775.10000000000002</ele>
      </trkpt>
      <trkpt lat="50.478292973712087" lon="11.053071040660143">
        <ele>776.29999999999995</ele>
      </trkpt>
      <trkpt lat="50.478386012837291" lon="11.052600983530283">
        <ele>778.29999999999995</ele>
      </trkpt>
      <trkpt lat="50.478478968143463" lon="11.052131010219455">
        <ele>779.89999999999998</ele>
      </trkpt>
      <trkpt lat="50.478563960641623" lon="11.051781987771392">
        <ele>780.79999999999995</ele>
      </trkpt>
      <trkpt lat="50.478648031130433" lon="11.051431959494948">
        <ele>781.5</ele>
      </trkpt>
      <trkpt lat="50.478716008365154" lon="11.050885040313005">
        <ele>782.70000000000005</ele>
      </trkpt>
      <trkpt lat="50.478782979771495" lon="11.05033703148365">
        <ele>783.29999999999995</ele>
      </trkpt>
      <trkpt lat="50.478740986436605" lon="11.04986697435379">
        <ele>784.29999999999995</ele>
      </trkpt>
      <trkpt lat="50.478698993101716" lon="11.049395995214581">
        <ele>785</ele>
      </trkpt>
      <trkpt lat="50.478595979511738" lon="11.048788977786899">
        <ele>785.60000000000002</ele>
      </trkpt>
      <trkpt lat="50.478386012837291" lon="11.048222025856376">
        <ele>786.5</ele>
      </trkpt>
      <trkpt lat="50.478155007585883" lon="11.047754986211658">
        <ele>788</ele>
      </trkpt>
      <trkpt lat="50.477925008162856" lon="11.047288030385971">
        <ele>790.29999999999995</ele>
      </trkpt>
      <trkpt lat="50.477662989869714" lon="11.046934984624386">
        <ele>792.60000000000002</ele>
      </trkpt>
      <trkpt lat="50.477476995438337" lon="11.046570036560297">
        <ele>794</ele>
      </trkpt>
      <trkpt lat="50.477307010442019" lon="11.046224031597376">
        <ele>795</ele>
      </trkpt>
      <trkpt lat="50.47713803127408" lon="11.045879032462835">
        <ele>796</ele>
      </trkpt>
      <trkpt lat="50.477020014077425" lon="11.045691026374698">
        <ele>796.79999999999995</ele>
      </trkpt>
      <trkpt lat="50.476698987185955" lon="11.045317025855184">
        <ele>799</ele>
      </trkpt>
      <trkpt lat="50.476377960294485" lon="11.04494302533567">
        <ele>801.39999999999998</ele>
      </trkpt>
      <trkpt lat="50.476057017222047" lon="11.044569024816155">
        <ele>803.79999999999995</ele>
      </trkpt>
      <trkpt lat="50.475915027782321" lon="11.044313963502645">
        <ele>804.89999999999998</ele>
      </trkpt>
      <trkpt lat="50.475868005305529" lon="11.044145990163088">
        <ele>805.29999999999995</ele>
      </trkpt>
      <trkpt lat="50.475810002535582" lon="11.043466972187161">
        <ele>806</ele>
      </trkpt>
      <trkpt lat="50.475749988108873" lon="11.043157009407878">
        <ele>806.39999999999998</ele>
      </trkpt>
      <trkpt lat="50.475605987012386" lon="11.042679995298386">
        <ele>807.39999999999998</ele>
      </trkpt>
      <trkpt lat="50.475456034764647" lon="11.042070966213942">
        <ele>808.20000000000005</ele>
      </trkpt>
      <trkpt lat="50.475304992869496" lon="11.041461015120149">
        <ele>809.70000000000005</ele>
      </trkpt>
      <trkpt lat="50.475154034793377" lon="11.040851986035705">
        <ele>811.20000000000005</ele>
      </trkpt>
      <trkpt lat="50.474981032311916" lon="11.040378995239735">
        <ele>812.60000000000002</ele>
      </trkpt>
      <trkpt lat="50.474760001525283" lon="11.039889995008707">
        <ele>814.29999999999995</ele>
      </trkpt>
      <trkpt lat="50.474536959081888" lon="11.039499985054135">
        <ele>816</ele>
      </trkpt>
      <trkpt lat="50.474402010440826" lon="11.039020959287882">
        <ele>817.29999999999995</ele>
      </trkpt>
      <trkpt lat="50.474266977980733" lon="11.03854201734066">
        <ele>818.70000000000005</ele>
      </trkpt>
      <trkpt lat="50.474133035168052" lon="11.038062991574407">
        <ele>820.20000000000005</ele>
      </trkpt>
      <trkpt lat="50.474028009921312" lon="11.037689996883273">
        <ele>821</ele>
      </trkpt>
      <trkpt lat="50.473923990502954" lon="11.03731700219214">
        <ele>821.5</ele>
      </trkpt>
      <trkpt lat="50.474077966064215" lon="11.036749966442585">
        <ele>821.79999999999995</ele>
      </trkpt>
      <trkpt lat="50.474231019616127" lon="11.036182008683681">
        <ele>822.20000000000005</ele>
      </trkpt>
      <trkpt lat="50.474384995177388" lon="11.035613967105746">
        <ele>822.79999999999995</ele>
      </trkpt>
      <trkpt lat="50.474447021260858" lon="11.035254970192909">
        <ele>823.39999999999998</ele>
      </trkpt>
      <trkpt lat="50.474509969353676" lon="11.034895973280072">
        <ele>823.89999999999998</ele>
      </trkpt>
      <trkpt lat="50.4745829757303" lon="11.034402027726173">
        <ele>824.60000000000002</ele>
      </trkpt>
      <trkpt lat="50.474596973508596" lon="11.033875979483128">
        <ele>825</ele>
      </trkpt>
      <trkpt lat="50.474609965458512" lon="11.033349009230733">
        <ele>825.29999999999995</ele>
      </trkpt>
      <trkpt lat="50.474632009863853" lon="11.032949024811387">
        <ele>825.29999999999995</ele>
      </trkpt>
      <trkpt lat="50.474667968228459" lon="11.032725982367992">
        <ele>825.29999999999995</ele>
      </trkpt>
      <trkpt lat="50.47475497238338" lon="11.0324199590832">
        <ele>825.20000000000005</ele>
      </trkpt>
      <trkpt lat="50.474943984299898" lon="11.032016035169363">
        <ele>824.89999999999998</ele>
      </trkpt>
      <trkpt lat="50.475132996216416" lon="11.031612027436495">
        <ele>824.39999999999998</ele>
      </trkpt>
      <trkpt lat="50.475322008132935" lon="11.031208019703627">
        <ele>823.60000000000002</ele>
      </trkpt>
      <trkpt lat="50.475445976480842" lon="11.030866960063577">
        <ele>822.89999999999998</ele>
      </trkpt>
      <trkpt lat="50.47557002864778" lon="11.030524978414178">
        <ele>822.10000000000002</ele>
      </trkpt>
      <trkpt lat="50.47563498839736" lon="11.029937993735075">
        <ele>821.10000000000002</ele>
      </trkpt>
      <trkpt lat="50.475707994773984" lon="11.029353020712733">
        <ele>820.20000000000005</ele>
      </trkpt>
      <trkpt lat="50.475782006978989" lon="11.02876796387136">
        <ele>819.5</ele>
      </trkpt>
      <trkpt lat="50.475804973393679" lon="11.02831601165235">
        <ele>818.79999999999995</ele>
      </trkpt>
      <trkpt lat="50.475800028070807" lon="11.027926001697779">
        <ele>818.29999999999995</ele>
      </trkpt>
      <trkpt lat="50.475758034735918" lon="11.027402970939875">
        <ele>817.29999999999995</ele>
      </trkpt>
      <trkpt lat="50.475779995322227" lon="11.027150005102158">
        <ele>816.89999999999998</ele>
      </trkpt>
      <trkpt lat="50.475889965891838" lon="11.026720013469458">
        <ele>816.10000000000002</ele>
      </trkpt>
      <trkpt lat="50.475961966440082" lon="11.026337966322899">
        <ele>815.5</ele>
      </trkpt>
      <trkpt lat="50.476033966988325" lon="11.025957008823752">
        <ele>815</ele>
      </trkpt>
      <trkpt lat="50.476041007786989" lon="11.025742013007402">
        <ele>814.70000000000005</ele>
      </trkpt>
      <trkpt lat="50.475898012518883" lon="11.025226023048162">
        <ele>814.10000000000002</ele>
      </trkpt>
      <trkpt lat="50.475890971720219" lon="11.025056960061193">
        <ele>814</ele>
      </trkpt>
      <trkpt lat="50.475915027782321" lon="11.024894015863538">
        <ele>813.79999999999995</ele>
      </trkpt>
      <trkpt lat="50.476041007786989" lon="11.024315999820828">
        <ele>813.20000000000005</ele>
      </trkpt>
      <trkpt lat="50.476166987791657" lon="11.023737983778119">
        <ele>812.70000000000005</ele>
      </trkpt>
      <trkpt lat="50.476348958909512" lon="11.023119986057281">
        <ele>812.20000000000005</ele>
      </trkpt>
      <trkpt lat="50.476531013846397" lon="11.022500982508063">
        <ele>811.5</ele>
      </trkpt>
      <trkpt lat="50.476692030206323" lon="11.021930007264018">
        <ele>810.89999999999998</ele>
      </trkpt>
      <trkpt lat="50.476852962747216" lon="11.021358026191592">
        <ele>810.20000000000005</ele>
      </trkpt>
      <trkpt lat="50.476958993822336" lon="11.021001040935516">
        <ele>809.70000000000005</ele>
      </trkpt>
      <trkpt lat="50.477066030725837" lon="11.020643971860409">
        <ele>809.20000000000005</ele>
      </trkpt>
      <trkpt lat="50.477189999073744" lon="11.020339038223028">
        <ele>808.60000000000002</ele>
      </trkpt>
      <trkpt lat="50.477313967421651" lon="11.02015295997262">
        <ele>808.20000000000005</ele>
      </trkpt>
      <trkpt lat="50.477378005161881" lon="11.020042989403009">
        <ele>807.89999999999998</ele>
      </trkpt>
      <trkpt lat="50.477538015693426" lon="11.019804021343589">
        <ele>807.20000000000005</ele>
      </trkpt>
      <trkpt lat="50.477764997631311" lon="11.019433038309216">
        <ele>805.60000000000002</ele>
      </trkpt>
      <trkpt lat="50.477914027869701" lon="11.019099019467831">
        <ele>804</ele>
      </trkpt>
      <trkpt lat="50.478035984560847" lon="11.01879601366818">
        <ele>802.29999999999995</ele>
      </trkpt>
      <trkpt lat="50.478146960958838" lon="11.018463000655174">
        <ele>800.5</ele>
      </trkpt>
      <trkpt lat="50.478208987042308" lon="11.018273988738656">
        <ele>799.60000000000002</ele>
      </trkpt>
      <trkpt lat="50.47836396843195" lon="11.017646016553044">
        <ele>796.5</ele>
      </trkpt>
      <trkpt lat="50.478401016443968" lon="11.017474019899964">
        <ele>795.60000000000002</ele>
      </trkpt>
      <trkpt lat="50.478457007557154" lon="11.017058026045561">
        <ele>792.5</ele>
      </trkpt>
      <trkpt lat="50.478466982021928" lon="11.016595009714365">
        <ele>789.39999999999998</ele>
      </trkpt>
      <trkpt lat="50.478445021435618" lon="11.016200976446271">
        <ele>787.5</ele>
      </trkpt>
      <trkpt lat="50.478373020887375" lon="11.015584990382195">
        <ele>785.10000000000002</ele>
      </trkpt>
      <trkpt lat="50.478335972875357" lon="11.015178970992565">
        <ele>784.5</ele>
      </trkpt>
      <trkpt lat="50.478310994803905" lon="11.014860039576888">
        <ele>784.89999999999998</ele>
      </trkpt>
      <trkpt lat="50.478294985368848" lon="11.014644959941506">
        <ele>785.29999999999995</ele>
      </trkpt>
      <trkpt lat="50.478306971490383" lon="11.014088988304138">
        <ele>786.60000000000002</ele>
      </trkpt>
      <trkpt lat="50.478319963440299" lon="11.013532010838389">
        <ele>787.60000000000002</ele>
      </trkpt>
      <trkpt lat="50.478359023109078" lon="11.013301005586982">
        <ele>788.39999999999998</ele>
      </trkpt>
      <trkpt lat="50.478434963151813" lon="11.012925999239087">
        <ele>789.70000000000005</ele>
      </trkpt>
      <trkpt lat="50.478510987013578" lon="11.012549987062812">
        <ele>791.39999999999998</ele>
      </trkpt>
      <trkpt lat="50.478504030033946" lon="11.012461977079511">
        <ele>791.60000000000002</ele>
      </trkpt>
      <trkpt lat="50.478452984243631" lon="11.011854959651828">
        <ele>793.5</ele>
      </trkpt>
      <trkpt lat="50.47836497426033" lon="11.011485988274217">
        <ele>794.5</ele>
      </trkpt>
      <trkpt lat="50.478276964277029" lon="11.011117016896605">
        <ele>795.79999999999995</ele>
      </trkpt>
      <trkpt lat="50.478229019790888" lon="11.010819040238857">
        <ele>797.5</ele>
      </trkpt>
      <trkpt lat="50.478206975385547" lon="11.010428024455905">
        <ele>799.79999999999995</ele>
      </trkpt>
      <trkpt lat="50.478087030351162" lon="11.009943969547749">
        <ele>802.5</ele>
      </trkpt>
      <trkpt lat="50.478070015087724" lon="11.009909017011523">
        <ele>802.79999999999995</ele>
      </trkpt>
      <trkpt lat="50.47793397679925" lon="11.009269980713725">
        <ele>804.60000000000002</ele>
      </trkpt>
      <trkpt lat="50.47778301872313" lon="11.008903020992875">
        <ele>805.39999999999998</ele>
      </trkpt>
      <trkpt lat="50.477710012346506" lon="11.00889103487134">
        <ele>805.70000000000005</ele>
      </trkpt>
      <trkpt lat="50.477559976279736" lon="11.008561039343476">
        <ele>806.20000000000005</ele>
      </trkpt>
      <trkpt lat="50.477400971576571" lon="11.008299021050334">
        <ele>806.60000000000002</ele>
      </trkpt>
      <trkpt lat="50.477241966873407" lon="11.008037002757192">
        <ele>806.89999999999998</ele>
      </trkpt>
      <trkpt lat="50.477135013788939" lon="11.007813960313797">
        <ele>807.10000000000002</ele>
      </trkpt>
      <trkpt lat="50.477066030725837" lon="11.007551020011306">
        <ele>807.29999999999995</ele>
      </trkpt>
      <trkpt lat="50.477066030725837" lon="11.007143994793296">
        <ele>807.20000000000005</ele>
      </trkpt>
      <trkpt lat="50.477157980203629" lon="11.006848029792309">
        <ele>807</ele>
      </trkpt>
      <trkpt lat="50.477303992956877" lon="11.006451984867454">
        <ele>806.70000000000005</ele>
      </trkpt>
      <trkpt lat="50.477451011538506" lon="11.00605602376163">
        <ele>806.39999999999998</ele>
      </trkpt>
      <trkpt lat="50.477565005421638" lon="11.005684034898877">
        <ele>806.29999999999995</ele>
      </trkpt>
      <trkpt lat="50.477677993476391" lon="11.005311962217093">
        <ele>806.10000000000002</ele>
      </trkpt>
      <trkpt lat="50.477774972096086" lon="11.004835031926632">
        <ele>805.89999999999998</ele>
      </trkpt>
      <trkpt lat="50.477828029543161" lon="11.004364974796772">
        <ele>805.60000000000002</ele>
      </trkpt>
      <trkpt lat="50.477882008999586" lon="11.003895001485944">
        <ele>805</ele>
      </trkpt>
      <trkpt lat="50.477935988456011" lon="11.003425028175116">
        <ele>803.39999999999998</ele>
      </trkpt>
      <trkpt lat="50.478031039237976" lon="11.002921024337411">
        <ele>801.5</ele>
      </trkpt>
      <trkpt lat="50.47812701202929" lon="11.002418026328087">
        <ele>799.70000000000005</ele>
      </trkpt>
      <trkpt lat="50.478221978992224" lon="11.001914022490382">
        <ele>799.10000000000002</ele>
      </trkpt>
      <trkpt lat="50.478271013125777" lon="11.001535998657346">
        <ele>799.39999999999998</ele>
      </trkpt>
      <trkpt lat="50.47832096926868" lon="11.001157974824309">
        <ele>800.20000000000005</ele>
      </trkpt>
      <trkpt lat="50.478339996188879" lon="11.000848012045026">
        <ele>801.39999999999998</ele>
      </trkpt>
      <trkpt lat="50.478351982310414" lon="11.000403016805649">
        <ele>803.10000000000002</ele>
      </trkpt>
      <trkpt lat="50.47832096926868" lon="11.00019296631217">
        <ele>804.39999999999998</ele>
      </trkpt>
      <trkpt lat="50.478272018954158" lon="10.999857019633055">
        <ele>806.10000000000002</ele>
      </trkpt>
      <trkpt lat="50.478147966787219" lon="10.999423004686832">
        <ele>807.79999999999995</ele>
      </trkpt>
      <trkpt lat="50.478006983175874" lon="10.998926963657141">
        <ele>809.10000000000002</ele>
      </trkpt>
      <trkpt lat="50.478002037853003" lon="10.998908020555973">
        <ele>809.20000000000005</ele>
      </trkpt>
      <trkpt lat="50.477859964594245" lon="10.99845196120441">
        <ele>810.10000000000002</ele>
      </trkpt>
      <trkpt lat="50.477717975154519" lon="10.997996991500258">
        <ele>811.20000000000005</ele>
      </trkpt>
      <trkpt lat="50.47758998349309" lon="10.997674036771059">
        <ele>811.79999999999995</ele>
      </trkpt>
      <trkpt lat="50.47743902541697" lon="10.997157962992787">
        <ele>813.39999999999998</ele>
      </trkpt>
      <trkpt lat="50.477287983521819" lon="10.996641973033547">
        <ele>815.10000000000002</ele>
      </trkpt>
      <trkpt lat="50.4771370254457" lon="10.996126988902688">
        <ele>817</ele>
      </trkpt>
      <trkpt lat="50.476981038227677" lon="10.995779978111386">
        <ele>817.60000000000002</ele>
      </trkpt>
      <trkpt lat="50.476823961362243" lon="10.995433973148465">
        <ele>818</ele>
      </trkpt>
      <trkpt lat="50.476554986089468" lon="10.994938015937805">
        <ele>817.5</ele>
      </trkpt>
      <trkpt lat="50.476285004988313" lon="10.994442980736494">
        <ele>816.39999999999998</ele>
      </trkpt>
      <trkpt lat="50.476015023887157" lon="10.993948029354215">
        <ele>815.79999999999995</ele>
      </trkpt>
      <trkpt lat="50.475745964795351" lon="10.993451988324523">
        <ele>816.10000000000002</ele>
      </trkpt>
      <trkpt lat="50.475475983694196" lon="10.992957036942244">
        <ele>817.29999999999995</ele>
      </trkpt>
      <trkpt lat="50.475374981760979" lon="10.992837008088827">
        <ele>817.20000000000005</ele>
      </trkpt>
      <trkpt lat="50.475203990936279" lon="10.992703987285495">
        <ele>816.5</ele>
      </trkpt>
      <trkpt lat="50.47490400262177" lon="10.992497038096189">
        <ele>815.20000000000005</ele>
      </trkpt>
      <trkpt lat="50.47460300847888" lon="10.992290005087852">
        <ele>814.10000000000002</ele>
      </trkpt>
      <trkpt lat="50.47430201433599" lon="10.992083977907896">
        <ele>813</ele>
      </trkpt>
      <trkpt lat="50.474119959399104" lon="10.991908041760325">
        <ele>812.39999999999998</ele>
      </trkpt>
      <trkpt lat="50.473904963582754" lon="10.991653986275196">
        <ele>811.39999999999998</ele>
      </trkpt>
      <trkpt lat="50.473904041573405" lon="10.991650968790054">
        <ele>811.39999999999998</ele>
      </trkpt>
      <trkpt lat="50.473670018836856" lon="10.991271017119288">
        <ele>809.29999999999995</ele>
      </trkpt>
      <trkpt lat="50.473433984443545" lon="10.99088896997273">
        <ele>805.5</ele>
      </trkpt>
      <trkpt lat="50.473198033869267" lon="10.990507006645203">
        <ele>800.60000000000002</ele>
      </trkpt>
      <trkpt lat="50.472963005304337" lon="10.990124959498644">
        <ele>795.29999999999995</ele>
      </trkpt>
      <trkpt lat="50.473059983924031" lon="10.989823965355754">
        <ele>795.79999999999995</ele>
      </trkpt>
      <trkpt lat="50.473222006112337" lon="10.989478966221213">
        <ele>796.60000000000002</ele>
      </trkpt>
      <trkpt lat="50.473402971401811" lon="10.989216025918722">
        <ele>797.29999999999995</ele>
      </trkpt>
      <trkpt lat="50.473590977489948" lon="10.9890410117805">
        <ele>798.10000000000002</ele>
      </trkpt>
      <trkpt lat="50.473938994109631" lon="10.988820986822248">
        <ele>799.60000000000002</ele>
      </trkpt>
      <trkpt lat="50.474286004900932" lon="10.988600039854646">
        <ele>800.79999999999995</ele>
      </trkpt>
      <trkpt lat="50.474394969642162" lon="10.988545976579189">
        <ele>801.29999999999995</ele>
      </trkpt>
      <trkpt lat="50.474657993763685" lon="10.988386971876025">
        <ele>802.29999999999995</ele>
      </trkpt>
      <trkpt lat="50.474920012056828" lon="10.988227967172861">
        <ele>803.39999999999998</ele>
      </trkpt>
      <trkpt lat="50.475199967622757" lon="10.98813702352345">
        <ele>805.39999999999998</ele>
      </trkpt>
      <trkpt lat="50.475452011451125" lon="10.988069968298078">
        <ele>807.60000000000002</ele>
      </trkpt>
      <trkpt lat="50.475731967017055" lon="10.987903000786901">
        <ele>809.39999999999998</ele>
      </trkpt>
      <trkpt lat="50.476011000573635" lon="10.987737039104104">
        <ele>811.60000000000002</ele>
      </trkpt>
      <trkpt lat="50.476228008046746" lon="10.987567976117134">
        <ele>813.20000000000005</ele>
      </trkpt>
      <trkpt lat="50.476349964737892" lon="10.987432021647692">
        <ele>813.89999999999998</ele>
      </trkpt>
      <trkpt lat="50.476659005507827" lon="10.986922988668084">
        <ele>814.5</ele>
      </trkpt>
      <trkpt lat="50.47696796245873" lon="10.986414039507508">
        <ele>815.39999999999998</ele>
      </trkpt>
      <trkpt lat="50.477201985195279" lon="10.986080020666122">
        <ele>816.29999999999995</ele>
      </trkpt>
      <trkpt lat="50.477436007931828" lon="10.985744995996356">
        <ele>816.70000000000005</ele>
      </trkpt>
      <trkpt lat="50.477670030668378" lon="10.98541097715497">
        <ele>816.79999999999995</ele>
      </trkpt>
      <trkpt lat="50.477960966527462" lon="10.984909990802407">
        <ele>815.79999999999995</ele>
      </trkpt>
      <trkpt lat="50.478251986205578" lon="10.984410010278225">
        <ele>814.79999999999995</ele>
      </trkpt>
      <trkpt lat="50.478506041690707" lon="10.98405503667891">
        <ele>814.39999999999998</ele>
      </trkpt>
      <trkpt lat="50.478759007528424" lon="10.983700985088944">
        <ele>813.79999999999995</ele>
      </trkpt>
      <trkpt lat="50.478940978646278" lon="10.983421029523015">
        <ele>813.20000000000005</ele>
      </trkpt>
      <trkpt lat="50.479123033583164" lon="10.983140990138054">
        <ele>812.39999999999998</ele>
      </trkpt>
      <trkpt lat="50.479314979165792" lon="10.982905961573124">
        <ele>812</ele>
      </trkpt>
      <trkpt lat="50.479507008567452" lon="10.982671016827226">
        <ele>811.39999999999998</ele>
      </trkpt>
      <trkpt lat="50.479800039902329" lon="10.982368011027575">
        <ele>810.39999999999998</ele>
      </trkpt>
      <trkpt lat="50.480019981041551" lon="10.982205988839269">
        <ele>809.79999999999995</ele>
      </trkpt>
      <trkpt lat="50.480240005999804" lon="10.982044972479343">
        <ele>808.89999999999998</ele>
      </trkpt>
      <trkpt lat="50.480421977117658" lon="10.98199300467968">
        <ele>808.39999999999998</ele>
      </trkpt>
      <trkpt lat="50.480518033728004" lon="10.981996022164822">
        <ele>808.10000000000002</ele>
      </trkpt>
      <trkpt lat="50.480831013992429" lon="10.982042960822582">
        <ele>807.10000000000002</ele>
      </trkpt>
      <trkpt lat="50.481052966788411" lon="10.982181010767817">
        <ele>806.5</ele>
      </trkpt>
      <trkpt lat="50.481276009231806" lon="10.982319982722402">
        <ele>805.5</ele>
      </trkpt>
      <trkpt lat="50.481456974521279" lon="10.982431964948773">
        <ele>804.5</ele>
      </trkpt>
      <trkpt lat="50.481523023918271" lon="10.982482004910707">
        <ele>804.20000000000005</ele>
      </trkpt>
      <trkpt lat="50.481837010011077" lon="10.982719967141747">
        <ele>802.29999999999995</ele>
      </trkpt>
      <trkpt lat="50.482052005827427" lon="10.9829590190202">
        <ele>801.10000000000002</ele>
      </trkpt>
      <trkpt lat="50.482267001643777" lon="10.98319698125124">
        <ele>799.79999999999995</ele>
      </trkpt>
      <trkpt lat="50.482604037970304" lon="10.983470985665917">
        <ele>797.10000000000002</ele>
      </trkpt>
      <trkpt lat="50.4829409904778" lon="10.983743984252214">
        <ele>794.10000000000002</ele>
      </trkpt>
      <trkpt lat="50.483216000720859" lon="10.98401203751564">
        <ele>791.79999999999995</ele>
      </trkpt>
      <trkpt lat="50.483440971001983" lon="10.984329041093588">
        <ele>790.39999999999998</ele>
      </trkpt>
      <trkpt lat="50.483666025102139" lon="10.984645960852504">
        <ele>788.79999999999995</ele>
      </trkpt>
      <trkpt lat="50.483879009261727" lon="10.984902027994394">
        <ele>786.89999999999998</ele>
      </trkpt>
      <trkpt lat="50.484091993421316" lon="10.985159017145634">
        <ele>785.10000000000002</ele>
      </trkpt>
      <trkpt lat="50.484339008107781" lon="10.985415000468493">
        <ele>783</ele>
      </trkpt>
      <trkpt lat="50.484585016965866" lon="10.985670983791351">
        <ele>781</ele>
      </trkpt>
      <trkpt lat="50.484733963385224" lon="10.985865024849772">
        <ele>780.20000000000005</ele>
      </trkpt>
      <trkpt lat="50.484867990016937" lon="10.9859689604491">
        <ele>779.20000000000005</ele>
      </trkpt>
      <trkpt lat="50.485175019130111" lon="10.986131988465786">
        <ele>776.70000000000005</ele>
      </trkpt>
      <trkpt lat="50.485481964424253" lon="10.986295016482472">
        <ele>774.5</ele>
      </trkpt>
      <trkpt lat="50.485766027122736" lon="10.986436000093818">
        <ele>772.70000000000005</ele>
      </trkpt>
      <trkpt lat="50.486049000173807" lon="10.986575977876782">
        <ele>771.10000000000002</ele>
      </trkpt>
      <trkpt lat="50.486359968781471" lon="10.986690977588296">
        <ele>769.5</ele>
      </trkpt>
      <trkpt lat="50.486798007041216" lon="10.986773036420345">
        <ele>767.29999999999995</ele>
      </trkpt>
      <trkpt lat="50.486952988430858" lon="10.986727019771934">
        <ele>766.29999999999995</ele>
      </trkpt>
      <trkpt lat="50.487161027267575" lon="10.986613025888801">
        <ele>764.79999999999995</ele>
      </trkpt>
      <trkpt lat="50.487461015582085" lon="10.986363999545574">
        <ele>762.5</ele>
      </trkpt>
      <trkpt lat="50.487768966704607" lon="10.986023023724556">
        <ele>760</ele>
      </trkpt>
      <trkpt lat="50.488003995269537" lon="10.985827976837754">
        <ele>758.39999999999998</ele>
      </trkpt>
      <trkpt lat="50.488240029662848" lon="10.985632007941604">
        <ele>757</ele>
      </trkpt>
      <trkpt lat="50.488491989672184" lon="10.985461017116904">
        <ele>755.60000000000002</ele>
      </trkpt>
      <trkpt lat="50.488837994635105" lon="10.985364960506558">
        <ele>754.60000000000002</ele>
      </trkpt>
      <trkpt lat="50.489048967137933" lon="10.985361021012068">
        <ele>754.29999999999995</ele>
      </trkpt>
      <trkpt lat="50.489338980987668" lon="10.985420029610395">
        <ele>754.29999999999995</ele>
      </trkpt>
      <trkpt lat="50.489778025075793" lon="10.985565958544612">
        <ele>754.5</ele>
      </trkpt>
      <trkpt lat="50.490044988691807" lon="10.985733009874821">
        <ele>754.79999999999995</ele>
      </trkpt>
      <trkpt lat="50.490311030298471" lon="10.985899977385998">
        <ele>754.70000000000005</ele>
      </trkpt>
      <trkpt lat="50.490560978651047" lon="10.986020006239414">
        <ele>754.20000000000005</ele>
      </trkpt>
      <trkpt lat="50.490937996655703" lon="10.986221004277468">
        <ele>753</ele>
      </trkpt>
      <trkpt lat="50.491315014660358" lon="10.986423008143902">
        <ele>751.29999999999995</ele>
      </trkpt>
      <trkpt lat="50.491629000753164" lon="10.986631968989968">
        <ele>749.60000000000002</ele>
      </trkpt>
      <trkpt lat="50.491859000176191" lon="10.986813018098474">
        <ele>748.29999999999995</ele>
      </trkpt>
      <trkpt lat="50.492088999599218" lon="10.986992977559566">
        <ele>746.89999999999998</ele>
      </trkpt>
      <trkpt lat="50.492363004013896" lon="10.987247033044696">
        <ele>745.29999999999995</ele>
      </trkpt>
      <trkpt lat="50.492638014256954" lon="10.987502010539174">
        <ele>744.20000000000005</ele>
      </trkpt>
      <trkpt lat="50.492755025625229" lon="10.987539980560541">
        <ele>744.29999999999995</ele>
      </trkpt>
      <trkpt lat="50.492875976487994" lon="10.987506033852696">
        <ele>744.79999999999995</ele>
      </trkpt>
      <trkpt lat="50.493013020604849" lon="10.987180983647704">
        <ele>746.29999999999995</ele>
      </trkpt>
      <trkpt lat="50.493149980902672" lon="10.986857023090124">
        <ele>747</ele>
      </trkpt>
      <trkpt lat="50.493324995040894" lon="10.987022984772921">
        <ele>747.10000000000002</ele>
      </trkpt>
      <trkpt lat="50.493459021672606" lon="10.987033965066075">
        <ele>747.39999999999998</ele>
      </trkpt>
      <trkpt lat="50.493513001129031" lon="10.986983003094792">
        <ele>747.5</ele>
      </trkpt>
      <trkpt lat="50.493804020807147" lon="10.986527027562261">
        <ele>748.20000000000005</ele>
      </trkpt>
      <trkpt lat="50.494094034656882" lon="10.986070968210697">
        <ele>748.79999999999995</ele>
      </trkpt>
      <trkpt lat="50.494383964687586" lon="10.985614992678165">
        <ele>749.70000000000005</ele>
      </trkpt>
      <trkpt lat="50.494695017114282" lon="10.9852160140872">
        <ele>751</ele>
      </trkpt>
      <trkpt lat="50.495004979893565" lon="10.984817035496235">
        <ele>752.29999999999995</ele>
      </trkpt>
      <trkpt lat="50.495174964889884" lon="10.984534984454513">
        <ele>753</ele>
      </trkpt>
      <trkpt lat="50.495345033705235" lon="10.984254023060203">
        <ele>753.70000000000005</ele>
      </trkpt>
      <trkpt lat="50.49555298872292" lon="10.983782960101962">
        <ele>754.39999999999998</ele>
      </trkpt>
      <trkpt lat="50.495668994262815" lon="10.983456987887621">
        <ele>754.70000000000005</ele>
      </trkpt>
      <trkpt lat="50.495784999802709" lon="10.98313202150166">
        <ele>755.10000000000002</ele>
      </trkpt>
      <trkpt lat="50.495897987857461" lon="10.982683002948761">
        <ele>755.60000000000002</ele>
      </trkpt>
      <trkpt lat="50.495961019769311" lon="10.982299027964473">
        <ele>756.29999999999995</ele>
      </trkpt>
      <trkpt lat="50.495972000062466" lon="10.981985963881016">
        <ele>757</ele>
      </trkpt>
      <trkpt lat="50.495963031426072" lon="10.981656974181533">
        <ele>757.79999999999995</ele>
      </trkpt>
      <trkpt lat="50.495909973978996" lon="10.981288002803922">
        <ele>758.39999999999998</ele>
      </trkpt>
      <trkpt lat="50.495759015902877" lon="10.980642009526491">
        <ele>759.10000000000002</ele>
      </trkpt>
      <trkpt lat="50.495607974007726" lon="10.97999501042068">
        <ele>760</ele>
      </trkpt>
      <trkpt lat="50.495546031743288" lon="10.979621009901166">
        <ele>760.60000000000002</ele>
      </trkpt>
      <trkpt lat="50.495482999831438" lon="10.979247009381652">
        <ele>761.10000000000002</ele>
      </trkpt>
      <trkpt lat="50.49544402398169" lon="10.978797990828753">
        <ele>761.89999999999998</ele>
      </trkpt>
      <trkpt lat="50.495438994839787" lon="10.978455003350973">
        <ele>762.39999999999998</ele>
      </trkpt>
      <trkpt lat="50.495506972074509" lon="10.978085026144981">
        <ele>763.10000000000002</ele>
      </trkpt>
      <trkpt lat="50.495575033128262" lon="10.977713959291577">
        <ele>763.60000000000002</ele>
      </trkpt>
      <trkpt lat="50.495653990656137" lon="10.977384969592094">
        <ele>764</ele>
      </trkpt>
      <trkpt lat="50.495803020894527" lon="10.97705002874136">
        <ele>764.79999999999995</ele>
      </trkpt>
      <trkpt lat="50.496004018932581" lon="10.97666303627193">
        <ele>765.79999999999995</ele>
      </trkpt>
      <trkpt lat="50.49626100808382" lon="10.976162971928716">
        <ele>767.10000000000002</ele>
      </trkpt>
      <trkpt lat="50.496377013623714" lon="10.975739015266299">
        <ele>767.20000000000005</ele>
      </trkpt>
      <trkpt lat="50.496492013335228" lon="10.97531396895647">
        <ele>767.10000000000002</ele>
      </trkpt>
      <trkpt lat="50.49666803330183" lon="10.974926976487041">
        <ele>767.29999999999995</ele>
      </trkpt>
      <trkpt lat="50.496914964169264" lon="10.974529003724456">
        <ele>767.89999999999998</ele>
      </trkpt>
      <trkpt lat="50.497160973027349" lon="10.974130025133491">
        <ele>768.5</ele>
      </trkpt>
      <trkpt lat="50.497446963563561" lon="10.97374202683568">
        <ele>769.10000000000002</ele>
      </trkpt>
      <trkpt lat="50.497733037918806" lon="10.97335503436625">
        <ele>769.60000000000002</ele>
      </trkpt>
      <trkpt lat="50.497931018471718" lon="10.97305596806109">
        <ele>770</ele>
      </trkpt>
      <trkpt lat="50.498127993196249" lon="10.972757991403341">
        <ele>771.20000000000005</ele>
      </trkpt>
      <trkpt lat="50.498304013162851" lon="10.972421038895845">
        <ele>773</ele>
      </trkpt>
      <trkpt lat="50.498350029811263" lon="10.97221702337265">
        <ele>773.89999999999998</ele>
      </trkpt>
      <trkpt lat="50.49832496792078" lon="10.971886022016406">
        <ele>774.79999999999995</ele>
      </trkpt>
      <trkpt lat="50.498308958485723" lon="10.971816033124924">
        <ele>774.89999999999998</ele>
      </trkpt>
      <trkpt lat="50.49823796376586" lon="10.971702039241791">
        <ele>774.39999999999998</ele>
      </trkpt>
      <trkpt lat="50.498041994869709" lon="10.971363997086883">
        <ele>773.10000000000002</ele>
      </trkpt>
      <trkpt lat="50.497845020145178" lon="10.971026038751006">
        <ele>771.70000000000005</ele>
      </trkpt>
      <trkpt lat="50.497663971036673" lon="10.970633011311293">
        <ele>770.5</ele>
      </trkpt>
      <trkpt lat="50.497529022395611" lon="10.970293041318655">
        <ele>769.39999999999998</ele>
      </trkpt>
      <trkpt lat="50.497392984107137" lon="10.969952987506986">
        <ele>767.70000000000005</ele>
      </trkpt>
      <trkpt lat="50.497287958860397" lon="10.96961603499949">
        <ele>766.10000000000002</ele>
      </trkpt>
      <trkpt lat="50.497182011604309" lon="10.969280004501343">
        <ele>764.5</ele>
      </trkpt>
      <trkpt lat="50.4970339871943" lon="10.968659995123744">
        <ele>762.79999999999995</ele>
      </trkpt>
      <trkpt lat="50.496957041323185" lon="10.968227991834283">
        <ele>762.29999999999995</ele>
      </trkpt>
      <trkpt lat="50.496943965554237" lon="10.967940995469689">
        <ele>762.5</ele>
      </trkpt>
      <trkpt lat="50.496967015787959" lon="10.967526007443666">
        <ele>763.5</ele>
      </trkpt>
      <trkpt lat="50.497029041871428" lon="10.967244962230325">
        <ele>764.60000000000002</ele>
      </trkpt>
      <trkpt lat="50.497147981077433" lon="10.966908009722829">
        <ele>766</ele>
      </trkpt>
      <trkpt lat="50.497265998274088" lon="10.966571979224682">
        <ele>766.79999999999995</ele>
      </trkpt>
      <trkpt lat="50.497470013797283" lon="10.966255981475115">
        <ele>767.79999999999995</ele>
      </trkpt>
      <trkpt lat="50.497675035148859" lon="10.965939983725548">
        <ele>768.10000000000002</ele>
      </trkpt>
      <trkpt lat="50.498039983212948" lon="10.965641001239419">
        <ele>768.89999999999998</ele>
      </trkpt>
      <trkpt lat="50.498361010104418" lon="10.965532036498189">
        <ele>770</ele>
      </trkpt>
      <trkpt lat="50.498681031167507" lon="10.965423993766308">
        <ele>770.89999999999998</ele>
      </trkpt>
      <trkpt lat="50.498814973980188" lon="10.965436985716224">
        <ele>771.79999999999995</ele>
      </trkpt>
      <trkpt lat="50.49905302003026" lon="10.965382000431418">
        <ele>772.89999999999998</ele>
      </trkpt>
      <trkpt lat="50.499112028628588" lon="10.965350987389684">
        <ele>773.10000000000002</ele>
      </trkpt>
      <trkpt lat="50.499194003641605" lon="10.965307988226414">
        <ele>773.39999999999998</ele>
      </trkpt>
      <trkpt lat="50.499448981136084" lon="10.96500095911324">
        <ele>773.60000000000002</ele>
      </trkpt>
      <trkpt lat="50.499525004997849" lon="10.964877996593714">
        <ele>773.70000000000005</ele>
      </trkpt>
      <trkpt lat="50.499560041353106" lon="10.964741036295891">
        <ele>773.79999999999995</ele>
      </trkpt>
      <trkpt lat="50.499515030533075" lon="10.964550012722611">
        <ele>773.5</ele>
      </trkpt>
      <trkpt lat="50.499484017491341" lon="10.964485974982381">
        <ele>773.29999999999995</ele>
      </trkpt>
      <trkpt lat="50.499260975047946" lon="10.964072998613119">
        <ele>772.29999999999995</ele>
      </trkpt>
      <trkpt lat="50.499038016423583" lon="10.963661028072238">
        <ele>771.39999999999998</ele>
      </trkpt>
      <trkpt lat="50.498814973980188" lon="10.963248973712325">
        <ele>770.5</ele>
      </trkpt>
      <trkpt lat="50.49870802089572" lon="10.962706999853253">
        <ele>771.70000000000005</ele>
      </trkpt>
      <trkpt lat="50.498599978163838" lon="10.962166031822562">
        <ele>773</ele>
      </trkpt>
      <trkpt lat="50.498492019250989" lon="10.961623974144459">
        <ele>774.39999999999998</ele>
      </trkpt>
      <trkpt lat="50.498305018991232" lon="10.961222983896732">
        <ele>774.29999999999995</ele>
      </trkpt>
      <trkpt lat="50.498163029551506" lon="10.961014023050666">
        <ele>773.79999999999995</ele>
      </trkpt>
      <trkpt lat="50.497906040400267" lon="10.960655026137829">
        <ele>773</ele>
      </trkpt>
      <trkpt lat="50.497648967429996" lon="10.960295023396611">
        <ele>772.10000000000002</ele>
      </trkpt>
      <trkpt lat="50.497391978278756" lon="10.959936026483774">
        <ele>771</ele>
      </trkpt>
      <trkpt lat="50.497241020202637" lon="10.959611982107162">
        <ele>770.5</ele>
      </trkpt>
      <trkpt lat="50.497105987742543" lon="10.95900303684175">
        <ele>769.89999999999998</ele>
      </trkpt>
      <trkpt lat="50.497056031599641" lon="10.958691984415054">
        <ele>769.29999999999995</ele>
      </trkpt>
      <trkpt lat="50.497057037428021" lon="10.958501966670156">
        <ele>769.10000000000002</ele>
      </trkpt>
      <trkpt lat="50.497057037428021" lon="10.958094019442797">
        <ele>768.29999999999995</ele>
      </trkpt>
      <trkpt lat="50.497107999399304" lon="10.957484990358353">
        <ele>766.70000000000005</ele>
      </trkpt>
      <trkpt lat="50.497231967747211" lon="10.95721903257072">
        <ele>766.39999999999998</ele>
      </trkpt>
      <trkpt lat="50.497501026839018" lon="10.956771019846201">
        <ele>766</ele>
      </trkpt>
      <trkpt lat="50.497770002111793" lon="10.956324012950063">
        <ele>765.39999999999998</ele>
      </trkpt>
      <trkpt lat="50.498039983212948" lon="10.955877006053925">
        <ele>764.79999999999995</ele>
      </trkpt>
      <trkpt lat="50.498308958485723" lon="10.955428993329406">
        <ele>763.70000000000005</ele>
      </trkpt>
      <trkpt lat="50.498458994552493" lon="10.955131016671658">
        <ele>762.20000000000005</ele>
      </trkpt>
      <trkpt lat="50.498631997033954" lon="10.955074019730091">
        <ele>762.79999999999995</ele>
      </trkpt>
      <trkpt lat="50.49901002086699" lon="10.954949967563152">
        <ele>764.39999999999998</ele>
      </trkpt>
      <trkpt lat="50.499387038871646" lon="10.954825999215245">
        <ele>766.20000000000005</ele>
      </trkpt>
      <trkpt lat="50.49976397305727" lon="10.954701025038958">
        <ele>768</ele>
      </trkpt>
      <trkpt lat="50.500140991061926" lon="10.954576972872019">
        <ele>769.79999999999995</ele>
      </trkpt>
      <trkpt lat="50.500349029898643" lon="10.954564986750484">
        <ele>771.5</ele>
      </trkpt>
      <trkpt lat="50.500528989359736" lon="10.954617038369179">
        <ele>773.39999999999998</ele>
      </trkpt>
      <trkpt lat="50.500744991004467" lon="10.954737989231944">
        <ele>775.60000000000002</ele>
      </trkpt>
      <trkpt lat="50.501000974327326" lon="10.954940998926759">
        <ele>778.29999999999995</ele>
      </trkpt>
      <trkpt lat="50.501001980155706" lon="10.954971006140113">
        <ele>778.60000000000002</ele>
      </trkpt>
      <trkpt lat="50.501195015385747" lon="10.955175021663308">
        <ele>780</ele>
      </trkpt>
      <trkpt lat="50.501387966796756" lon="10.955378031358123">
        <ele>779.5</ele>
      </trkpt>
      <trkpt lat="50.501478994265199" lon="10.955509962514043">
        <ele>778.79999999999995</ele>
      </trkpt>
      <trkpt lat="50.501571027562022" lon="10.955709032714367">
        <ele>778</ele>
      </trkpt>
      <trkpt lat="50.501680998131633" lon="10.9560820274055">
        <ele>776.89999999999998</ele>
      </trkpt>
      <trkpt lat="50.501771019771695" lon="10.956592988222837">
        <ele>776.20000000000005</ele>
      </trkpt>
      <trkpt lat="50.501861041411757" lon="10.957105038687587">
        <ele>775.5</ele>
      </trkpt>
      <trkpt lat="50.501961959525943" lon="10.957617005333304">
        <ele>775</ele>
      </trkpt>
      <trkpt lat="50.50206296145916" lon="10.958129977807403">
        <ele>775.10000000000002</ele>
      </trkpt>
      <trkpt lat="50.502163963392377" lon="10.958643034100533">
        <ele>775.70000000000005</ele>
      </trkpt>
      <trkpt lat="50.502265971153975" lon="10.959156006574631">
        <ele>777.39999999999998</ele>
      </trkpt>
      <trkpt lat="50.502398991957307" lon="10.959632014855742">
        <ele>779.29999999999995</ele>
      </trkpt>
      <trkpt lat="50.502532012760639" lon="10.960109028965235">
        <ele>781.20000000000005</ele>
      </trkpt>
      <trkpt lat="50.502739967778325" lon="10.960666006430984">
        <ele>781.89999999999998</ele>
      </trkpt>
      <trkpt lat="50.502948006615043" lon="10.961222983896732">
        <ele>783.10000000000002</ele>
      </trkpt>
      <trkpt lat="50.50307298079133" lon="10.961810974404216">
        <ele>787.10000000000002</ele>
      </trkpt>
      <trkpt lat="50.503150010481477" lon="10.962492004036903">
        <ele>792.39999999999998</ele>
      </trkpt>
      <trkpt lat="50.503226034343243" lon="10.963173033669591">
        <ele>795.60000000000002</ele>
      </trkpt>
      <trkpt lat="50.503344973549247" lon="10.963649963960052">
        <ele>796.79999999999995</ele>
      </trkpt>
      <trkpt lat="50.503530967980623" lon="10.964216999709606">
        <ele>797.60000000000002</ele>
      </trkpt>
      <trkpt lat="50.50371503457427" lon="10.96458999440074">
        <ele>797.5</ele>
      </trkpt>
      <trkpt lat="50.503898011520505" lon="10.964961983263493">
        <ele>797.89999999999998</ele>
      </trkpt>
      <trkpt lat="50.50408098846674" lon="10.965333972126245">
        <ele>798.60000000000002</ele>
      </trkpt>
      <trkpt lat="50.50427402369678" lon="10.965872006490827">
        <ele>800.29999999999995</ele>
      </trkpt>
      <trkpt lat="50.504465969279408" lon="10.966410040855408">
        <ele>802.39999999999998</ele>
      </trkpt>
      <trkpt lat="50.5047030095011" lon="10.966818993911147">
        <ele>804</ele>
      </trkpt>
      <trkpt lat="50.504938960075378" lon="10.967228030785918">
        <ele>806.10000000000002</ele>
      </trkpt>
      <trkpt lat="50.505174994468689" lon="10.967636983841658">
        <ele>808.70000000000005</ele>
      </trkpt>
      <trkpt lat="50.505376998335123" lon="10.967895984649658">
        <ele>810.60000000000002</ele>
      </trkpt>
      <trkpt lat="50.505551006644964" lon="10.967950969934464">
        <ele>810.89999999999998</ele>
      </trkpt>
      <trkpt lat="50.505681009963155" lon="10.967864971607924">
        <ele>810.10000000000002</ele>
      </trkpt>
      <trkpt lat="50.505916038528085" lon="10.967565989121795">
        <ele>807.20000000000005</ele>
      </trkpt>
      <trkpt lat="50.506150983273983" lon="10.967267006635666">
        <ele>804.20000000000005</ele>
      </trkpt>
      <trkpt lat="50.506376037374139" lon="10.96714798361063">
        <ele>803.5</ele>
      </trkpt>
      <trkpt lat="50.506596984341741" lon="10.967098027467728">
        <ele>804</ele>
      </trkpt>
      <trkpt lat="50.50683100707829" lon="10.967108001932502">
        <ele>805.60000000000002</ele>
      </trkpt>
      <trkpt lat="50.5071119684726" lon="10.967169022187591">
        <ele>808.20000000000005</ele>
      </trkpt>
      <trkpt lat="50.507339034229517" lon="10.967290978878736">
        <ele>811.29999999999995</ele>
      </trkpt>
      <trkpt lat="50.507616978138685" lon="10.967505974695086">
        <ele>815.70000000000005</ele>
      </trkpt>
      <trkpt lat="50.507709011435509" lon="10.967531958594918">
        <ele>816.60000000000002</ele>
      </trkpt>
      <trkpt lat="50.507796015590429" lon="10.967505974695086">
        <ele>817</ele>
      </trkpt>
      <trkpt lat="50.507912021130323" lon="10.967353004962206">
        <ele>816.20000000000005</ele>
      </trkpt>
      <trkpt lat="50.508058033883572" lon="10.966814970597625">
        <ele>810.29999999999995</ele>
      </trkpt>
      <trkpt lat="50.508217038586736" lon="10.96639696508646">
        <ele>805.60000000000002</ele>
      </trkpt>
      <trkpt lat="50.50846204161644" lon="10.965889021754265">
        <ele>801.10000000000002</ele>
      </trkpt>
      <trkpt lat="50.508706960827112" lon="10.965380994603038">
        <ele>799</ele>
      </trkpt>
      <trkpt lat="50.508951041847467" lon="10.964872967451811">
        <ele>799</ele>
      </trkpt>
      <trkpt lat="50.50919596105814" lon="10.964365024119616">
        <ele>800.20000000000005</ele>
      </trkpt>
      <trkpt lat="50.509341973811388" lon="10.963783990591764">
        <ele>799.5</ele>
      </trkpt>
      <trkpt lat="50.509428977966309" lon="10.963118970394135">
        <ele>798.60000000000002</ele>
      </trkpt>
      <trkpt lat="50.509515982121229" lon="10.962453028187156">
        <ele>798.39999999999998</ele>
      </trkpt>
      <trkpt lat="50.509601980447769" lon="10.961788007989526">
        <ele>798.5</ele>
      </trkpt>
      <trkpt lat="50.509698037058115" lon="10.961334966123104">
        <ele>798.79999999999995</ele>
      </trkpt>
      <trkpt lat="50.509807001799345" lon="10.9607860352844">
        <ele>798</ele>
      </trkpt>
      <trkpt lat="50.509900040924549" lon="10.960486968979239">
        <ele>797.10000000000002</ele>
      </trkpt>
      <trkpt lat="50.510057033970952" lon="10.960154039785266">
        <ele>795.79999999999995</ele>
      </trkpt>
      <trkpt lat="50.510244034230709" lon="10.959920017048717">
        <ele>795.5</ele>
      </trkpt>
      <trkpt lat="50.510534970089793" lon="10.959650035947561">
        <ele>795.79999999999995</ele>
      </trkpt>
      <trkpt lat="50.510759018361568" lon="10.959542999044061">
        <ele>796.10000000000002</ele>
      </trkpt>
      <trkpt lat="50.510981976985931" lon="10.959435040131211">
        <ele>796.10000000000002</ele>
      </trkpt>
      <trkpt lat="50.511314989998937" lon="10.959388017654419">
        <ele>796.20000000000005</ele>
      </trkpt>
      <trkpt lat="50.511649008840322" lon="10.959339989349246">
        <ele>795.60000000000002</ele>
      </trkpt>
      <trkpt lat="50.512085035443306" lon="10.959417019039392">
        <ele>794.70000000000005</ele>
      </trkpt>
      <trkpt lat="50.512520978227258" lon="10.959494970738888">
        <ele>792.29999999999995</ele>
      </trkpt>
      <trkpt lat="50.512958010658622" lon="10.959572000429034">
        <ele>789.5</ele>
      </trkpt>
      <trkpt lat="50.513296974822879" lon="10.959665961563587">
        <ele>787.60000000000002</ele>
      </trkpt>
      <trkpt lat="50.513485986739397" lon="10.959762018173933">
        <ele>786.89999999999998</ele>
      </trkpt>
      <trkpt lat="50.513721015304327" lon="10.959953963756561">
        <ele>786.79999999999995</ele>
      </trkpt>
      <trkpt lat="50.513955038040876" lon="10.960144987329841">
        <ele>786.10000000000002</ele>
      </trkpt>
      <trkpt lat="50.514176990836859" lon="10.960393007844687">
        <ele>785.79999999999995</ele>
      </trkpt>
      <trkpt lat="50.514430040493608" lon="10.96082903444767">
        <ele>786.70000000000005</ele>
      </trkpt>
      <trkpt lat="50.514684012159705" lon="10.961264977231622">
        <ele>786.79999999999995</ele>
      </trkpt>
      <trkpt lat="50.514863971620798" lon="10.961807034909725">
        <ele>788.29999999999995</ele>
      </trkpt>
      <trkpt lat="50.515001015737653" lon="10.962322019040585">
        <ele>789.60000000000002</ele>
      </trkpt>
      <trkpt lat="50.515136970207095" lon="10.962975975126028">
        <ele>791</ele>
      </trkpt>
      <trkpt lat="50.515273008495569" lon="10.963630015030503">
        <ele>791.39999999999998</ele>
      </trkpt>
      <trkpt lat="50.515391025692225" lon="10.964003009721637">
        <ele>790.60000000000002</ele>
      </trkpt>
      <trkpt lat="50.515508037060499" lon="10.96437600441277">
        <ele>789.89999999999998</ele>
      </trkpt>
      <trkpt lat="50.515635022893548" lon="10.964727038517594">
        <ele>789.10000000000002</ele>
      </trkpt>
      <trkpt lat="50.515720015391707" lon="10.964996013790369">
        <ele>789</ele>
      </trkpt>
      <trkpt lat="50.515840966254473" lon="10.965429022908211">
        <ele>789.10000000000002</ele>
      </trkpt>
      <trkpt lat="50.515932999551296" lon="10.96594300121069">
        <ele>789.20000000000005</ele>
      </trkpt>
      <trkpt lat="50.516356034204364" lon="10.96587703563273">
        <ele>786.29999999999995</ele>
      </trkpt>
      <trkpt lat="50.516534987837076" lon="10.965820960700512">
        <ele>785.5</ele>
      </trkpt>
      <trkpt lat="50.516763981431723" lon="10.96574803814292">
        <ele>784.70000000000005</ele>
      </trkpt>
      <trkpt lat="50.517201013863087" lon="10.965613005682826">
        <ele>784.39999999999998</ele>
      </trkpt>
      <trkpt lat="50.517440987750888" lon="10.965596996247768">
        <ele>783.89999999999998</ele>
      </trkpt>
      <trkpt lat="50.51768196746707" lon="10.965580986812711">
        <ele>783.89999999999998</ele>
      </trkpt>
      <trkpt lat="50.517800990492105" lon="10.965501023456454">
        <ele>784.10000000000002</ele>
      </trkpt>
      <trkpt lat="50.517970975488424" lon="10.965933026745915">
        <ele>783.89999999999998</ele>
      </trkpt>
      <trkpt lat="50.51806602627039" lon="10.966298980638385">
        <ele>783.39999999999998</ele>
      </trkpt>
      <trkpt lat="50.51815596409142" lon="10.966732995584607">
        <ele>782.60000000000002</ele>
      </trkpt>
      <trkpt lat="50.518169961869717" lon="10.966773983091116">
        <ele>782.5</ele>
      </trkpt>
      <trkpt lat="50.518240034580231" lon="10.966938016936183">
        <ele>782.20000000000005</ele>
      </trkpt>
      <trkpt lat="50.518526025116444" lon="10.967393992468715">
        <ele>781.5</ele>
      </trkpt>
      <trkpt lat="50.518741020932794" lon="10.967736979946494">
        <ele>781</ele>
      </trkpt>
      <trkpt lat="50.518942018970847" lon="10.968139981850982">
        <ele>780</ele>
      </trkpt>
      <trkpt lat="50.519117033109069" lon="10.968585982918739">
        <ele>777.89999999999998</ele>
      </trkpt>
      <trkpt lat="50.519153997302055" lon="10.968679022043943">
        <ele>777.39999999999998</ele>
      </trkpt>
      <trkpt lat="50.519374022260308" lon="10.96905997954309">
        <ele>775.10000000000002</ele>
      </trkpt>
      <trkpt lat="50.519722960889339" lon="10.96931797452271">
        <ele>773.79999999999995</ele>
      </trkpt>
      <trkpt lat="50.519895041361451" lon="10.969449989497662">
        <ele>773.10000000000002</ele>
      </trkpt>
      <trkpt lat="50.520070977509022" lon="10.969634978100657">
        <ele>771.79999999999995</ele>
      </trkpt>
      <trkpt lat="50.520258983597159" lon="10.969311017543077">
        <ele>774.79999999999995</ele>
      </trkpt>
      <trkpt lat="50.520430980250239" lon="10.969090992584825">
        <ele>776.5</ele>
      </trkpt>
      <trkpt lat="50.520801963284612" lon="10.968765020370483">
        <ele>778.70000000000005</ele>
      </trkpt>
      <trkpt lat="50.521173030138016" lon="10.968438964337111">
        <ele>779</ele>
      </trkpt>
      <trkpt lat="50.521544013172388" lon="10.968112992122769">
        <ele>777.29999999999995</ele>
      </trkpt>
      <trkpt lat="50.521766971796751" lon="10.967871006578207">
        <ele>775</ele>
      </trkpt>
      <trkpt lat="50.521974004805088" lon="10.967592978850007">
        <ele>772</ele>
      </trkpt>
      <trkpt lat="50.522113982588053" lon="10.967391980811954">
        <ele>770</ele>
      </trkpt>
      <trkpt lat="50.522196041420102" lon="10.967266000807285">
        <ele>768.89999999999998</ele>
      </trkpt>
      <trkpt lat="50.522299977019429" lon="10.967100961133838">
        <ele>767.10000000000002</ele>
      </trkpt>
      <trkpt lat="50.522592002525926" lon="10.966590000316501">
        <ele>762.5</ele>
      </trkpt>
      <trkpt lat="50.522884028032422" lon="10.966079039499164">
        <ele>758.29999999999995</ele>
      </trkpt>
      <trkpt lat="50.523089971393347" lon="10.965661033987999">
        <ele>755.70000000000005</ele>
      </trkpt>
      <trkpt lat="50.523243024945259" lon="10.965254008769989">
        <ele>754</ele>
      </trkpt>
      <trkpt lat="50.52333296276629" lon="10.964914038777351">
        <ele>753.39999999999998</ele>
      </trkpt>
      <trkpt lat="50.523423990234733" lon="10.964574990794063">
        <ele>752.70000000000005</ele>
      </trkpt>
      <trkpt lat="50.523566985502839" lon="10.963913993909955">
        <ele>751.29999999999995</ele>
      </trkpt>
      <trkpt lat="50.523710986599326" lon="10.963254002854228">
        <ele>749.10000000000002</ele>
      </trkpt>
      <trkpt lat="50.523853981867433" lon="10.96259300597012">
        <ele>746.29999999999995</ele>
      </trkpt>
      <trkpt lat="50.523996977135539" lon="10.961933014914393">
        <ele>742.60000000000002</ele>
      </trkpt>
      <trkpt lat="50.524089010432363" lon="10.961440997198224">
        <ele>739.60000000000002</ele>
      </trkpt>
      <trkpt lat="50.524180959910154" lon="10.960947973653674">
        <ele>737</ele>
      </trkpt>
      <trkpt lat="50.524226976558566" lon="10.960384961217642">
        <ele>735.39999999999998</ele>
      </trkpt>
      <trkpt lat="50.524250026792288" lon="10.959740979596972">
        <ele>734.10000000000002</ele>
      </trkpt>
      <trkpt lat="50.524271987378597" lon="10.959450965747237">
        <ele>733.10000000000002</ele>
      </trkpt>
      <trkpt lat="50.524372989311814" lon="10.958887031301856">
        <ele>730</ele>
      </trkpt>
      <trkpt lat="50.524548003450036" lon="10.958343967795372">
        <ele>730.39999999999998</ele>
      </trkpt>
      <trkpt lat="50.52481597289443" lon="10.957875000312924">
        <ele>730.5</ele>
      </trkpt>
      <trkpt lat="50.525002973154187" lon="10.957627985626459">
        <ele>729.89999999999998</ele>
      </trkpt>
      <trkpt lat="50.525224003940821" lon="10.957397986203432">
        <ele>729.29999999999995</ele>
      </trkpt>
      <trkpt lat="50.525464983657002" lon="10.95717997290194">
        <ele>728.60000000000002</ele>
      </trkpt>
      <trkpt lat="50.525706969201565" lon="10.956962965428829">
        <ele>728.29999999999995</ele>
      </trkpt>
      <trkpt lat="50.526035958901048" lon="10.956670017912984">
        <ele>727.89999999999998</ele>
      </trkpt>
      <trkpt lat="50.526324966922402" lon="10.956454016268253">
        <ele>727.20000000000005</ele>
      </trkpt>
      <trkpt lat="50.526613974943757" lon="10.956238014623523">
        <ele>726.5</ele>
      </trkpt>
      <trkpt lat="50.526855038478971" lon="10.956204989925027">
        <ele>724.89999999999998</ele>
      </trkpt>
      <trkpt lat="50.527096018195152" lon="10.95617095939815">
        <ele>723.39999999999998</ele>
      </trkpt>
      <trkpt lat="50.527341021224856" lon="10.95616701990366">
        <ele>721.70000000000005</ele>
      </trkpt>
      <trkpt lat="50.52758602425456" lon="10.956161990761757">
        <ele>720.20000000000005</ele>
      </trkpt>
      <trkpt lat="50.527946026995778" lon="10.956007009372115">
        <ele>718.79999999999995</ele>
      </trkpt>
      <trkpt lat="50.528191030025482" lon="10.955784972757101">
        <ele>717.89999999999998</ele>
      </trkpt>
      <trkpt lat="50.528342993929982" lon="10.955580035224557">
        <ele>717.20000000000005</ele>
      </trkpt>
      <trkpt lat="50.528447013348341" lon="10.955394962802529">
        <ele>716.60000000000002</ele>
      </trkpt>
      <trkpt lat="50.528624039143324" lon="10.954923983663321">
        <ele>716.10000000000002</ele>
      </trkpt>
      <trkpt lat="50.528648011386395" lon="10.954847037792206">
        <ele>716.10000000000002</ele>
      </trkpt>
      <trkpt lat="50.528773991391063" lon="10.954445041716099">
        <ele>716.10000000000002</ele>
      </trkpt>
      <trkpt lat="50.529002984985709" lon="10.953918993473053">
        <ele>717</ele>
      </trkpt>
      <trkpt lat="50.52926198579371" lon="10.953487996011972">
        <ele>718.10000000000002</ele>
      </trkpt>
      <trkpt lat="50.52952098660171" lon="10.953056998550892">
        <ele>719.39999999999998</ele>
      </trkpt>
      <trkpt lat="50.529779987409711" lon="10.952626001089811">
        <ele>720.70000000000005</ele>
      </trkpt>
      <trkpt lat="50.530038988217711" lon="10.952195003628731">
        <ele>722</ele>
      </trkpt>
      <trkpt lat="50.530297989025712" lon="10.95176400616765">
        <ele>723.29999999999995</ele>
      </trkpt>
      <trkpt lat="50.53046596236527" lon="10.951410960406065">
        <ele>723.29999999999995</ele>
      </trkpt>
      <trkpt lat="50.53063502535224" lon="10.951057998463511">
        <ele>722.39999999999998</ele>
      </trkpt>
      <trkpt lat="50.530799981206656" lon="10.950584001839161">
        <ele>721.29999999999995</ele>
      </trkpt>
      <trkpt lat="50.530965020880103" lon="10.950111011043191">
        <ele>720</ele>
      </trkpt>
      <trkpt lat="50.531078008934855" lon="10.949644977226853">
        <ele>718.89999999999998</ele>
      </trkpt>
      <trkpt lat="50.531189991161227" lon="10.949179027229548">
        <ele>717.10000000000002</ele>
      </trkpt>
      <trkpt lat="50.531305996701121" lon="10.948534961789846">
        <ele>714.79999999999995</ele>
      </trkpt>
      <trkpt lat="50.531350001692772" lon="10.948060965165496">
        <ele>713.70000000000005</ele>
      </trkpt>
      <trkpt lat="50.531395012512803" lon="10.947586968541145">
        <ele>712.5</ele>
      </trkpt>
      <trkpt lat="50.531439017504454" lon="10.947112971916795">
        <ele>711</ele>
      </trkpt>
      <trkpt lat="50.531515963375568" lon="10.946640986949205">
        <ele>708.79999999999995</ele>
      </trkpt>
      <trkpt lat="50.531659964472055" lon="10.94617797061801">
        <ele>706.10000000000002</ele>
      </trkpt>
      <trkpt lat="50.531847970560193" lon="10.945762982591987">
        <ele>703.79999999999995</ele>
      </trkpt>
      <trkpt lat="50.532078975811601" lon="10.945415971800685">
        <ele>701.70000000000005</ele>
      </trkpt>
      <trkpt lat="50.5322499666363" lon="10.945221008732915">
        <ele>700.10000000000002</ele>
      </trkpt>
      <trkpt lat="50.532552972435951" lon="10.944976005703211">
        <ele>698.60000000000002</ele>
      </trkpt>
      <trkpt lat="50.532854972407222" lon="10.944732008501887">
        <ele>697.89999999999998</ele>
      </trkpt>
      <trkpt lat="50.533157978206873" lon="10.944488011300564">
        <ele>698.10000000000002</ele>
      </trkpt>
      <trkpt lat="50.533371968194842" lon="10.944312997162342">
        <ele>698</ele>
      </trkpt>
      <trkpt lat="50.533585958182812" lon="10.94413798302412">
        <ele>698.5</ele>
      </trkpt>
      <trkpt lat="50.533618982881308" lon="10.94411401078105">
        <ele>698.60000000000002</ele>
      </trkpt>
      <trkpt lat="50.533783016726375" lon="10.943971015512943">
        <ele>699.20000000000005</ele>
      </trkpt>
      <trkpt lat="50.533954007551074" lon="10.943753002211452">
        <ele>700</ele>
      </trkpt>
      <trkpt lat="50.534107983112335" lon="10.94351302832365">
        <ele>700.79999999999995</ele>
      </trkpt>
      <trkpt lat="50.534294983372092" lon="10.943129975348711">
        <ele>702.39999999999998</ele>
      </trkpt>
      <trkpt lat="50.534406965598464" lon="10.942825963720679">
        <ele>704</ele>
      </trkpt>
      <trkpt lat="50.534573011100292" lon="10.942206960171461">
        <ele>707.60000000000002</ele>
      </trkpt>
      <trkpt lat="50.534738972783089" lon="10.941588040441275">
        <ele>709.79999999999995</ele>
      </trkpt>
      <trkpt lat="50.534935025498271" lon="10.941189983859658">
        <ele>711.39999999999998</ele>
      </trkpt>
      <trkpt lat="50.535100987181067" lon="10.940976999700069">
        <ele>712</ele>
      </trkpt>
      <trkpt lat="50.535384966060519" lon="10.94074297696352">
        <ele>713.10000000000002</ele>
      </trkpt>
      <trkpt lat="50.535591999068856" lon="10.940653961151838">
        <ele>713.89999999999998</ele>
      </trkpt>
      <trkpt lat="50.536006987094879" lon="10.940602999180555">
        <ele>715</ele>
      </trkpt>
      <trkpt lat="50.536314016208053" lon="10.940581038594246">
        <ele>716.70000000000005</ele>
      </trkpt>
      <trkpt lat="50.53675901144743" lon="10.940536027774215">
        <ele>719.70000000000005</ele>
      </trkpt>
      <trkpt lat="50.537203000858426" lon="10.940491016954184">
        <ele>722.79999999999995</ele>
      </trkpt>
      <trkpt lat="50.537647996097803" lon="10.940446006134152">
        <ele>725.79999999999995</ele>
      </trkpt>
      <trkpt lat="50.53809299133718" lon="10.940400995314121">
        <ele>728.70000000000005</ele>
      </trkpt>
      <trkpt lat="50.538537986576557" lon="10.940356990322471">
        <ele>731.70000000000005</ele>
      </trkpt>
      <trkpt lat="50.538965966552496" lon="10.940340980887413">
        <ele>734.5</ele>
      </trkpt>
      <trkpt lat="50.539280958473682" lon="10.940397977828979">
        <ele>736.29999999999995</ele>
      </trkpt>
      <trkpt lat="50.539624029770494" lon="10.940501997247338">
        <ele>738.20000000000005</ele>
      </trkpt>
      <trkpt lat="50.539967017248273" lon="10.940606016665697">
        <ele>740</ele>
      </trkpt>
      <trkpt lat="50.54030598141253" lon="10.940610961988568">
        <ele>742.5</ele>
      </trkpt>
      <trkpt lat="50.540644023567438" lon="10.940615991130471">
        <ele>745</ele>
      </trkpt>
      <trkpt lat="50.540981981903315" lon="10.940621020272374">
        <ele>747.5</ele>
      </trkpt>
      <trkpt lat="50.541399987414479" lon="10.940702995285392">
        <ele>750.29999999999995</ele>
      </trkpt>
      <trkpt lat="50.541817992925644" lon="10.940784970298409">
        <ele>753</ele>
      </trkpt>
      <trkpt lat="50.542235998436809" lon="10.940867029130459">
        <ele>755.60000000000002</ele>
      </trkpt>
      <trkpt lat="50.542654003947973" lon="10.940949004143476">
        <ele>757.79999999999995</ele>
      </trkpt>
      <trkpt lat="50.543072009459138" lon="10.941030979156494">
        <ele>759.5</ele>
      </trkpt>
      <trkpt lat="50.543490014970303" lon="10.941113037988544">
        <ele>760.20000000000005</ele>
      </trkpt>
      <trkpt lat="50.543908020481467" lon="10.941195013001561">
        <ele>759.89999999999998</ele>
      </trkpt>
      <trkpt lat="50.544228041544557" lon="10.941196018829942">
        <ele>759.39999999999998</ele>
      </trkpt>
      <trkpt lat="50.544547978788614" lon="10.941198030486703">
        <ele>758.5</ele>
      </trkpt>
      <trkpt lat="50.544846961274743" lon="10.941151008009911">
        <ele>757.60000000000002</ele>
      </trkpt>
      <trkpt lat="50.545146027579904" lon="10.941103985533118">
        <ele>756.5</ele>
      </trkpt>
      <trkpt lat="50.545445010066032" lon="10.941056963056326">
        <ele>755.60000000000002</ele>
      </trkpt>
      <trkpt lat="50.545866033062339" lon="10.940980017185211">
        <ele>754.60000000000002</ele>
      </trkpt>
      <trkpt lat="50.546287978067994" lon="10.940902987495065">
        <ele>754.5</ele>
      </trkpt>
      <trkpt lat="50.546709001064301" lon="10.94082604162395">
        <ele>755</ele>
      </trkpt>
      <trkpt lat="50.547052994370461" lon="10.940795028582215">
        <ele>755.79999999999995</ele>
      </trkpt>
      <trkpt lat="50.547473011538386" lon="10.940822018310428">
        <ele>757</ele>
      </trkpt>
      <trkpt lat="50.547770988196135" lon="10.940924026072025">
        <ele>757.70000000000005</ele>
      </trkpt>
      <trkpt lat="50.548069970682263" lon="10.941027039662004">
        <ele>758.10000000000002</ele>
      </trkpt>
      <trkpt lat="50.54827599786222" lon="10.941075989976525">
        <ele>758.39999999999998</ele>
      </trkpt>
      <trkpt lat="50.548627031967044" lon="10.941060986369848">
        <ele>758.5</ele>
      </trkpt>
      <trkpt lat="50.548771033063531" lon="10.941012036055326">
        <ele>758.39999999999998</ele>
      </trkpt>
      <trkpt lat="50.548627031967044" lon="10.941060986369848">
        <ele>758.5</ele>
      </trkpt>
      <trkpt lat="50.54827599786222" lon="10.941075989976525">
        <ele>758.39999999999998</ele>
      </trkpt>
      <trkpt lat="50.54825697094202" lon="10.941145978868008">
        <ele>758.29999999999995</ele>
      </trkpt>
      <trkpt lat="50.548070976510644" lon="10.941383019089699">
        <ele>757.5</ele>
      </trkpt>
      <trkpt lat="50.548421004787087" lon="10.941388970240951">
        <ele>758.10000000000002</ele>
      </trkpt>
      <trkpt lat="50.548809003084898" lon="10.94129903241992">
        <ele>758.29999999999995</ele>
      </trkpt>
      <trkpt lat="50.549056017771363" lon="10.941141033545136">
        <ele>757.89999999999998</ele>
      </trkpt>
      <trkpt lat="50.549303032457829" lon="10.940984040498734">
        <ele>756.70000000000005</ele>
      </trkpt>
      <trkpt lat="50.549582988023758" lon="10.940729985013604">
        <ele>754.79999999999995</ele>
      </trkpt>
      <trkpt lat="50.549863027408719" lon="10.940476013347507">
        <ele>752.70000000000005</ele>
      </trkpt>
      <trkpt lat="50.55008296854794" lon="10.940238973125815">
        <ele>751</ele>
      </trkpt>
      <trkpt lat="50.550303999334574" lon="10.940001010894775">
        <ele>749.20000000000005</ele>
      </trkpt>
      <trkpt lat="50.550228981301188" lon="10.939714014530182">
        <ele>749.60000000000002</ele>
      </trkpt>
      <trkpt lat="50.55059602484107" lon="10.939352000132203">
        <ele>746.70000000000005</ele>
      </trkpt>
      <trkpt lat="50.550963990390301" lon="10.938989985734224">
        <ele>743.60000000000002</ele>
      </trkpt>
      <trkpt lat="50.551331033930182" lon="10.938627971336246">
        <ele>740.39999999999998</ele>
      </trkpt>
      <trkpt lat="50.551525996997952" lon="10.938469972461462">
        <ele>738.89999999999998</ele>
      </trkpt>
      <trkpt lat="50.551618030294776" lon="10.938395038247108">
        <ele>738.29999999999995</ele>
      </trkpt>
      <trkpt lat="50.551815005019307" lon="10.938278026878834">
        <ele>737.10000000000002</ele>
      </trkpt>
      <trkpt lat="50.552210966125131" lon="10.938124973326921">
        <ele>735.5</ele>
      </trkpt>
      <trkpt lat="50.552351027727127" lon="10.938064958900213">
        <ele>734.89999999999998</ele>
      </trkpt>
      <trkpt lat="50.552638024091721" lon="10.937896985560656">
        <ele>733.89999999999998</ele>
      </trkpt>
      <trkpt lat="50.552929965779185" lon="10.93769297003746">
        <ele>733.39999999999998</ele>
      </trkpt>
      <trkpt lat="50.553222997114062" lon="10.937488032504916">
        <ele>733.39999999999998</ele>
      </trkpt>
      <trkpt lat="50.553516028448939" lon="10.937284016981721">
        <ele>734.20000000000005</ele>
      </trkpt>
      <trkpt lat="50.55390402674675" lon="10.936942035332322">
        <ele>735.89999999999998</ele>
      </trkpt>
      <trkpt lat="50.554093038663268" lon="10.936743970960379">
        <ele>736.79999999999995</ele>
      </trkpt>
      <trkpt lat="50.554282972589135" lon="10.936544984579086">
        <ele>737.79999999999995</ele>
      </trkpt>
      <trkpt lat="50.554582038894296" lon="10.93620702624321">
        <ele>739.39999999999998</ele>
      </trkpt>
      <trkpt lat="50.554881021380424" lon="10.935869989916682">
        <ele>740.79999999999995</ele>
      </trkpt>
      <trkpt lat="50.555180003866553" lon="10.935532031580806">
        <ele>742.29999999999995</ele>
      </trkpt>
      <trkpt lat="50.555478986352682" lon="10.935193989425898">
        <ele>744.10000000000002</ele>
      </trkpt>
      <trkpt lat="50.55579699575901" lon="10.934845972806215">
        <ele>745.79999999999995</ele>
      </trkpt>
      <trkpt lat="50.556113999336958" lon="10.934497034177184">
        <ele>748.29999999999995</ele>
      </trkpt>
      <trkpt lat="50.556292030960321" lon="10.934354960918427">
        <ele>750.29999999999995</ele>
      </trkpt>
      <trkpt lat="50.556485988199711" lon="10.934199979528785">
        <ele>752.5</ele>
      </trkpt>
      <trkpt lat="50.556778013706207" lon="10.934075005352497">
        <ele>755.5</ele>
      </trkpt>
      <trkpt lat="50.557070039212704" lon="10.933950031176209">
        <ele>758.20000000000005</ele>
      </trkpt>
      <trkpt lat="50.557361980900168" lon="10.93382497318089">
        <ele>760.39999999999998</ele>
      </trkpt>
      <trkpt lat="50.557671021670103" lon="10.933580975979567">
        <ele>762.20000000000005</ele>
      </trkpt>
      <trkpt lat="50.557979978621006" lon="10.933337984606624">
        <ele>762.39999999999998</ele>
      </trkpt>
      <trkpt lat="50.558307962492108" lon="10.933060040697455">
        <ele>762.70000000000005</ele>
      </trkpt>
      <trkpt lat="50.558636030182242" lon="10.932782012969255">
        <ele>763.39999999999998</ele>
      </trkpt>
      <trkpt lat="50.558964014053345" lon="10.932503985241055">
        <ele>764.10000000000002</ele>
      </trkpt>
      <trkpt lat="50.559194013476372" lon="10.932345986366272">
        <ele>764.79999999999995</ele>
      </trkpt>
      <trkpt lat="50.559430969879031" lon="10.932238027453423">
        <ele>766</ele>
      </trkpt>
      <trkpt lat="50.559492995962501" lon="10.932216988876462">
        <ele>766.39999999999998</ele>
      </trkpt>
      <trkpt lat="50.559894992038608" lon="10.932177007198334">
        <ele>768.79999999999995</ele>
      </trkpt>
      <trkpt lat="50.560320038348436" lon="10.932207014411688">
        <ele>771</ele>
      </trkpt>
      <trkpt lat="50.560745000839233" lon="10.932236015796661">
        <ele>772.79999999999995</ele>
      </trkpt>
      <trkpt lat="50.56116996333003" lon="10.932266023010015">
        <ele>774.29999999999995</ele>
      </trkpt>
      <trkpt lat="50.561595009639859" lon="10.932295024394989">
        <ele>775.60000000000002</ele>
      </trkpt>
      <trkpt lat="50.562019972130656" lon="10.932325031608343">
        <ele>776.5</ele>
      </trkpt>
      <trkpt lat="50.562445018440485" lon="10.932355038821697">
        <ele>777.10000000000002</ele>
      </trkpt>
      <trkpt lat="50.562869980931282" lon="10.932384040206671">
        <ele>777.29999999999995</ele>
      </trkpt>
      <trkpt lat="50.563295027241111" lon="10.932413963600993">
        <ele>777</ele>
      </trkpt>
      <trkpt lat="50.563719989731908" lon="10.932443970814347">
        <ele>776.5</ele>
      </trkpt>
      <trkpt lat="50.564145036041737" lon="10.932472972199321">
        <ele>775.79999999999995</ele>
      </trkpt>
      <trkpt lat="50.564569998532534" lon="10.932502979412675">
        <ele>774.89999999999998</ele>
      </trkpt>
      <trkpt lat="50.564994961023331" lon="10.932532986626029">
        <ele>773.70000000000005</ele>
      </trkpt>
      <trkpt lat="50.565420007333159" lon="10.932561988011003">
        <ele>772.39999999999998</ele>
      </trkpt>
      <trkpt lat="50.565844969823956" lon="10.932591995224357">
        <ele>771</ele>
      </trkpt>
      <trkpt lat="50.566058037802577" lon="10.932603981345892">
        <ele>770.10000000000002</ele>
      </trkpt>
      <trkpt lat="50.566498003900051" lon="10.932643041014671">
        <ele>768.60000000000002</ele>
      </trkpt>
      <trkpt lat="50.566785000264645" lon="10.932708000764251">
        <ele>767.70000000000005</ele>
      </trkpt>
      <trkpt lat="50.566921960562468" lon="10.932826017960906">
        <ele>767.89999999999998</ele>
      </trkpt>
      <trkpt lat="50.567122036591172" lon="10.933060962706804">
        <ele>767.89999999999998</ele>
      </trkpt>
      <trkpt lat="50.567322028800845" lon="10.933294985443354">
        <ele>767.10000000000002</ele>
      </trkpt>
      <trkpt lat="50.567476004362106" lon="10.933413002640009">
        <ele>765.89999999999998</ele>
      </trkpt>
      <trkpt lat="50.567754032090306" lon="10.933551974594593">
        <ele>763.39999999999998</ele>
      </trkpt>
      <trkpt lat="50.567905995994806" lon="10.933569995686412">
        <ele>762.10000000000002</ele>
      </trkpt>
      <trkpt lat="50.567984031513333" lon="10.933753978461027">
        <ele>761.70000000000005</ele>
      </trkpt>
      <trkpt lat="50.568201960995793" lon="10.934013985097408">
        <ele>760.5</ele>
      </trkpt>
      <trkpt lat="50.568552995100617" lon="10.934167038649321">
        <ele>759.10000000000002</ele>
      </trkpt>
      <trkpt lat="50.568800009787083" lon="10.934263011440635">
        <ele>759</ele>
      </trkpt>
      <trkpt lat="50.569046018645167" lon="10.934357978403568">
        <ele>759.60000000000002</ele>
      </trkpt>
      <trkpt lat="50.569261014461517" lon="10.934483036398888">
        <ele>760.20000000000005</ele>
      </trkpt>
      <trkpt lat="50.569475004449487" lon="10.934608010575175">
        <ele>760.70000000000005</ele>
      </trkpt>
      <trkpt lat="50.569671979174018" lon="10.934674981981516">
        <ele>761.29999999999995</ele>
      </trkpt>
      <trkpt lat="50.569877000525594" lon="10.9346619900316">
        <ele>762.20000000000005</ele>
      </trkpt>
      <trkpt lat="50.570097025483847" lon="10.934585966169834">
        <ele>763.10000000000002</ele>
      </trkpt>
      <trkpt lat="50.570398019626737" lon="10.934453029185534">
        <ele>764.10000000000002</ele>
      </trkpt>
      <trkpt lat="50.570656014606357" lon="10.934392008930445">
        <ele>765.5</ele>
      </trkpt>
      <trkpt lat="50.571001013740897" lon="10.934358984231949">
        <ele>767.5</ele>
      </trkpt>
      <trkpt lat="50.571346012875438" lon="10.934326965361834">
        <ele>770.10000000000002</ele>
      </trkpt>
      <trkpt lat="50.571695035323501" lon="10.934328977018595">
        <ele>772.89999999999998</ele>
      </trkpt>
      <trkpt lat="50.571751026436687" lon="10.934358984231949">
        <ele>773.5</ele>
      </trkpt>
      <trkpt lat="50.571829983964562" lon="10.934400977566838">
        <ele>774.29999999999995</ele>
      </trkpt>
      <trkpt lat="50.571930985897779" lon="10.934500973671675">
        <ele>775.29999999999995</ele>
      </trkpt>
      <trkpt lat="50.572107005864382" lon="10.934776989743114">
        <ele>777.29999999999995</ele>
      </trkpt>
      <trkpt lat="50.572284031659365" lon="10.935053005814552">
        <ele>778.60000000000002</ele>
      </trkpt>
      <trkpt lat="50.572540014982224" lon="10.93551903963089">
        <ele>780.60000000000002</ele>
      </trkpt>
      <trkpt lat="50.572795998305082" lon="10.935983983799815">
        <ele>782.20000000000005</ele>
      </trkpt>
      <trkpt lat="50.573022980242968" lon="10.93642596155405">
        <ele>783.79999999999995</ele>
      </trkpt>
      <trkpt lat="50.573250968009233" lon="10.936868023127317">
        <ele>784.60000000000002</ele>
      </trkpt>
      <trkpt lat="50.57347803376615" lon="10.937311006709933">
        <ele>785.20000000000005</ele>
      </trkpt>
      <trkpt lat="50.573638966307044" lon="10.937544023618102">
        <ele>785.5</ele>
      </trkpt>
      <trkpt lat="50.573717001825571" lon="10.937657011672854">
        <ele>785.70000000000005</ele>
      </trkpt>
      <trkpt lat="50.57397298514843" lon="10.93795096501708">
        <ele>786.70000000000005</ele>
      </trkpt>
      <trkpt lat="50.573911964893341" lon="10.938052972778678">
        <ele>787.20000000000005</ele>
      </trkpt>
      <trkpt lat="50.57399301789701" lon="10.938198985531926">
        <ele>787.79999999999995</ele>
      </trkpt>
      <trkpt lat="50.574340028688312" lon="10.938414987176657">
        <ele>788.60000000000002</ele>
      </trkpt>
      <trkpt lat="50.574533985927701" lon="10.938482964411378">
        <ele>788.89999999999998</ele>
      </trkpt>
      <trkpt lat="50.574594000354409" lon="10.938505008816719">
        <ele>788.89999999999998</ele>
      </trkpt>
      <trkpt lat="50.574911003932357" lon="10.93852898105979">
        <ele>788.79999999999995</ele>
      </trkpt>
      <trkpt lat="50.575228007510304" lon="10.938553959131241">
        <ele>789.29999999999995</ele>
      </trkpt>
      <trkpt lat="50.575405033305287" lon="10.938508026301861">
        <ele>789.39999999999998</ele>
      </trkpt>
      <trkpt lat="50.575677026063204" lon="10.938332006335258">
        <ele>789.5</ele>
      </trkpt>
      <trkpt lat="50.57592798024416" lon="10.938246008008718">
        <ele>790.10000000000002</ele>
      </trkpt>
      <trkpt lat="50.576355960220098" lon="10.938168978318572">
        <ele>790.5</ele>
      </trkpt>
      <trkpt lat="50.576709005981684" lon="10.938193034380674">
        <ele>791</ele>
      </trkpt>
      <trkpt lat="50.57715299539268" lon="10.93816202133894">
        <ele>792.29999999999995</ele>
      </trkpt>
      <trkpt lat="50.577160036191344" lon="10.938157998025417">
        <ele>792.29999999999995</ele>
      </trkpt>
      <trkpt lat="50.577462036162615" lon="10.938019026070833">
        <ele>793.39999999999998</ele>
      </trkpt>
      <trkpt lat="50.577769987285137" lon="10.937876030802727">
        <ele>795</ele>
      </trkpt>
      <trkpt lat="50.578081961721182" lon="10.937703028321266">
        <ele>795.89999999999998</ele>
      </trkpt>
      <trkpt lat="50.578287988901138" lon="10.937589034438133">
        <ele>795.89999999999998</ele>
      </trkpt>
      <trkpt lat="50.578394019976258" lon="10.937531031668186">
        <ele>795.89999999999998</ele>
      </trkpt>
      <trkpt lat="50.578543972223997" lon="10.937401028349996">
        <ele>795.29999999999995</ele>
      </trkpt>
      <trkpt lat="50.578938005492091" lon="10.937388958409429">
        <ele>792.29999999999995</ele>
      </trkpt>
      <trkpt lat="50.579161969944835" lon="10.9373489767313">
        <ele>790.5</ele>
      </trkpt>
      <trkpt lat="50.579539993777871" lon="10.937135992571712">
        <ele>787.39999999999998</ele>
      </trkpt>
      <trkpt lat="50.579782985150814" lon="10.936936000362039">
        <ele>785.60000000000002</ele>
      </trkpt>
      <trkpt lat="50.579998986795545" lon="10.936588989570737">
        <ele>784.39999999999998</ele>
      </trkpt>
      <trkpt lat="50.58007400482893" lon="10.936382040381432">
        <ele>784.10000000000002</ele>
      </trkpt>
      <trkpt lat="50.580248013138771" lon="10.935744009912014">
        <ele>783.29999999999995</ele>
      </trkpt>
      <trkpt lat="50.580423027276993" lon="10.935105979442596">
        <ele>782.29999999999995</ele>
      </trkpt>
      <trkpt lat="50.580510031431913" lon="10.934899030253291">
        <ele>782</ele>
      </trkpt>
      <trkpt lat="50.580722009763122" lon="10.934641035273671">
        <ele>781.60000000000002</ele>
      </trkpt>
      <trkpt lat="50.581011017784476" lon="10.934465015307069">
        <ele>781.39999999999998</ele>
      </trkpt>
      <trkpt lat="50.581301031634212" lon="10.934287989512086">
        <ele>781.60000000000002</ele>
      </trkpt>
      <trkpt lat="50.581590039655566" lon="10.934110963717103">
        <ele>782</ele>
      </trkpt>
      <trkpt lat="50.581836970523" lon="10.933961011469364">
        <ele>782.29999999999995</ele>
      </trkpt>
      <trkpt lat="50.582064958289266" lon="10.933844000101089">
        <ele>782.70000000000005</ele>
      </trkpt>
      <trkpt lat="50.582327982410789" lon="10.933735035359859">
        <ele>783.20000000000005</ele>
      </trkpt>
      <trkpt lat="50.582591006532311" lon="10.933624980971217">
        <ele>783.89999999999998</ele>
      </trkpt>
      <trkpt lat="50.58265496045351" lon="10.933564966544509">
        <ele>784.10000000000002</ele>
      </trkpt>
      <trkpt lat="50.582699971273541" lon="10.933581981807947">
        <ele>784.20000000000005</ele>
      </trkpt>
      <trkpt lat="50.582869034260511" lon="10.933389030396938">
        <ele>784.60000000000002</ele>
      </trkpt>
      <trkpt lat="50.583239011466503" lon="10.933060040697455">
        <ele>785.60000000000002</ele>
      </trkpt>
      <trkpt lat="50.583608988672495" lon="10.932730967178941">
        <ele>786.60000000000002</ele>
      </trkpt>
      <trkpt lat="50.583784002810717" lon="10.932441037148237">
        <ele>786.89999999999998</ele>
      </trkpt>
      <trkpt lat="50.583959016948938" lon="10.932150017470121">
        <ele>787.10000000000002</ele>
      </trkpt>
      <trkpt lat="50.584107041358948" lon="10.931864026933908">
        <ele>787.10000000000002</ele>
      </trkpt>
      <trkpt lat="50.584255987778306" lon="10.931437974795699">
        <ele>786.79999999999995</ele>
      </trkpt>
      <trkpt lat="50.584354978054762" lon="10.930915027856827">
        <ele>786.39999999999998</ele>
      </trkpt>
      <trkpt lat="50.584452962502837" lon="10.930390991270542">
        <ele>786.20000000000005</ele>
      </trkpt>
      <trkpt lat="50.584551030769944" lon="10.929867960512638">
        <ele>786.10000000000002</ele>
      </trkpt>
      <trkpt lat="50.584633005782962" lon="10.929493959993124">
        <ele>786.29999999999995</ele>
      </trkpt>
      <trkpt lat="50.58471598662436" lon="10.929119037464261">
        <ele>786.60000000000002</ele>
      </trkpt>
      <trkpt lat="50.584788993000984" lon="10.928895995020866">
        <ele>786.79999999999995</ele>
      </trkpt>
      <trkpt lat="50.584858981892467" lon="10.928765991702676">
        <ele>787</ele>
      </trkpt>
      <trkpt lat="50.585104990750551" lon="10.928514031693339">
        <ele>787.39999999999998</ele>
      </trkpt>
      <trkpt lat="50.585490977391601" lon="10.928255030885339">
        <ele>787</ele>
      </trkpt>
      <trkpt lat="50.585705973207951" lon="10.928119998425245">
        <ele>786.89999999999998</ele>
      </trkpt>
      <trkpt lat="50.585852991789579" lon="10.928088985383511">
        <ele>786.5</ele>
      </trkpt>
      <trkpt lat="50.586049966514111" lon="10.928046992048621">
        <ele>785.89999999999998</ele>
      </trkpt>
      <trkpt lat="50.586424972862005" lon="10.928030982613564">
        <ele>784.70000000000005</ele>
      </trkpt>
      <trkpt lat="50.58680098503828" lon="10.928014973178506">
        <ele>783.20000000000005</ele>
      </trkpt>
      <trkpt lat="50.587120000272989" lon="10.928064007312059">
        <ele>781.89999999999998</ele>
      </trkpt>
      <trkpt lat="50.587439015507698" lon="10.928113963454962">
        <ele>780.39999999999998</ele>
      </trkpt>
      <trkpt lat="50.587609000504017" lon="10.928088985383511">
        <ele>779.60000000000002</ele>
      </trkpt>
      <trkpt lat="50.587835982441902" lon="10.927986977621913">
        <ele>778.29999999999995</ele>
      </trkpt>
      <trkpt lat="50.588062964379787" lon="10.927884969860315">
        <ele>776.70000000000005</ele>
      </trkpt>
      <trkpt lat="50.588145023211837" lon="10.927846999838948">
        <ele>776.10000000000002</ele>
      </trkpt>
      <trkpt lat="50.588519023731351" lon="10.927647007629275">
        <ele>773.29999999999995</ele>
      </trkpt>
      <trkpt lat="50.588744999840856" lon="10.927413990721107">
        <ele>771.70000000000005</ele>
      </trkpt>
      <trkpt lat="50.588842984288931" lon="10.927264960482717">
        <ele>771</ele>
      </trkpt>
      <trkpt lat="50.589089998975396" lon="10.92669197358191">
        <ele>768.70000000000005</ele>
      </trkpt>
      <trkpt lat="50.589258978143334" lon="10.926098031923175">
        <ele>766</ele>
      </trkpt>
      <trkpt lat="50.589303988963366" lon="10.925599979236722">
        <ele>764.20000000000005</ele>
      </trkpt>
      <trkpt lat="50.589308012276888" lon="10.924967983737588">
        <ele>762.10000000000002</ele>
      </trkpt>
      <trkpt lat="50.58931203559041" lon="10.924334982410073">
        <ele>760.79999999999995</ele>
      </trkpt>
      <trkpt lat="50.589370038360357" lon="10.923741040751338">
        <ele>758.29999999999995</ele>
      </trkpt>
      <trkpt lat="50.589427035301924" lon="10.923148021101952">
        <ele>756.39999999999998</ele>
      </trkpt>
      <trkpt lat="50.58948596008122" lon="10.922754993662238">
        <ele>755.29999999999995</ele>
      </trkpt>
      <trkpt lat="50.589580005034804" lon="10.922413012012839">
        <ele>754.5</ele>
      </trkpt>
      <trkpt lat="50.58967798948288" lon="10.922212013974786">
        <ele>754</ele>
      </trkpt>
      <trkpt lat="50.58983095921576" lon="10.92198695987463">
        <ele>753.5</ele>
      </trkpt>
      <trkpt lat="50.590119967237115" lon="10.921658976003528">
        <ele>753.10000000000002</ele>
      </trkpt>
      <trkpt lat="50.59040897525847" lon="10.921330992132425">
        <ele>753.20000000000005</ele>
      </trkpt>
      <trkpt lat="50.590696977451444" lon="10.921003008261323">
        <ele>753.39999999999998</ele>
      </trkpt>
      <trkpt lat="50.590985985472798" lon="10.920675024390221">
        <ele>754</ele>
      </trkpt>
      <trkpt lat="50.591121017932892" lon="10.920399008318782">
        <ele>754.5</ele>
      </trkpt>
      <trkpt lat="50.591250015422702" lon="10.919895004481077">
        <ele>755.20000000000005</ele>
      </trkpt>
      <trkpt lat="50.591379012912512" lon="10.919391000643373">
        <ele>755.20000000000005</ele>
      </trkpt>
      <trkpt lat="50.591508010402322" lon="10.918886996805668">
        <ele>754.89999999999998</ele>
      </trkpt>
      <trkpt lat="50.591530976817012" lon="10.918796975165606">
        <ele>754.79999999999995</ele>
      </trkpt>
      <trkpt lat="50.591553021222353" lon="10.918712988495827">
        <ele>754.70000000000005</ele>
      </trkpt>
      <trkpt lat="50.591712025925517" lon="10.918167997151613">
        <ele>754</ele>
      </trkpt>
      <trkpt lat="50.591871030628681" lon="10.91762401163578">
        <ele>753.79999999999995</ele>
      </trkpt>
      <trkpt lat="50.592075968161225" lon="10.916998973116279">
        <ele>753.89999999999998</ele>
      </trkpt>
      <trkpt lat="50.592280989512801" lon="10.916375024244189">
        <ele>754.20000000000005</ele>
      </trkpt>
      <trkpt lat="50.592457009479403" lon="10.91598903760314">
        <ele>754.29999999999995</ele>
      </trkpt>
      <trkpt lat="50.592633029446006" lon="10.915601961314678">
        <ele>754.39999999999998</ele>
      </trkpt>
      <trkpt lat="50.592808965593576" lon="10.915214968845248">
        <ele>754.79999999999995</ele>
      </trkpt>
      <trkpt lat="50.592969981953502" lon="10.914764022454619">
        <ele>756.20000000000005</ele>
      </trkpt>
      <trkpt lat="50.593132004141808" lon="10.914312992244959">
        <ele>758.10000000000002</ele>
      </trkpt>
      <trkpt lat="50.593294026330113" lon="10.913861962035298">
        <ele>761</ele>
      </trkpt>
      <trkpt lat="50.59341698884964" lon="10.913655012845993">
        <ele>762</ele>
      </trkpt>
      <trkpt lat="50.593655034899712" lon="10.913359969854355">
        <ele>762.79999999999995</ele>
      </trkpt>
      <trkpt lat="50.593924010172486" lon="10.913181016221642">
        <ele>761.79999999999995</ele>
      </trkpt>
      <trkpt lat="50.594159960746765" lon="10.9130899887532">
        <ele>760.10000000000002</ele>
      </trkpt>
      <trkpt lat="50.594380991533399" lon="10.9129189979285">
        <ele>758.79999999999995</ele>
      </trkpt>
      <trkpt lat="50.594595987349749" lon="10.912690004333854">
        <ele>757.60000000000002</ele>
      </trkpt>
      <trkpt lat="50.594752980396152" lon="10.912378029897809">
        <ele>757.79999999999995</ele>
      </trkpt>
      <trkpt lat="50.594869991764426" lon="10.911988019943237">
        <ele>759.89999999999998</ele>
      </trkpt>
      <trkpt lat="50.59494299814105" lon="10.911468006670475">
        <ele>765.5</ele>
      </trkpt>
      <trkpt lat="50.594974011182785" lon="10.91105000115931">
        <ele>771.70000000000005</ele>
      </trkpt>
      <trkpt lat="50.595004018396139" lon="10.910631995648146">
        <ele>777.70000000000005</ele>
      </trkpt>
      <trkpt lat="50.595089010894299" lon="10.910320021212101">
        <ele>780.89999999999998</ele>
      </trkpt>
      <trkpt lat="50.595189006999135" lon="10.910152969881892">
        <ele>782.20000000000005</ele>
      </trkpt>
      <trkpt lat="50.595419006422162" lon="10.909900004044175">
        <ele>783.60000000000002</ele>
      </trkpt>
      <trkpt lat="50.595751013606787" lon="10.909551987424493">
        <ele>784.79999999999995</ele>
      </trkpt>
      <trkpt lat="50.596084026619792" lon="10.909204976633191">
        <ele>785.70000000000005</ele>
      </trkpt>
      <trkpt lat="50.596416033804417" lon="10.908857965841889">
        <ele>786.70000000000005</ele>
      </trkpt>
      <trkpt lat="50.59674896299839" lon="10.908510033041239">
        <ele>787.79999999999995</ele>
      </trkpt>
      <trkpt lat="50.597080970183015" lon="10.908163022249937">
        <ele>788.79999999999995</ele>
      </trkpt>
      <trkpt lat="50.59741398319602" lon="10.907815005630255">
        <ele>789.79999999999995</ele>
      </trkpt>
      <trkpt lat="50.597746996209025" lon="10.907467994838953">
        <ele>790.79999999999995</ele>
      </trkpt>
      <trkpt lat="50.597878005355597" lon="10.907317958772182">
        <ele>791.20000000000005</ele>
      </trkpt>
      <trkpt lat="50.598044972866774" lon="10.907044038176537">
        <ele>791.79999999999995</ele>
      </trkpt>
      <trkpt lat="50.598212024196982" lon="10.906770033761859">
        <ele>792.20000000000005</ele>
      </trkpt>
      <trkpt lat="50.598451998084784" lon="10.906240968033671">
        <ele>792.60000000000002</ele>
      </trkpt>
      <trkpt lat="50.598691971972585" lon="10.905710980296135">
        <ele>793.60000000000002</ele>
      </trkpt>
      <trkpt lat="50.598933035507798" lon="10.905181998386979">
        <ele>795.29999999999995</ele>
      </trkpt>
      <trkpt lat="50.599053986370564" lon="10.90481897816062">
        <ele>796.29999999999995</ele>
      </trkpt>
      <trkpt lat="50.599037976935506" lon="10.904384041205049">
        <ele>795.79999999999995</ele>
      </trkpt>
      <trkpt lat="50.598962958902121" lon="10.903763025999069">
        <ele>794.70000000000005</ele>
      </trkpt>
      <trkpt lat="50.598888024687767" lon="10.90314301662147">
        <ele>793.70000000000005</ele>
      </trkpt>
      <trkpt lat="50.598892970010638" lon="10.902771027758718">
        <ele>793.60000000000002</ele>
      </trkpt>
      <trkpt lat="50.598946027457714" lon="10.902567012235522">
        <ele>794</ele>
      </trkpt>
      <trkpt lat="50.599117018282413" lon="10.902202986180782">
        <ele>795.10000000000002</ele>
      </trkpt>
      <trkpt lat="50.599352968856692" lon="10.901954965665936">
        <ele>796.39999999999998</ele>
      </trkpt>
      <trkpt lat="50.599477021023631" lon="10.901898974552751">
        <ele>797.10000000000002</ele>
      </trkpt>
      <trkpt lat="50.599608030170202" lon="10.901894029229879">
        <ele>798.10000000000002</ele>
      </trkpt>
      <trkpt lat="50.599852027371526" lon="10.901944991201162">
        <ele>800.20000000000005</ele>
      </trkpt>
      <trkpt lat="50.600147992372513" lon="10.902022020891309">
        <ele>802.79999999999995</ele>
      </trkpt>
      <trkpt lat="50.600372040644288" lon="10.902006011456251">
        <ele>804.29999999999995</ele>
      </trkpt>
      <trkpt lat="50.600601034238935" lon="10.901881037279963">
        <ele>805.39999999999998</ele>
      </trkpt>
      <trkpt lat="50.600831033661962" lon="10.901605021208525">
        <ele>806.20000000000005</ele>
      </trkpt>
      <trkpt lat="50.600959025323391" lon="10.901407040655613">
        <ele>806.70000000000005</ele>
      </trkpt>
      <trkpt lat="50.60102297924459" lon="10.901203025132418">
        <ele>806.70000000000005</ele>
      </trkpt>
      <trkpt lat="50.601039994508028" lon="10.901018036529422">
        <ele>806.29999999999995</ele>
      </trkpt>
      <trkpt lat="50.601350041106343" lon="10.901095988228917">
        <ele>810.29999999999995</ele>
      </trkpt>
      <trkpt lat="50.601660003885627" lon="10.901174023747444">
        <ele>813.29999999999995</ele>
      </trkpt>
      <trkpt lat="50.601919004693627" lon="10.901263039559126">
        <ele>815.20000000000005</ele>
      </trkpt>
      <trkpt lat="50.602179011330009" lon="10.901350965723395">
        <ele>816.79999999999995</ele>
      </trkpt>
      <trkpt lat="50.602217987179756" lon="10.901405028998852">
        <ele>816.79999999999995</ele>
      </trkpt>
      <trkpt lat="50.602452009916306" lon="10.901525979861617">
        <ele>817.60000000000002</ele>
      </trkpt>
      <trkpt lat="50.602687038481236" lon="10.901647014543414">
        <ele>818.20000000000005</ele>
      </trkpt>
      <trkpt lat="50.602807989344001" lon="10.901749022305012">
        <ele>818.20000000000005</ele>
      </trkpt>
      <trkpt lat="50.603253990411758" lon="10.901780035346746">
        <ele>821.39999999999998</ele>
      </trkpt>
      <trkpt lat="50.603699991479516" lon="10.901810964569449">
        <ele>824.79999999999995</ele>
      </trkpt>
      <trkpt lat="50.604144986718893" lon="10.901841977611184">
        <ele>827.89999999999998</ele>
      </trkpt>
      <trkpt lat="50.604590987786651" lon="10.901872990652919">
        <ele>829.89999999999998</ele>
      </trkpt>
      <trkpt lat="50.605036988854408" lon="10.901904003694654">
        <ele>830</ele>
      </trkpt>
      <trkpt lat="50.605461029335856" lon="10.902078012004495">
        <ele>827.20000000000005</ele>
      </trkpt>
      <trkpt lat="50.605884985998273" lon="10.902252020314336">
        <ele>823.79999999999995</ele>
      </trkpt>
      <trkpt lat="50.606309026479721" lon="10.902426028624177">
        <ele>819.89999999999998</ele>
      </trkpt>
      <trkpt lat="50.606623012572527" lon="10.902439020574093">
        <ele>818</ele>
      </trkpt>
      <trkpt lat="50.60693297535181" lon="10.90234799310565">
        <ele>817.70000000000005</ele>
      </trkpt>
      <trkpt lat="50.607281997799873" lon="10.902184965088964">
        <ele>818.70000000000005</ele>
      </trkpt>
      <trkpt lat="50.6075310241431" lon="10.902020009234548">
        <ele>820.20000000000005</ele>
      </trkpt>
      <trkpt lat="50.607780972495675" lon="10.9018549695611">
        <ele>821.5</ele>
      </trkpt>
      <trkpt lat="50.607990017160773" lon="10.901678027585149">
        <ele>822.79999999999995</ele>
      </trkpt>
      <trkpt lat="50.608162013813853" lon="10.901462025940418">
        <ele>824.29999999999995</ele>
      </trkpt>
      <trkpt lat="50.60845797881484" lon="10.901013007387519">
        <ele>826.29999999999995</ele>
      </trkpt>
      <trkpt lat="50.60875503346324" lon="10.900562983006239">
        <ele>826.79999999999995</ele>
      </trkpt>
      <trkpt lat="50.609050998464227" lon="10.90011396445334">
        <ele>826.39999999999998</ele>
      </trkpt>
      <trkpt lat="50.609289966523647" lon="10.899714985862374">
        <ele>825.60000000000002</ele>
      </trkpt>
      <trkpt lat="50.609528012573719" lon="10.89931701309979">
        <ele>824.60000000000002</ele>
      </trkpt>
      <trkpt lat="50.609586015343666" lon="10.899033034220338">
        <ele>824.5</ele>
      </trkpt>
      <trkpt lat="50.609591966494918" lon="10.89865299873054">
        <ele>824.60000000000002</ele>
      </trkpt>
      <trkpt lat="50.609598001465201" lon="10.898272963240743">
        <ele>824.29999999999995</ele>
      </trkpt>
      <trkpt lat="50.60957201756537" lon="10.897746998816729">
        <ele>823.89999999999998</ele>
      </trkpt>
      <trkpt lat="50.60950898565352" lon="10.897278031334281">
        <ele>823.10000000000002</ele>
      </trkpt>
      <trkpt lat="50.60944695957005" lon="10.896808980032802">
        <ele>822.20000000000005</ele>
      </trkpt>
      <trkpt lat="50.609579980373383" lon="10.896195005625486">
        <ele>819.39999999999998</ele>
      </trkpt>
      <trkpt lat="50.609714007005095" lon="10.895582037046552">
        <ele>816.39999999999998</ele>
      </trkpt>
      <trkpt lat="50.609847027808428" lon="10.894967978820205">
        <ele>813.89999999999998</ele>
      </trkpt>
      <trkpt lat="50.609855996444821" lon="10.894775027409196">
        <ele>813.29999999999995</ele>
      </trkpt>
      <trkpt lat="50.609851973131299" lon="10.894520971924067">
        <ele>812.79999999999995</ele>
      </trkpt>
      <trkpt lat="50.609645023941994" lon="10.894280998036265">
        <ele>812.5</ele>
      </trkpt>
      <trkpt lat="50.609561037272215" lon="10.894185025244951">
        <ele>812.29999999999995</ele>
      </trkpt>
      <trkpt lat="50.609748037531972" lon="10.893986960873008">
        <ele>812.70000000000005</ele>
      </trkpt>
      <trkpt lat="50.609934031963348" lon="10.893788980320096">
        <ele>813.5</ele>
      </trkpt>
      <trkpt lat="50.610157996416092" lon="10.893440963700414">
        <ele>815.10000000000002</ele>
      </trkpt>
      <trkpt lat="50.610076021403074" lon="10.893035028129816">
        <ele>816.20000000000005</ele>
      </trkpt>
      <trkpt lat="50.610018018633127" lon="10.892869988456368">
        <ele>816.70000000000005</ele>
      </trkpt>
      <trkpt lat="50.609906958416104" lon="10.892624985426664">
        <ele>817.10000000000002</ele>
      </trkpt>
      <trkpt lat="50.60970101505518" lon="10.892256014049053">
        <ele>817.20000000000005</ele>
      </trkpt>
      <trkpt lat="50.609495993703604" lon="10.89188695885241">
        <ele>816.39999999999998</ele>
      </trkpt>
      <trkpt lat="50.609290972352028" lon="10.89151899330318">
        <ele>814.89999999999998</ele>
      </trkpt>
      <trkpt lat="50.609066002070904" lon="10.89096101000905">
        <ele>813.29999999999995</ele>
      </trkpt>
      <trkpt lat="50.60884203761816" lon="10.890403026714921">
        <ele>811.89999999999998</ele>
      </trkpt>
      <trkpt lat="50.608616983518004" lon="10.88984495960176">
        <ele>810.39999999999998</ele>
      </trkpt>
      <trkpt lat="50.608393019065261" lon="10.889287982136011">
        <ele>809.5</ele>
      </trkpt>
      <trkpt lat="50.608167964965105" lon="10.888729998841882">
        <ele>809.29999999999995</ele>
      </trkpt>
      <trkpt lat="50.607944000512362" lon="10.888172015547752">
        <ele>808.29999999999995</ele>
      </trkpt>
      <trkpt lat="50.607773009687662" lon="10.887813018634915">
        <ele>806.70000000000005</ele>
      </trkpt>
      <trkpt lat="50.607602018862963" lon="10.887453015893698">
        <ele>805.20000000000005</ele>
      </trkpt>
      <trkpt lat="50.60731602832675" lon="10.886928979307413">
        <ele>801.20000000000005</ele>
      </trkpt>
      <trkpt lat="50.607029031962156" lon="10.88640502654016">
        <ele>797.89999999999998</ele>
      </trkpt>
      <trkpt lat="50.606742035597563" lon="10.885881995782256">
        <ele>795.29999999999995</ele>
      </trkpt>
      <trkpt lat="50.606455961242318" lon="10.885357959195971">
        <ele>793.60000000000002</ele>
      </trkpt>
      <trkpt lat="50.606245994567871" lon="10.884909024462104">
        <ele>793.20000000000005</ele>
      </trkpt>
      <trkpt lat="50.606139041483402" lon="10.884581040591002">
        <ele>793.60000000000002</ele>
      </trkpt>
      <trkpt lat="50.606095036491752" lon="10.884322039783001">
        <ele>794.5</ele>
      </trkpt>
      <trkpt lat="50.606063017621636" lon="10.883856005966663">
        <ele>796.70000000000005</ele>
      </trkpt>
      <trkpt lat="50.60609201900661" lon="10.883231973275542">
        <ele>799.60000000000002</ele>
      </trkpt>
      <trkpt lat="50.606165025383234" lon="10.882863001897931">
        <ele>800.70000000000005</ele>
      </trkpt>
      <trkpt lat="50.606238031759858" lon="10.88249403052032">
        <ele>800.79999999999995</ele>
      </trkpt>
      <trkpt lat="50.6063739862293" lon="10.881987009197474">
        <ele>799.5</ele>
      </trkpt>
      <trkpt lat="50.606511030346155" lon="10.881478982046247">
        <ele>797.39999999999998</ele>
      </trkpt>
      <trkpt lat="50.60663097538054" lon="10.880821002647281">
        <ele>793.79999999999995</ele>
      </trkpt>
      <trkpt lat="50.606752010062337" lon="10.880163023248315">
        <ele>790.10000000000002</ele>
      </trkpt>
      <trkpt lat="50.606872960925102" lon="10.879505965858698">
        <ele>786.79999999999995</ele>
      </trkpt>
      <trkpt lat="50.607019979506731" lon="10.878955023363233">
        <ele>785</ele>
      </trkpt>
      <trkpt lat="50.60719097033143" lon="10.878483960404992">
        <ele>784.5</ele>
      </trkpt>
      <trkpt lat="50.60736196115613" lon="10.878012981265783">
        <ele>784.39999999999998</ele>
      </trkpt>
      <trkpt lat="50.60740303248167" lon="10.877868980169296">
        <ele>784.29999999999995</ele>
      </trkpt>
      <trkpt lat="50.607429016381502" lon="10.877612996846437">
        <ele>783.70000000000005</ele>
      </trkpt>
      <trkpt lat="50.607336983084679" lon="10.877266991883516">
        <ele>782.39999999999998</ele>
      </trkpt>
      <trkpt lat="50.607245033606887" lon="10.876920986920595">
        <ele>781.39999999999998</ele>
      </trkpt>
      <trkpt lat="50.607160041108727" lon="10.876600965857506">
        <ele>780.89999999999998</ele>
      </trkpt>
      <trkpt lat="50.607118969783187" lon="10.876330984756351">
        <ele>780.79999999999995</ele>
      </trkpt>
      <trkpt lat="50.607134979218245" lon="10.875978022813797">
        <ele>781.20000000000005</ele>
      </trkpt>
      <trkpt lat="50.607150988653302" lon="10.875624977052212">
        <ele>782</ele>
      </trkpt>
      <trkpt lat="50.607201028615236" lon="10.87521200068295">
        <ele>783.70000000000005</ele>
      </trkpt>
      <trkpt lat="50.607283003628254" lon="10.874882005155087">
        <ele>785.29999999999995</ele>
      </trkpt>
      <trkpt lat="50.607474027201533" lon="10.874408008530736">
        <ele>786.79999999999995</ele>
      </trkpt>
      <trkpt lat="50.607539992779493" lon="10.874174991622567">
        <ele>788.20000000000005</ele>
      </trkpt>
      <trkpt lat="50.607558013871312" lon="10.873994026333094">
        <ele>789.5</ele>
      </trkpt>
      <trkpt lat="50.607545021921396" lon="10.87379302829504">
        <ele>790.10000000000002</ele>
      </trkpt>
      <trkpt lat="50.607473021373153" lon="10.87349203415215">
        <ele>790</ele>
      </trkpt>
      <trkpt lat="50.607246961444616" lon="10.872915023937821">
        <ele>787.20000000000005</ele>
      </trkpt>
      <trkpt lat="50.607019979506731" lon="10.872339019551873">
        <ele>784.5</ele>
      </trkpt>
      <trkpt lat="50.606843959540129" lon="10.871758991852403">
        <ele>783.5</ele>
      </trkpt>
      <trkpt lat="50.606798026710749" lon="10.871391026303172">
        <ele>783.89999999999998</ele>
      </trkpt>
      <trkpt lat="50.606831973418593" lon="10.871112998574972">
        <ele>785.20000000000005</ele>
      </trkpt>
      <trkpt lat="50.606958959251642" lon="10.870761964470148">
        <ele>787.39999999999998</ele>
      </trkpt>
      <trkpt lat="50.607086028903723" lon="10.870412020012736">
        <ele>788.89999999999998</ele>
      </trkpt>
      <trkpt lat="50.607225000858307" lon="10.869946992024779">
        <ele>788.79999999999995</ele>
      </trkpt>
      <trkpt lat="50.607363972812891" lon="10.869481964036822">
        <ele>787.5</ele>
      </trkpt>
      <trkpt lat="50.607503028586507" lon="10.869017019867897">
        <ele>785.10000000000002</ele>
      </trkpt>
      <trkpt lat="50.607561031356454" lon="10.868788026273251">
        <ele>783.70000000000005</ele>
      </trkpt>
      <trkpt lat="50.607577040791512" lon="10.868587028235197">
        <ele>782.5</ele>
      </trkpt>
      <trkpt lat="50.607536975294352" lon="10.868258960545063">
        <ele>780.5</ele>
      </trkpt>
      <trkpt lat="50.607418036088347" lon="10.867739031091332">
        <ele>777.60000000000002</ele>
      </trkpt>
      <trkpt lat="50.607298007234931" lon="10.86721901781857">
        <ele>775.70000000000005</ele>
      </trkpt>
      <trkpt lat="50.607178984209895" lon="10.866699004545808">
        <ele>773.5</ele>
      </trkpt>
      <trkpt lat="50.607107989490032" lon="10.8660380076617">
        <ele>770.79999999999995</ele>
      </trkpt>
      <trkpt lat="50.60703800059855" lon="10.865376004949212">
        <ele>768.39999999999998</ele>
      </trkpt>
      <trkpt lat="50.606939010322094" lon="10.865012984722853">
        <ele>767.20000000000005</ele>
      </trkpt>
      <trkpt lat="50.606841025874019" lon="10.864648958668113">
        <ele>766.20000000000005</ele>
      </trkpt>
      <trkpt lat="50.606795009225607" lon="10.864493977278471">
        <ele>765.70000000000005</ele>
      </trkpt>
      <trkpt lat="50.606670035049319" lon="10.864056022837758">
        <ele>763.79999999999995</ele>
      </trkpt>
      <trkpt lat="50.606544977054" lon="10.863616978749633">
        <ele>760.79999999999995</ele>
      </trkpt>
      <trkpt lat="50.606492003425956" lon="10.863355966284871">
        <ele>759.20000000000005</ele>
      </trkpt>
      <trkpt lat="50.606412962079048" lon="10.863060001283884">
        <ele>757.5</ele>
      </trkpt>
      <trkpt lat="50.606355965137482" lon="10.86294399574399">
        <ele>756.89999999999998</ele>
      </trkpt>
      <trkpt lat="50.606118002906442" lon="10.862621041014791">
        <ele>754.70000000000005</ele>
      </trkpt>
      <trkpt lat="50.605912981554866" lon="10.862354999408126">
        <ele>753</ele>
      </trkpt>
      <trkpt lat="50.605851039290428" lon="10.86225600913167">
        <ele>752.5</ele>
      </trkpt>
      <trkpt lat="50.605592960491776" lon="10.861855018883944">
        <ele>750.79999999999995</ele>
      </trkpt>
      <trkpt lat="50.605410989373922" lon="10.861562993377447">
        <ele>750.20000000000005</ele>
      </trkpt>
      <trkpt lat="50.605287021026015" lon="10.861241966485977">
        <ele>750.20000000000005</ele>
      </trkpt>
      <trkpt lat="50.6052550021559" lon="10.861087990924716">
        <ele>750.29999999999995</ele>
      </trkpt>
      <trkpt lat="50.605170009657741" lon="10.860420959070325">
        <ele>751.20000000000005</ele>
      </trkpt>
      <trkpt lat="50.605085017159581" lon="10.859754011034966">
        <ele>753.20000000000005</ele>
      </trkpt>
      <trkpt lat="50.605022991076112" lon="10.85920499637723">
        <ele>755.29999999999995</ele>
      </trkpt>
      <trkpt lat="50.605009999126196" lon="10.859105000272393">
        <ele>755.70000000000005</ele>
      </trkpt>
      <trkpt lat="50.604980997741222" lon="10.858920011669397">
        <ele>756.70000000000005</ele>
      </trkpt>
      <trkpt lat="50.604980997741222" lon="10.858918000012636">
        <ele>756.70000000000005</ele>
      </trkpt>
      <trkpt lat="50.604953002184629" lon="10.858696969226003">
        <ele>758.20000000000005</ele>
      </trkpt>
      <trkpt lat="50.604883013293147" lon="10.858133034780622">
        <ele>761.70000000000005</ele>
      </trkpt>
      <trkpt lat="50.604983009397984" lon="10.858031027019024">
        <ele>761.70000000000005</ele>
      </trkpt>
      <trkpt lat="50.605101026594639" lon="10.857822988182306">
        <ele>762.39999999999998</ele>
      </trkpt>
      <trkpt lat="50.605223989114165" lon="10.857670018449426">
        <ele>762.89999999999998</ele>
      </trkpt>
      <trkpt lat="50.605291966348886" lon="10.857621990144253">
        <ele>762.89999999999998</ele>
      </trkpt>
      <trkpt lat="50.605537975206971" lon="10.857391990721226">
        <ele>763.5</ele>
      </trkpt>
      <trkpt lat="50.605792030692101" lon="10.857277996838093">
        <ele>763.5</ele>
      </trkpt>
      <trkpt lat="50.606046002358198" lon="10.85716400295496">
        <ele>763.70000000000005</ele>
      </trkpt>
      <trkpt lat="50.606199977919459" lon="10.857112035155296">
        <ele>763.70000000000005</ele>
      </trkpt>
      <trkpt lat="50.606589987874031" lon="10.857064006850123">
        <ele>763.20000000000005</ele>
      </trkpt>
      <trkpt lat="50.606832979246974" lon="10.856987982988358">
        <ele>762.89999999999998</ele>
      </trkpt>
      <trkpt lat="50.606833985075355" lon="10.856987982988358">
        <ele>762.89999999999998</ele>
      </trkpt>
      <trkpt lat="50.606958959251642" lon="10.85686401464045">
        <ele>763.10000000000002</ele>
      </trkpt>
      <trkpt lat="50.60708099976182" lon="10.856671985238791">
        <ele>763.5</ele>
      </trkpt>
      <trkpt lat="50.60716800391674" lon="10.856442991644144">
        <ele>764.20000000000005</ele>
      </trkpt>
      <trkpt lat="50.607219971716404" lon="10.856188014149666">
        <ele>765.10000000000002</ele>
      </trkpt>
      <trkpt lat="50.607290966436267" lon="10.855588037520647">
        <ele>767.39999999999998</ele>
      </trkpt>
      <trkpt lat="50.60736196115613" lon="10.854987977072597">
        <ele>769.70000000000005</ele>
      </trkpt>
      <trkpt lat="50.607433039695024" lon="10.854386994615197">
        <ele>771.79999999999995</ele>
      </trkpt>
      <trkpt lat="50.607525995001197" lon="10.85379196330905">
        <ele>772.20000000000005</ele>
      </trkpt>
      <trkpt lat="50.60761802829802" lon="10.853197015821934">
        <ele>771.60000000000002</ele>
      </trkpt>
      <trkpt lat="50.607710983604193" lon="10.852601984515786">
        <ele>770.70000000000005</ele>
      </trkpt>
      <trkpt lat="50.607751971110702" lon="10.85213796235621">
        <ele>769.70000000000005</ele>
      </trkpt>
      <trkpt lat="50.607750965282321" lon="10.851677963510156">
        <ele>768.70000000000005</ele>
      </trkpt>
      <trkpt lat="50.607701009139419" lon="10.851555000990629">
        <ele>768.60000000000002</ele>
      </trkpt>
      <trkpt lat="50.607666978612542" lon="10.851369006559253">
        <ele>768.29999999999995</ele>
      </trkpt>
      <trkpt lat="50.607621967792511" lon="10.850948989391327">
        <ele>767.5</ele>
      </trkpt>
      <trkpt lat="50.607557008042932" lon="10.850642966106534">
        <ele>767.29999999999995</ele>
      </trkpt>
      <trkpt lat="50.607502022758126" lon="10.850054975599051">
        <ele>766.60000000000002</ele>
      </trkpt>
      <trkpt lat="50.607528006657958" lon="10.849747024476528">
        <ele>766</ele>
      </trkpt>
      <trkpt lat="50.607634037733078" lon="10.849376963451505">
        <ele>764.79999999999995</ele>
      </trkpt>
      <trkpt lat="50.607724981382489" lon="10.849016038700938">
        <ele>763.89999999999998</ele>
      </trkpt>
      <trkpt lat="50.607815003022552" lon="10.848656035959721">
        <ele>763</ele>
      </trkpt>
      <trkpt lat="50.607976019382477" lon="10.848038960248232">
        <ele>761.39999999999998</ele>
      </trkpt>
      <trkpt lat="50.608136029914021" lon="10.847420962527394">
        <ele>759.39999999999998</ele>
      </trkpt>
      <trkpt lat="50.608239965513349" lon="10.847180988639593">
        <ele>758.39999999999998</ele>
      </trkpt>
      <trkpt lat="50.608265027403831" lon="10.846964986994863">
        <ele>758.10000000000002</ele>
      </trkpt>
      <trkpt lat="50.608271984383464" lon="10.84674596786499">
        <ele>757.89999999999998</ele>
      </trkpt>
      <trkpt lat="50.608254969120026" lon="10.846350006759167">
        <ele>758</ele>
      </trkpt>
      <trkpt lat="50.608238037675619" lon="10.845954967662692">
        <ele>758.29999999999995</ele>
      </trkpt>
      <trkpt lat="50.608293022960424" lon="10.845537967979908">
        <ele>758.10000000000002</ele>
      </trkpt>
      <trkpt lat="50.60834901407361" lon="10.845119962468743">
        <ele>757.89999999999998</ele>
      </trkpt>
      <trkpt lat="50.608437024056911" lon="10.844866996631026">
        <ele>757.60000000000002</ele>
      </trkpt>
      <trkpt lat="50.608496032655239" lon="10.844770018011332">
        <ele>757.39999999999998</ele>
      </trkpt>
      <trkpt lat="50.608608014881611" lon="10.844586035236716">
        <ele>756.79999999999995</ele>
      </trkpt>
      <trkpt lat="50.60879803262651" lon="10.844396017491817">
        <ele>755.89999999999998</ele>
      </trkpt>
      <trkpt lat="50.608996013179421" lon="10.84412201307714">
        <ele>754.79999999999995</ele>
      </trkpt>
      <trkpt lat="50.60929499566555" lon="10.84380098618567">
        <ele>753.39999999999998</ele>
      </trkpt>
      <trkpt lat="50.609668996185064" lon="10.843439977616072">
        <ele>753.10000000000002</ele>
      </trkpt>
      <trkpt lat="50.609952975064516" lon="10.843174019828439">
        <ele>753.20000000000005</ele>
      </trkpt>
      <trkpt lat="50.610142992809415" lon="10.842972015962005">
        <ele>753.10000000000002</ele>
      </trkpt>
      <trkpt lat="50.610334016382694" lon="10.842770012095571">
        <ele>753.10000000000002</ele>
      </trkpt>
      <trkpt lat="50.610477011650801" lon="10.842827009037137">
        <ele>753.20000000000005</ele>
      </trkpt>
      <trkpt lat="50.610548006370664" lon="10.842843018472195">
        <ele>753.20000000000005</ele>
      </trkpt>
      <trkpt lat="50.610715979710221" lon="10.842760037630796">
        <ele>753.29999999999995</ele>
      </trkpt>
      <trkpt lat="50.610966011881828" lon="10.842458037659526">
        <ele>753.29999999999995</ele>
      </trkpt>
      <trkpt lat="50.611159969121218" lon="10.842300960794091">
        <ele>753.29999999999995</ele>
      </trkpt>
      <trkpt lat="50.611483007669449" lon="10.842095017433167">
        <ele>753.5</ele>
      </trkpt>
      <trkpt lat="50.611806968227029" lon="10.841887984424829">
        <ele>753.70000000000005</ele>
      </trkpt>
      <trkpt lat="50.61213000677526" lon="10.841682041063905">
        <ele>754</ele>
      </trkpt>
      <trkpt lat="50.612293034791946" lon="10.84156796336174">
        <ele>754.10000000000002</ele>
      </trkpt>
      <trkpt lat="50.612610960379243" lon="10.841252971440554">
        <ele>754.10000000000002</ele>
      </trkpt>
      <trkpt lat="50.612949002534151" lon="10.840908978134394">
        <ele>754.20000000000005</ele>
      </trkpt>
      <trkpt lat="50.613286960870028" lon="10.840564984828234">
        <ele>754.29999999999995</ele>
      </trkpt>
      <trkpt lat="50.613474966958165" lon="10.84032098762691">
        <ele>754.20000000000005</ele>
      </trkpt>
      <trkpt lat="50.613565994426608" lon="10.840160977095366">
        <ele>754.10000000000002</ele>
      </trkpt>
      <trkpt lat="50.613639000803232" lon="10.83991002291441">
        <ele>753.89999999999998</ele>
      </trkpt>
      <trkpt lat="50.61372198164463" lon="10.839292025193572">
        <ele>753.5</ele>
      </trkpt>
      <trkpt lat="50.613808985799551" lon="10.838854992762208">
        <ele>753.10000000000002</ele>
      </trkpt>
      <trkpt lat="50.614063963294029" lon="10.838318970054388">
        <ele>752.60000000000002</ele>
      </trkpt>
      <trkpt lat="50.614319024607539" lon="10.8377830311656">
        <ele>751.5</ele>
      </trkpt>
      <trkpt lat="50.614497978240252" lon="10.837426967918873">
        <ele>750.29999999999995</ele>
      </trkpt>
      <trkpt lat="50.614677015691996" lon="10.837071994319558">
        <ele>749.20000000000005</ele>
      </trkpt>
      <trkpt lat="50.614824034273624" lon="10.836765971034765">
        <ele>748.39999999999998</ele>
      </trkpt>
      <trkpt lat="50.614929981529713" lon="10.836546029895544">
        <ele>747.79999999999995</ele>
      </trkpt>
      <trkpt lat="50.615237010642886" lon="10.836059041321278">
        <ele>747.20000000000005</ele>
      </trkpt>
      <trkpt lat="50.615543033927679" lon="10.83557297475636">
        <ele>746.89999999999998</ele>
      </trkpt>
      <trkpt lat="50.615682005882263" lon="10.835192017257214">
        <ele>746.70000000000005</ele>
      </trkpt>
      <trkpt lat="50.615827012807131" lon="10.83469002507627">
        <ele>746.5</ele>
      </trkpt>
      <trkpt lat="50.615971013903618" lon="10.834187027066946">
        <ele>746.29999999999995</ele>
      </trkpt>
      <trkpt lat="50.616162959486246" lon="10.833743959665298">
        <ele>746</ele>
      </trkpt>
      <trkpt lat="50.616268990561366" lon="10.833587972447276">
        <ele>745.70000000000005</ele>
      </trkpt>
      <trkpt lat="50.616479041054845" lon="10.833360990509391">
        <ele>745.39999999999998</ele>
      </trkpt>
      <trkpt lat="50.616760002449155" lon="10.833111964166164">
        <ele>744.79999999999995</ele>
      </trkpt>
      <trkpt lat="50.617040041834116" lon="10.83286302164197">
        <ele>743.89999999999998</ele>
      </trkpt>
      <trkpt lat="50.617143977433443" lon="10.832753973081708">
        <ele>743.5</ele>
      </trkpt>
      <trkpt lat="50.617190999910235" lon="10.832626987248659">
        <ele>743.29999999999995</ele>
      </trkpt>
      <trkpt lat="50.617403984069824" lon="10.832012007012963">
        <ele>744.79999999999995</ele>
      </trkpt>
      <trkpt lat="50.617531975731254" lon="10.83172601647675">
        <ele>745.89999999999998</ele>
      </trkpt>
      <trkpt lat="50.617807991802692" lon="10.831270962953568">
        <ele>748</ele>
      </trkpt>
      <trkpt lat="50.618084007874131" lon="10.830815993249416">
        <ele>750.60000000000002</ele>
      </trkpt>
      <trkpt lat="50.61829699203372" lon="10.830640979111195">
        <ele>752.20000000000005</ele>
      </trkpt>
      <trkpt lat="50.618509976193309" lon="10.830465964972973">
        <ele>753.89999999999998</ele>
      </trkpt>
      <trkpt lat="50.618793033063412" lon="10.830090036615729">
        <ele>756.60000000000002</ele>
      </trkpt>
      <trkpt lat="50.619077011942863" lon="10.829715030267835">
        <ele>758.70000000000005</ele>
      </trkpt>
      <trkpt lat="50.619195029139519" lon="10.829595001414418">
        <ele>759.39999999999998</ele>
      </trkpt>
      <trkpt lat="50.619300976395607" lon="10.829557031393051">
        <ele>759.79999999999995</ele>
      </trkpt>
      <trkpt lat="50.619697021320462" lon="10.829509003087878">
        <ele>760.89999999999998</ele>
      </trkpt>
      <trkpt lat="50.619956022128463" lon="10.829504979774356">
        <ele>761.5</ele>
      </trkpt>
      <trkpt lat="50.620216028764844" lon="10.829501962289214">
        <ele>762.20000000000005</ele>
      </trkpt>
      <trkpt lat="50.620322981849313" lon="10.829462986439466">
        <ele>762.5</ele>
      </trkpt>
      <trkpt lat="50.62061601318419" lon="10.829217983409762">
        <ele>763.79999999999995</ele>
      </trkpt>
      <trkpt lat="50.620908960700035" lon="10.828972980380058">
        <ele>765.29999999999995</ele>
      </trkpt>
      <trkpt lat="50.621192017570138" lon="10.828820010647178">
        <ele>766.70000000000005</ele>
      </trkpt>
      <trkpt lat="50.621474990621209" lon="10.828667040914297">
        <ele>768.29999999999995</ele>
      </trkpt>
      <trkpt lat="50.621785037219524" lon="10.828603003174067">
        <ele>769.79999999999995</ele>
      </trkpt>
      <trkpt lat="50.622017970308661" lon="10.828617000952363">
        <ele>771</ele>
      </trkpt>
      <trkpt lat="50.622375961393118" lon="10.828646002337337">
        <ele>772.70000000000005</ele>
      </trkpt>
      <trkpt lat="50.622642002999783" lon="10.82865203730762">
        <ele>774</ele>
      </trkpt>
      <trkpt lat="50.622908966615796" lon="10.828657988458872">
        <ele>775.29999999999995</ele>
      </trkpt>
      <trkpt lat="50.62308800406754" lon="10.828617000952363">
        <ele>776.20000000000005</ele>
      </trkpt>
      <trkpt lat="50.623211972415447" lon="10.828527985140681">
        <ele>776.89999999999998</ele>
      </trkpt>
      <trkpt lat="50.623306017369032" lon="10.828414997085929">
        <ele>777.5</ele>
      </trkpt>
      <trkpt lat="50.623490000143647" lon="10.828120037913322">
        <ele>778.5</ele>
      </trkpt>
      <trkpt lat="50.623672977089882" lon="10.827823989093304">
        <ele>779.10000000000002</ele>
      </trkpt>
      <trkpt lat="50.623891996219754" lon="10.827563982456923">
        <ele>780.20000000000005</ele>
      </trkpt>
      <trkpt lat="50.624285023659468" lon="10.827403971925378">
        <ele>781.89999999999998</ele>
      </trkpt>
      <trkpt lat="50.624676961451769" lon="10.827243039384484">
        <ele>782.89999999999998</ele>
      </trkpt>
      <trkpt lat="50.624745022505522" lon="10.827200040221214">
        <ele>783.20000000000005</ele>
      </trkpt>
      <trkpt lat="50.624951971694827" lon="10.827016979455948">
        <ele>784.10000000000002</ele>
      </trkpt>
      <trkpt lat="50.625159004703164" lon="10.826834002509713">
        <ele>784.89999999999998</ele>
      </trkpt>
      <trkpt lat="50.625353967770934" lon="10.826538037508726">
        <ele>785.60000000000002</ele>
      </trkpt>
      <trkpt lat="50.625507021322846" lon="10.82622698508203">
        <ele>786.39999999999998</ele>
      </trkpt>
      <trkpt lat="50.625737020745873" lon="10.825718035921454">
        <ele>787.79999999999995</ele>
      </trkpt>
      <trkpt lat="50.625968025997281" lon="10.825209002941847">
        <ele>789.10000000000002</ele>
      </trkpt>
      <trkpt lat="50.626199031248689" lon="10.824699969962239">
        <ele>790.29999999999995</ele>
      </trkpt>
      <trkpt lat="50.626401035115123" lon="10.82411902025342">
        <ele>791.70000000000005</ele>
      </trkpt>
      <trkpt lat="50.626603960990906" lon="10.823538992553949">
        <ele>793.20000000000005</ele>
      </trkpt>
      <trkpt lat="50.62680596485734" lon="10.822957959026098">
        <ele>794.5</ele>
      </trkpt>
      <trkpt lat="50.626894980669022" lon="10.822626035660505">
        <ele>795.29999999999995</ele>
      </trkpt>
      <trkpt lat="50.626990031450987" lon="10.82214399240911">
        <ele>796.39999999999998</ele>
      </trkpt>
      <trkpt lat="50.62708399258554" lon="10.821662032976747">
        <ele>797.39999999999998</ele>
      </trkpt>
      <trkpt lat="50.627178959548473" lon="10.821179989725351">
        <ele>798.29999999999995</ele>
      </trkpt>
      <trkpt lat="50.627187006175518" lon="10.821046968922019">
        <ele>798.60000000000002</ele>
      </trkpt>
      <trkpt lat="50.627155993133783" lon="10.820580013096333">
        <ele>799.79999999999995</ele>
      </trkpt>
      <trkpt lat="50.627124980092049" lon="10.820112973451614">
        <ele>800.79999999999995</ele>
      </trkpt>
      <trkpt lat="50.627151969820261" lon="10.819508973509073">
        <ele>801.39999999999998</ele>
      </trkpt>
      <trkpt lat="50.62716999091208" lon="10.819031037390232">
        <ele>801.5</ele>
      </trkpt>
      <trkpt lat="50.627187006175518" lon="10.818553017452359">
        <ele>801.29999999999995</ele>
      </trkpt>
      <trkpt lat="50.627204021438956" lon="10.818074997514486">
        <ele>800.79999999999995</ele>
      </trkpt>
      <trkpt lat="50.627167979255319" lon="10.817513996735215">
        <ele>800.10000000000002</ele>
      </trkpt>
      <trkpt lat="50.627131015062332" lon="10.816952995955944">
        <ele>799</ele>
      </trkpt>
      <trkpt lat="50.62719002366066" lon="10.816624006256461">
        <ele>798.10000000000002</ele>
      </trkpt>
      <trkpt lat="50.627331007272005" lon="10.816311025992036">
        <ele>797.10000000000002</ele>
      </trkpt>
      <trkpt lat="50.627587996423244" lon="10.81595697440207">
        <ele>796.20000000000005</ele>
      </trkpt>
      <trkpt lat="50.627844985574484" lon="10.815603006631136">
        <ele>795.79999999999995</ele>
      </trkpt>
      <trkpt lat="50.628101974725723" lon="10.815249960869551">
        <ele>795.79999999999995</ele>
      </trkpt>
      <trkpt lat="50.628358963876963" lon="10.814895993098617">
        <ele>796</ele>
      </trkpt>
      <trkpt lat="50.628611007705331" lon="10.814505983144045">
        <ele>796.70000000000005</ele>
      </trkpt>
      <trkpt lat="50.628817034885287" lon="10.814084960147738">
        <ele>797.60000000000002</ele>
      </trkpt>
      <trkpt lat="50.629022978246212" lon="10.813665026798844">
        <ele>798.60000000000002</ele>
      </trkpt>
      <trkpt lat="50.629245014861226" lon="10.813095979392529">
        <ele>800.10000000000002</ele>
      </trkpt>
      <trkpt lat="50.629349034279585" lon="10.813225982710719">
        <ele>800</ele>
      </trkpt>
      <trkpt lat="50.629450036212802" lon="10.812889030203223">
        <ele>800.89999999999998</ele>
      </trkpt>
      <trkpt lat="50.629545003175735" lon="10.812489967793226">
        <ele>801.79999999999995</ele>
      </trkpt>
      <trkpt lat="50.629639970138669" lon="10.812091995030642">
        <ele>802.60000000000002</ele>
      </trkpt>
      <trkpt lat="50.629795035347342" lon="10.811667032539845">
        <ele>803.39999999999998</ele>
      </trkpt>
      <trkpt lat="50.629949010908604" lon="10.811241986230016">
        <ele>804.20000000000005</ele>
      </trkpt>
      <trkpt lat="50.630098963156343" lon="10.811019027605653">
        <ele>805.10000000000002</ele>
      </trkpt>
      <trkpt lat="50.630123019218445" lon="10.810892041772604">
        <ele>805.10000000000002</ele>
      </trkpt>
      <trkpt lat="50.630519986152649" lon="10.810806965455413">
        <ele>808.39999999999998</ele>
      </trkpt>
      <trkpt lat="50.630917958915234" lon="10.810722978785634">
        <ele>812.39999999999998</ele>
      </trkpt>
      <trkpt lat="50.631085010245442" lon="10.810657013207674">
        <ele>814.10000000000002</ele>
      </trkpt>
      <trkpt lat="50.631314003840089" lon="10.810497002676129">
        <ele>816.70000000000005</ele>
      </trkpt>
      <trkpt lat="50.631542997434735" lon="10.810337997972965">
        <ele>819.39999999999998</ele>
      </trkpt>
      <trkpt lat="50.631804009899497" lon="10.810313019901514">
        <ele>822.5</ele>
      </trkpt>
      <trkpt lat="50.632144985720515" lon="10.810350989922881">
        <ele>826.39999999999998</ele>
      </trkpt>
      <trkpt lat="50.632419995963573" lon="10.810431037098169">
        <ele>829.20000000000005</ele>
      </trkpt>
      <trkpt lat="50.632763989269733" lon="10.810668999329209">
        <ele>831.5</ele>
      </trkpt>
      <trkpt lat="50.633107982575893" lon="10.810906961560249">
        <ele>832.89999999999998</ele>
      </trkpt>
      <trkpt lat="50.633210996165872" lon="10.810936968773603">
        <ele>833.39999999999998</ele>
      </trkpt>
      <trkpt lat="50.633419035002589" lon="10.81090796738863">
        <ele>834.79999999999995</ele>
      </trkpt>
      <trkpt lat="50.633709970861673" lon="10.810723984614015">
        <ele>837.29999999999995</ele>
      </trkpt>
      <trkpt lat="50.634016999974847" lon="10.810422990471125">
        <ele>840.39999999999998</ele>
      </trkpt>
      <trkpt lat="50.634372979402542" lon="10.809991993010044">
        <ele>844.70000000000005</ele>
      </trkpt>
      <trkpt lat="50.634728958830237" lon="10.809559989720583">
        <ele>848.79999999999995</ele>
      </trkpt>
      <trkpt lat="50.635085022076964" lon="10.809128992259502">
        <ele>853.10000000000002</ele>
      </trkpt>
      <trkpt lat="50.635266993194818" lon="10.808839984238148">
        <ele>855.79999999999995</ele>
      </trkpt>
      <trkpt lat="50.635217959061265" lon="10.808673016726971">
        <ele>857.20000000000005</ele>
      </trkpt>
      <trkpt lat="50.63490497879684" lon="10.808450980111957">
        <ele>858.20000000000005</ele>
      </trkpt>
      <trkpt lat="50.634738011285663" lon="10.808217041194439">
        <ele>859.10000000000002</ele>
      </trkpt>
      <trkpt lat="50.63454195857048" lon="10.80770499072969">
        <ele>860.70000000000005</ele>
      </trkpt>
      <trkpt lat="50.634428970515728" lon="10.807331996038556">
        <ele>861.29999999999995</ele>
      </trkpt>
      <trkpt lat="50.634322017431259" lon="10.806793039664626">
        <ele>862</ele>
      </trkpt>
      <trkpt lat="50.634233001619577" lon="10.806190967559814">
        <ele>862.5</ele>
      </trkpt>
      <trkpt lat="50.634142979979515" lon="10.805588979274035">
        <ele>862.5</ele>
      </trkpt>
      <trkpt lat="50.634119007736444" lon="10.805289996787906">
        <ele>862.70000000000005</ele>
      </trkpt>
      <trkpt lat="50.6341109611094" lon="10.804688008502126">
        <ele>863.79999999999995</ele>
      </trkpt>
      <trkpt lat="50.634077014401555" lon="10.804447028785944">
        <ele>863.70000000000005</ele>
      </trkpt>
      <trkpt lat="50.633954973891377" lon="10.803876975551248">
        <ele>863</ele>
      </trkpt>
      <trkpt lat="50.633832011371851" lon="10.803307006135583">
        <ele>862.70000000000005</ele>
      </trkpt>
      <trkpt lat="50.633654985576868" lon="10.802662018686533">
        <ele>862.29999999999995</ele>
      </trkpt>
      <trkpt lat="50.633477959781885" lon="10.802018037065864">
        <ele>862.39999999999998</ele>
      </trkpt>
      <trkpt lat="50.633300011977553" lon="10.801372965797782">
        <ele>862.10000000000002</ele>
      </trkpt>
      <trkpt lat="50.63312298618257" lon="10.800727978348732">
        <ele>862.70000000000005</ele>
      </trkpt>
      <trkpt lat="50.632939003407955" lon="10.800224980339408">
        <ele>863</ele>
      </trkpt>
      <trkpt lat="50.63275602646172" lon="10.799721982330084">
        <ele>862.89999999999998</ele>
      </trkpt>
      <trkpt lat="50.632572965696454" lon="10.79921898432076">
        <ele>862.39999999999998</ele>
      </trkpt>
      <trkpt lat="50.632352018728852" lon="10.798748005181551">
        <ele>861.39999999999998</ele>
      </trkpt>
      <trkpt lat="50.632131993770599" lon="10.798276020213962">
        <ele>860.5</ele>
      </trkpt>
      <trkpt lat="50.631910962983966" lon="10.797805041074753">
        <ele>859.20000000000005</ele>
      </trkpt>
      <trkpt lat="50.631756987422705" lon="10.797312017530203">
        <ele>858.20000000000005</ele>
      </trkpt>
      <trkpt lat="50.631694961339235" lon="10.796845983713865">
        <ele>857.60000000000002</ele>
      </trkpt>
      <trkpt lat="50.631633019074798" lon="10.796380033716559">
        <ele>856.60000000000002</ele>
      </trkpt>
      <trkpt lat="50.631597982719541" lon="10.795909976586699">
        <ele>855.10000000000002</ele>
      </trkpt>
      <trkpt lat="50.631562024354935" lon="10.795440003275871">
        <ele>853</ele>
      </trkpt>
      <trkpt lat="50.631526987999678" lon="10.794969024136662">
        <ele>851</ele>
      </trkpt>
      <trkpt lat="50.631524976342916" lon="10.794626958668232">
        <ele>849.79999999999995</ele>
      </trkpt>
      <trkpt lat="50.631594965234399" lon="10.793983982875943">
        <ele>848.39999999999998</ele>
      </trkpt>
      <trkpt lat="50.631665959954262" lon="10.793341007083654">
        <ele>847.5</ele>
      </trkpt>
      <trkpt lat="50.631749024614692" lon="10.79285996966064">
        <ele>847.5</ele>
      </trkpt>
      <trkpt lat="50.63183200545609" lon="10.792379016056657">
        <ele>847.79999999999995</ele>
      </trkpt>
      <trkpt lat="50.631834017112851" lon="10.792182963341475">
        <ele>847.70000000000005</ele>
      </trkpt>
      <trkpt lat="50.631788000464439" lon="10.791834024712443">
        <ele>847.29999999999995</ele>
      </trkpt>
      <trkpt lat="50.631704013794661" lon="10.79167895950377">
        <ele>846.70000000000005</ele>
      </trkpt>
      <trkpt lat="50.631350968033075" lon="10.791472010314465">
        <ele>844.5</ele>
      </trkpt>
      <trkpt lat="50.631093978881836" lon="10.791262965649366">
        <ele>843.20000000000005</ele>
      </trkpt>
      <trkpt lat="50.630879988893867" lon="10.790878990665078">
        <ele>842.70000000000005</ele>
      </trkpt>
      <trkpt lat="50.63077999278903" lon="10.790637005120516">
        <ele>842.60000000000002</ele>
      </trkpt>
      <trkpt lat="50.630748979747295" lon="10.790473977103829">
        <ele>842.60000000000002</ele>
      </trkpt>
      <trkpt lat="50.630778986960649" lon="10.790271973237395">
        <ele>842.70000000000005</ele>
      </trkpt>
      <trkpt lat="50.631004041060805" lon="10.790061000734568">
        <ele>843.29999999999995</ele>
      </trkpt>
      <trkpt lat="50.631084004417062" lon="10.789947006851435">
        <ele>843.5</ele>
      </trkpt>
      <trkpt lat="50.631329007446766" lon="10.78942297026515">
        <ele>843.10000000000002</ele>
      </trkpt>
      <trkpt lat="50.631421962752938" lon="10.789188025519252">
        <ele>843.10000000000002</ele>
      </trkpt>
      <trkpt lat="50.63151097856462" lon="10.788823999464512">
        <ele>842.60000000000002</ele>
      </trkpt>
      <trkpt lat="50.631523970514536" lon="10.788704976439476">
        <ele>842.20000000000005</ele>
      </trkpt>
      <trkpt lat="50.631489017978311" lon="10.788581008091569">
        <ele>841.39999999999998</ele>
      </trkpt>
      <trkpt lat="50.631588008254766" lon="10.787982037290931">
        <ele>839.70000000000005</ele>
      </trkpt>
      <trkpt lat="50.631588008254766" lon="10.787389017641544">
        <ele>837.79999999999995</ele>
      </trkpt>
      <trkpt lat="50.631587002426386" lon="10.786795997992158">
        <ele>837</ele>
      </trkpt>
      <trkpt lat="50.631641987711191" lon="10.786359971389174">
        <ele>837.39999999999998</ele>
      </trkpt>
      <trkpt lat="50.631737960502505" lon="10.78579000197351">
        <ele>838.20000000000005</ele>
      </trkpt>
      <trkpt lat="50.631835022941232" lon="10.785220032557845">
        <ele>838.5</ele>
      </trkpt>
      <trkpt lat="50.631932001560926" lon="10.784649979323149">
        <ele>837.89999999999998</ele>
      </trkpt>
      <trkpt lat="50.631990004330873" lon="10.784471025690436">
        <ele>837.79999999999995</ele>
      </trkpt>
      <trkpt lat="50.632130987942219" lon="10.784167014062405">
        <ele>837.70000000000005</ele>
      </trkpt>
      <trkpt lat="50.632341960445046" lon="10.783864008262753">
        <ele>837.89999999999998</ele>
      </trkpt>
      <trkpt lat="50.632543964311481" lon="10.783613976091146">
        <ele>837.89999999999998</ele>
      </trkpt>
      <trkpt lat="50.632745968177915" lon="10.783363021910191">
        <ele>837.60000000000002</ele>
      </trkpt>
      <trkpt lat="50.632945038378239" lon="10.782969994470477">
        <ele>836.29999999999995</ele>
      </trkpt>
      <trkpt lat="50.633144024759531" lon="10.782577972859144">
        <ele>835</ele>
      </trkpt>
      <trkpt lat="50.633348040282726" lon="10.782238002866507">
        <ele>834.10000000000002</ele>
      </trkpt>
      <trkpt lat="50.633568987250328" lon="10.781870037317276">
        <ele>833.29999999999995</ele>
      </trkpt>
      <trkpt lat="50.633790018036962" lon="10.781500982120633">
        <ele>832.39999999999998</ele>
      </trkpt>
      <trkpt lat="50.63410903327167" lon="10.781003013253212">
        <ele>831.70000000000005</ele>
      </trkpt>
      <trkpt lat="50.634426958858967" lon="10.78050596639514">
        <ele>830.39999999999998</ele>
      </trkpt>
      <trkpt lat="50.634745974093676" lon="10.780009003356099">
        <ele>828.89999999999998</ele>
      </trkpt>
      <trkpt lat="50.635063983500004" lon="10.779511034488678">
        <ele>827.29999999999995</ele>
      </trkpt>
      <trkpt lat="50.635316027328372" lon="10.779162012040615">
        <ele>826.20000000000005</ele>
      </trkpt>
      <trkpt lat="50.635567987337708" lon="10.778812989592552">
        <ele>825.20000000000005</ele>
      </trkpt>
      <trkpt lat="50.63580896705389" lon="10.778519036248326">
        <ele>824.20000000000005</ele>
      </trkpt>
      <trkpt lat="50.636050030589104" lon="10.778226004913449">
        <ele>823.10000000000002</ele>
      </trkpt>
      <trkpt lat="50.636080037802458" lon="10.778043027967215">
        <ele>822.70000000000005</ele>
      </trkpt>
      <trkpt lat="50.636127982288599" lon="10.777904978021979">
        <ele>822.39999999999998</ele>
      </trkpt>
      <trkpt lat="50.636296039447188" lon="10.777596021071076">
        <ele>821.5</ele>
      </trkpt>
      <trkpt lat="50.636464012786746" lon="10.777286980301142">
        <ele>820.89999999999998</ele>
      </trkpt>
      <trkpt lat="50.63657901249826" lon="10.776962013915181">
        <ele>821.10000000000002</ele>
      </trkpt>
      <trkpt lat="50.636695018038154" lon="10.77663604170084">
        <ele>821.60000000000002</ele>
      </trkpt>
      <trkpt lat="50.636753020808101" lon="10.776535961776972">
        <ele>821.89999999999998</ele>
      </trkpt>
      <trkpt lat="50.636870032176375" lon="10.776474019512534">
        <ele>822.5</ele>
      </trkpt>
      <trkpt lat="50.637168008834124" lon="10.776085015386343">
        <ele>824.60000000000002</ele>
      </trkpt>
      <trkpt lat="50.637465985491872" lon="10.775697017088532">
        <ele>827.10000000000002</ele>
      </trkpt>
      <trkpt lat="50.637488029897213" lon="10.77562702819705">
        <ele>827.60000000000002</ele>
      </trkpt>
      <trkpt lat="50.637484006583691" lon="10.775565002113581">
        <ele>828</ele>
      </trkpt>
      <trkpt lat="50.637296000495553" lon="10.775231989100575">
        <ele>829.20000000000005</ele>
      </trkpt>
      <trkpt lat="50.637109000235796" lon="10.77489897608757">
        <ele>829.39999999999998</ele>
      </trkpt>
      <trkpt lat="50.636968016624451" lon="10.774537967517972">
        <ele>829.39999999999998</ele>
      </trkpt>
      <trkpt lat="50.636968016624451" lon="10.774536961689591">
        <ele>829.39999999999998</ele>
      </trkpt>
      <trkpt lat="50.636827033013105" lon="10.773941008374095">
        <ele>830.89999999999998</ele>
      </trkpt>
      <trkpt lat="50.636685965582728" lon="10.773343965411186">
        <ele>834.29999999999995</ele>
      </trkpt>
      <trkpt lat="50.636637015268207" lon="10.772970970720053">
        <ele>837.79999999999995</ele>
      </trkpt>
      <trkpt lat="50.636643972247839" lon="10.77285697683692">
        <ele>839.29999999999995</ele>
      </trkpt>
      <trkpt lat="50.636681020259857" lon="10.772756980732083">
        <ele>841.10000000000002</ele>
      </trkpt>
      <trkpt lat="50.636919988319278" lon="10.772505020722747">
        <ele>847.39999999999998</ele>
      </trkpt>
      <trkpt lat="50.637159962207079" lon="10.772252976894379">
        <ele>851.29999999999995</ele>
      </trkpt>
      <trkpt lat="50.637302035465837" lon="10.771923987194896">
        <ele>853.29999999999995</ele>
      </trkpt>
      <trkpt lat="50.637444024905562" lon="10.771594997495413">
        <ele>854.70000000000005</ele>
      </trkpt>
      <trkpt lat="50.637629013508558" lon="10.771345971152186">
        <ele>855.89999999999998</ele>
      </trkpt>
      <trkpt lat="50.637814002111554" lon="10.771097028627992">
        <ele>856.89999999999998</ele>
      </trkpt>
      <trkpt lat="50.638098986819386" lon="10.771039025858045">
        <ele>858.5</ele>
      </trkpt>
      <trkpt lat="50.638383971527219" lon="10.770981023088098">
        <ele>859.89999999999998</ele>
      </trkpt>
      <trkpt lat="50.638656970113516" lon="10.770986974239349">
        <ele>861.29999999999995</ele>
      </trkpt>
      <trkpt lat="50.638929968699813" lon="10.770993009209633">
        <ele>862.60000000000002</ele>
      </trkpt>
      <trkpt lat="50.639354009181261" lon="10.770808020606637">
        <ele>864</ele>
      </trkpt>
      <trkpt lat="50.63958702608943" lon="10.770805003121495">
        <ele>864.70000000000005</ele>
      </trkpt>
      <trkpt lat="50.639844015240669" lon="10.770924026146531">
        <ele>865.89999999999998</ele>
      </trkpt>
      <trkpt lat="50.640069991350174" lon="10.771185960620642">
        <ele>867</ele>
      </trkpt>
      <trkpt lat="50.64029898494482" lon="10.771313030272722">
        <ele>867.39999999999998</ele>
      </trkpt>
      <trkpt lat="50.640528984367847" lon="10.771440016105771">
        <ele>867.79999999999995</ele>
      </trkpt>
      <trkpt lat="50.640637027099729" lon="10.771528026089072">
        <ele>868.10000000000002</ele>
      </trkpt>
      <trkpt lat="50.64083500765264" lon="10.771832037717104">
        <ele>868.70000000000005</ele>
      </trkpt>
      <trkpt lat="50.641032988205552" lon="10.772136971354485">
        <ele>869.20000000000005</ele>
      </trkpt>
      <trkpt lat="50.641230968758464" lon="10.772355990484357">
        <ele>869.5</ele>
      </trkpt>
      <trkpt lat="50.641402965411544" lon="10.772474007681012">
        <ele>869.79999999999995</ele>
      </trkpt>
      <trkpt lat="50.641792975366116" lon="10.772631000727415">
        <ele>870.39999999999998</ele>
      </trkpt>
      <trkpt lat="50.642104027792811" lon="10.772655978798866">
        <ele>870.89999999999998</ele>
      </trkpt>
      <trkpt lat="50.642414996400476" lon="10.772681040689349">
        <ele>871.29999999999995</ele>
      </trkpt>
      <trkpt lat="50.642805006355047" lon="10.772826969623566">
        <ele>871.79999999999995</ele>
      </trkpt>
      <trkpt lat="50.643195016309619" lon="10.772972982376814">
        <ele>872.10000000000002</ele>
      </trkpt>
      <trkpt lat="50.643431972712278" lon="10.77294004149735">
        <ele>872.10000000000002</ele>
      </trkpt>
      <trkpt lat="50.643723998218775" lon="10.772811966016889">
        <ele>871.79999999999995</ele>
      </trkpt>
      <trkpt lat="50.644016023725271" lon="10.772683974355459">
        <ele>871.5</ele>
      </trkpt>
      <trkpt lat="50.644364962354302" lon="10.772592024877667">
        <ele>871.20000000000005</ele>
      </trkpt>
      <trkpt lat="50.644646007567644" lon="10.772623959928751">
        <ele>871.5</ele>
      </trkpt>
      <trkpt lat="50.644967034459114" lon="10.772696966305375">
        <ele>872</ele>
      </trkpt>
      <trkpt lat="50.645288983359933" lon="10.772769972681999">
        <ele>872.70000000000005</ele>
      </trkpt>
      <trkpt lat="50.645610010251403" lon="10.772842979058623">
        <ele>873.60000000000002</ele>
      </trkpt>
      <trkpt lat="50.645940005779266" lon="10.772994020953774">
        <ele>874.79999999999995</ele>
      </trkpt>
      <trkpt lat="50.646268995478749" lon="10.773144979029894">
        <ele>875.89999999999998</ele>
      </trkpt>
      <trkpt lat="50.646401010453701" lon="10.773272970691323">
        <ele>876.29999999999995</ele>
      </trkpt>
      <trkpt lat="50.646631009876728" lon="10.7733070012182">
        <ele>877</ele>
      </trkpt>
      <trkpt lat="50.646794959902763" lon="10.77337103895843">
        <ele>877.70000000000005</ele>
      </trkpt>
      <trkpt lat="50.647101989015937" lon="10.773514034226537">
        <ele>879.20000000000005</ele>
      </trkpt>
      <trkpt lat="50.647475989535451" lon="10.773813016712666">
        <ele>880.70000000000005</ele>
      </trkpt>
      <trkpt lat="50.647850995883346" lon="10.774111999198794">
        <ele>881.79999999999995</ele>
      </trkpt>
      <trkpt lat="50.648104967549443" lon="10.77421098947525">
        <ele>882.89999999999998</ele>
      </trkpt>
      <trkpt lat="50.648359023034573" lon="10.774309979751706">
        <ele>883.60000000000002</ele>
      </trkpt>
      <trkpt lat="50.648690024390817" lon="10.774322971701622">
        <ele>885.20000000000005</ele>
      </trkpt>
      <trkpt lat="50.648924969136715" lon="10.774265974760056">
        <ele>886.70000000000005</ele>
      </trkpt>
      <trkpt lat="50.649265022948384" lon="10.774079980328679">
        <ele>889.60000000000002</ele>
      </trkpt>
      <trkpt lat="50.649605998769403" lon="10.773894991725683">
        <ele>892.39999999999998</ele>
      </trkpt>
      <trkpt lat="50.649886038154364" lon="10.773804970085621">
        <ele>894.39999999999998</ele>
      </trkpt>
      <trkpt lat="50.650165993720293" lon="10.77371503226459">
        <ele>896.70000000000005</ele>
      </trkpt>
      <trkpt lat="50.650465982034802" lon="10.773745961487293">
        <ele>898</ele>
      </trkpt>
      <trkpt lat="50.650765970349312" lon="10.773776974529028">
        <ele>899.5</ele>
      </trkpt>
      <trkpt lat="50.651172995567322" lon="10.773885017260909">
        <ele>901.29999999999995</ele>
      </trkpt>
      <trkpt lat="50.651581026613712" lon="10.773992976173759">
        <ele>903.20000000000005</ele>
      </trkpt>
      <trkpt lat="50.651987968012691" lon="10.77410101890564">
        <ele>904.39999999999998</ele>
      </trkpt>
      <trkpt lat="50.652222996577621" lon="10.774085009470582">
        <ele>905.70000000000005</ele>
      </trkpt>
      <trkpt lat="50.652434974908829" lon="10.773964980617166">
        <ele>907.60000000000002</ele>
      </trkpt>
      <trkpt lat="50.65265298821032" lon="10.773835983127356">
        <ele>909.39999999999998</ele>
      </trkpt>
      <trkpt lat="50.652871001511812" lon="10.773707991465926">
        <ele>910.89999999999998</ele>
      </trkpt>
      <trkpt lat="50.653150035068393" lon="10.77349903061986">
        <ele>913.10000000000002</ele>
      </trkpt>
      <trkpt lat="50.653357990086079" lon="10.773274982348084">
        <ele>915.39999999999998</ele>
      </trkpt>
      <trkpt lat="50.6536849681288" lon="10.77302997931838">
        <ele>918</ele>
      </trkpt>
      <trkpt lat="50.654102973639965" lon="10.772831998765469">
        <ele>920.70000000000005</ele>
      </trkpt>
      <trkpt lat="50.654417965561152" lon="10.772781958803535">
        <ele>922.60000000000002</ele>
      </trkpt>
      <trkpt lat="50.654834965243936" lon="10.772897964343429">
        <ele>925.10000000000002</ele>
      </trkpt>
      <trkpt lat="50.654963962733746" lon="10.77285697683692">
        <ele>926.5</ele>
      </trkpt>
      <trkpt lat="50.655060019344091" lon="10.772746000438929">
        <ele>928.10000000000002</ele>
      </trkpt>
      <trkpt lat="50.655090026557446" lon="10.772580960765481">
        <ele>929.60000000000002</ele>
      </trkpt>
      <trkpt lat="50.655089020729065" lon="10.772452969104052">
        <ele>930.39999999999998</ele>
      </trkpt>
      <trkpt lat="50.654976032674313" lon="10.771930022165179">
        <ele>931.79999999999995</ele>
      </trkpt>
      <trkpt lat="50.654870001599193" lon="10.771562978625298">
        <ele>932</ele>
      </trkpt>
      <trkpt lat="50.6546710152179" lon="10.771112032234669">
        <ele>933</ele>
      </trkpt>
      <trkpt lat="50.654632039368153" lon="10.770956967025995">
        <ele>933.39999999999998</ele>
      </trkpt>
      <trkpt lat="50.654630027711391" lon="10.770649015903473">
        <ele>934.10000000000002</ele>
      </trkpt>
      <trkpt lat="50.65471401438117" lon="10.770275015383959">
        <ele>934.79999999999995</ele>
      </trkpt>
      <trkpt lat="50.654903026297688" lon="10.769745027646422">
        <ele>934.89999999999998</ele>
      </trkpt>
      <trkpt lat="50.655091032385826" lon="10.769214034080505">
        <ele>934.89999999999998</ele>
      </trkpt>
      <trkpt lat="50.655210977420211" lon="10.768862999975681">
        <ele>935.89999999999998</ele>
      </trkpt>
      <trkpt lat="50.655331006273627" lon="10.768510960042477">
        <ele>936.5</ele>
      </trkpt>
      <trkpt lat="50.655419016256928" lon="10.768198985606432">
        <ele>936.60000000000002</ele>
      </trkpt>
      <trkpt lat="50.655474001541734" lon="10.767711997032166">
        <ele>935.39999999999998</ele>
      </trkpt>
      <trkpt lat="50.655498979613185" lon="10.767185026779771">
        <ele>933.29999999999995</ele>
      </trkpt>
      <trkpt lat="50.655524041503668" lon="10.766657972708344">
        <ele>931.39999999999998</ele>
      </trkpt>
      <trkpt lat="50.655549019575119" lon="10.76613100245595">
        <ele>929.89999999999998</ele>
      </trkpt>
      <trkpt lat="50.655598975718021" lon="10.765625992789865">
        <ele>930</ele>
      </trkpt>
      <trkpt lat="50.655649015679955" lon="10.765119977295399">
        <ele>930.70000000000005</ele>
      </trkpt>
      <trkpt lat="50.655698971822858" lon="10.764614967629313">
        <ele>931.70000000000005</ele>
      </trkpt>
      <trkpt lat="50.655734008178115" lon="10.764211965724826">
        <ele>932.60000000000002</ele>
      </trkpt>
      <trkpt lat="50.65576896071434" lon="10.763808963820338">
        <ele>933.20000000000005</ele>
      </trkpt>
      <trkpt lat="50.655769966542721" lon="10.763395987451077">
        <ele>933.39999999999998</ele>
      </trkpt>
      <trkpt lat="50.655770972371101" lon="10.762982005253434">
        <ele>933.10000000000002</ele>
      </trkpt>
      <trkpt lat="50.655742976814508" lon="10.762488981708884">
        <ele>931.79999999999995</ele>
      </trkpt>
      <trkpt lat="50.655714981257915" lon="10.761995036154985">
        <ele>929.79999999999995</ele>
      </trkpt>
      <trkpt lat="50.655650021508336" lon="10.761522967368364">
        <ele>927.5</ele>
      </trkpt>
      <trkpt lat="50.655584977939725" lon="10.761050982400775">
        <ele>925.10000000000002</ele>
      </trkpt>
      <trkpt lat="50.655495962128043" lon="10.760731967166066">
        <ele>923.79999999999995</ele>
      </trkpt>
      <trkpt lat="50.655341986566782" lon="10.760315973311663">
        <ele>922.79999999999995</ele>
      </trkpt>
      <trkpt lat="50.655188011005521" lon="10.759899979457259">
        <ele>922.29999999999995</ele>
      </trkpt>
      <trkpt lat="50.655064964666963" lon="10.759499995037913">
        <ele>922</ele>
      </trkpt>
      <trkpt lat="50.654942002147436" lon="10.759100010618567">
        <ele>921.79999999999995</ele>
      </trkpt>
      <trkpt lat="50.654705967754126" lon="10.75869700871408">
        <ele>922.20000000000005</ele>
      </trkpt>
      <trkpt lat="50.654470017179847" lon="10.758293000981212">
        <ele>922.70000000000005</ele>
      </trkpt>
      <trkpt lat="50.654373960569501" lon="10.757937021553516">
        <ele>922.29999999999995</ele>
      </trkpt>
      <trkpt lat="50.654290979728103" lon="10.757555980235338">
        <ele>921.5</ele>
      </trkpt>
      <trkpt lat="50.65419802442193" lon="10.757293961942196">
        <ele>921</ele>
      </trkpt>
      <trkpt lat="50.653996020555496" lon="10.756996991112828">
        <ele>921.10000000000002</ele>
      </trkpt>
      <trkpt lat="50.653795022517443" lon="10.756700020283461">
        <ele>921.10000000000002</ele>
      </trkpt>
      <trkpt lat="50.653642974793911" lon="10.756429033353925">
        <ele>920.70000000000005</ele>
      </trkpt>
      <trkpt lat="50.653491010889411" lon="10.756158968433738">
        <ele>919.89999999999998</ele>
      </trkpt>
      <trkpt lat="50.653266962617636" lon="10.755629986524582">
        <ele>917.10000000000002</ele>
      </trkpt>
      <trkpt lat="50.65318901091814" lon="10.755214998498559">
        <ele>914.89999999999998</ele>
      </trkpt>
      <trkpt lat="50.653203008696437" lon="10.754869999364018">
        <ele>914.10000000000002</ele>
      </trkpt>
      <trkpt lat="50.653334017843008" lon="10.754340011626482">
        <ele>914.5</ele>
      </trkpt>
      <trkpt lat="50.65346997231245" lon="10.753911025822163">
        <ele>915.29999999999995</ele>
      </trkpt>
      <trkpt lat="50.653655966743827" lon="10.753481034189463">
        <ele>916</ele>
      </trkpt>
      <trkpt lat="50.65383399836719" lon="10.753204012289643">
        <ele>916.10000000000002</ele>
      </trkpt>
      <trkpt lat="50.654012029990554" lon="10.752926990389824">
        <ele>916.10000000000002</ele>
      </trkpt>
      <trkpt lat="50.654290979728103" lon="10.752602024003863">
        <ele>915.89999999999998</ele>
      </trkpt>
      <trkpt lat="50.654675960540771" lon="10.752292983233929">
        <ele>915.29999999999995</ele>
      </trkpt>
      <trkpt lat="50.655061025172472" lon="10.751984026283026">
        <ele>915.10000000000002</ele>
      </trkpt>
      <trkpt lat="50.655334023758769" lon="10.751803983002901">
        <ele>915.10000000000002</ele>
      </trkpt>
      <trkpt lat="50.655607022345066" lon="10.751624023541808">
        <ele>915.5</ele>
      </trkpt>
      <trkpt lat="50.655812965705991" lon="10.751523021608591">
        <ele>915.79999999999995</ele>
      </trkpt>
      <trkpt lat="50.656204987317324" lon="10.751436017453671">
        <ele>915.79999999999995</ele>
      </trkpt>
      <trkpt lat="50.656596003100276" lon="10.75134901329875">
        <ele>916.10000000000002</ele>
      </trkpt>
      <trkpt lat="50.656907977536321" lon="10.751210041344166">
        <ele>916.89999999999998</ele>
      </trkpt>
      <trkpt lat="50.657219029963017" lon="10.751069979742169">
        <ele>917.29999999999995</ele>
      </trkpt>
      <trkpt lat="50.657529998570681" lon="10.750930001959205">
        <ele>917.5</ele>
      </trkpt>
      <trkpt lat="50.657911961898208" lon="10.750693967565894">
        <ele>918.29999999999995</ele>
      </trkpt>
      <trkpt lat="50.658179009333253" lon="10.75046899728477">
        <ele>920</ele>
      </trkpt>
      <trkpt lat="50.658445972949266" lon="10.750243021175265">
        <ele>921.39999999999998</ele>
      </trkpt>
      <trkpt lat="50.658712014555931" lon="10.750017967075109">
        <ele>922.79999999999995</ele>
      </trkpt>
      <trkpt lat="50.658981995657086" lon="10.749815041199327">
        <ele>923.20000000000005</ele>
      </trkpt>
      <trkpt lat="50.659314002841711" lon="10.749637009575963">
        <ele>922.79999999999995</ele>
      </trkpt>
      <trkpt lat="50.6596340239048" lon="10.749517986550927">
        <ele>921.89999999999998</ele>
      </trkpt>
      <trkpt lat="50.659953961148858" lon="10.749399969354272">
        <ele>920.60000000000002</ele>
      </trkpt>
      <trkpt lat="50.660184966400266" lon="10.74928698129952">
        <ele>919.89999999999998</ele>
      </trkpt>
      <trkpt lat="50.66034103743732" lon="10.749172987416387">
        <ele>919.79999999999995</ele>
      </trkpt>
      <trkpt lat="50.660527031868696" lon="10.748968971893191">
        <ele>920.29999999999995</ele>
      </trkpt>
      <trkpt lat="50.660713026300073" lon="10.748765962198377">
        <ele>920.79999999999995</ele>
      </trkpt>
      <trkpt lat="50.660906983539462" lon="10.748354997485876">
        <ele>923.20000000000005</ele>
      </trkpt>
      <trkpt lat="50.661102030426264" lon="10.747944032773376">
        <ele>924.39999999999998</ele>
      </trkpt>
      <trkpt lat="50.66131099127233" lon="10.747367022559047">
        <ele>927.20000000000005</ele>
      </trkpt>
      <trkpt lat="50.661415010690689" lon="10.747205000370741">
        <ele>928</ele>
      </trkpt>
      <trkpt lat="50.661562029272318" lon="10.747108021751046">
        <ele>927.89999999999998</ele>
      </trkpt>
      <trkpt lat="50.66191297955811" lon="10.747039960697293">
        <ele>926.29999999999995</ele>
      </trkpt>
      <trkpt lat="50.662182960659266" lon="10.746877016499639">
        <ele>926.39999999999998</ele>
      </trkpt>
      <trkpt lat="50.662317993119359" lon="10.746749024838209">
        <ele>926.79999999999995</ele>
      </trkpt>
      <trkpt lat="50.662527037784457" lon="10.746481977403164">
        <ele>927.29999999999995</ele>
      </trkpt>
      <trkpt lat="50.662737004458904" lon="10.74621400795877">
        <ele>927.10000000000002</ele>
      </trkpt>
      <trkpt lat="50.662925010547042" lon="10.746018039062619">
        <ele>926.20000000000005</ele>
      </trkpt>
      <trkpt lat="50.66311402246356" lon="10.745821986347437">
        <ele>924.89999999999998</ele>
      </trkpt>
      <trkpt lat="50.663218963891268" lon="10.745671028271317">
        <ele>924.10000000000002</ele>
      </trkpt>
      <trkpt lat="50.663341004401445" lon="10.745344972237945">
        <ele>923.5</ele>
      </trkpt>
      <trkpt lat="50.663445023819804" lon="10.744896959513426">
        <ele>923.29999999999995</ele>
      </trkpt>
      <trkpt lat="50.663532027974725" lon="10.744263958185911">
        <ele>923.79999999999995</ele>
      </trkpt>
      <trkpt lat="50.663619032129645" lon="10.743631040677428">
        <ele>923.89999999999998</ele>
      </trkpt>
      <trkpt lat="50.663706958293915" lon="10.742998039349914">
        <ele>923.60000000000002</ele>
      </trkpt>
      <trkpt lat="50.663809971883893" lon="10.742563018575311">
        <ele>922.60000000000002</ele>
      </trkpt>
      <trkpt lat="50.663912985473871" lon="10.742129003629088">
        <ele>921.60000000000002</ele>
      </trkpt>
      <trkpt lat="50.663923965767026" lon="10.74176799505949">
        <ele>922.20000000000005</ele>
      </trkpt>
      <trkpt lat="50.66384500823915" lon="10.74127203784883">
        <ele>924.79999999999995</ele>
      </trkpt>
      <trkpt lat="50.663766972720623" lon="10.740777002647519">
        <ele>927.79999999999995</ele>
      </trkpt>
      <trkpt lat="50.663793962448835" lon="10.740593019872904">
        <ele>928</ele>
      </trkpt>
      <trkpt lat="50.663878032937646" lon="10.740453964099288">
        <ele>927.20000000000005</ele>
      </trkpt>
      <trkpt lat="50.664256978780031" lon="10.740135032683611">
        <ele>923</ele>
      </trkpt>
      <trkpt lat="50.66442403011024" lon="10.739830015227199">
        <ele>922.10000000000002</ele>
      </trkpt>
      <trkpt lat="50.664590997621417" lon="10.739523991942406">
        <ele>921.89999999999998</ele>
      </trkpt>
      <trkpt lat="50.664785960689187" lon="10.73923397809267">
        <ele>921.89999999999998</ele>
      </trkpt>
      <trkpt lat="50.665096007287502" lon="10.738934995606542">
        <ele>921.60000000000002</ele>
      </trkpt>
      <trkpt lat="50.665448969230056" lon="10.738669959828258">
        <ele>921.39999999999998</ele>
      </trkpt>
      <trkpt lat="50.66580100916326" lon="10.738404002040625">
        <ele>921.60000000000002</ele>
      </trkpt>
      <trkpt lat="50.666106026619673" lon="10.738018015399575">
        <ele>922.20000000000005</ele>
      </trkpt>
      <trkpt lat="50.666285986080766" lon="10.737737976014614">
        <ele>922.10000000000002</ele>
      </trkpt>
      <trkpt lat="50.666467035189271" lon="10.737457014620304">
        <ele>921.79999999999995</ele>
      </trkpt>
      <trkpt lat="50.666790995746851" lon="10.737025011330843">
        <ele>920.70000000000005</ele>
      </trkpt>
      <trkpt lat="50.667048990726471" lon="10.736789982765913">
        <ele>919.60000000000002</ele>
      </trkpt>
      <trkpt lat="50.667286030948162" lon="10.736666014418006">
        <ele>918.39999999999998</ele>
      </trkpt>
      <trkpt lat="50.667704036459327" lon="10.736514972522855">
        <ele>915.89999999999998</ele>
      </trkpt>
      <trkpt lat="50.668010981753469" lon="10.736454958096147">
        <ele>913.89999999999998</ele>
      </trkpt>
      <trkpt lat="50.668318010866642" lon="10.73639502748847">
        <ele>911.60000000000002</ele>
      </trkpt>
      <trkpt lat="50.668625039979815" lon="10.736336018890142">
        <ele>909.39999999999998</ele>
      </trkpt>
      <trkpt lat="50.668896026909351" lon="10.736306011676788">
        <ele>907.70000000000005</ele>
      </trkpt>
      <trkpt lat="50.669167013838887" lon="10.736274998635054">
        <ele>906.10000000000002</ele>
      </trkpt>
      <trkpt lat="50.669473959133029" lon="10.736290002241731">
        <ele>904.89999999999998</ele>
      </trkpt>
      <trkpt lat="50.669779982417822" lon="10.736304000020027">
        <ele>903.89999999999998</ele>
      </trkpt>
      <trkpt lat="50.670087011530995" lon="10.736319003626704">
        <ele>903</ele>
      </trkpt>
      <trkpt lat="50.670365961268544" lon="10.736240968108177">
        <ele>901.60000000000002</ele>
      </trkpt>
      <trkpt lat="50.670643988996744" lon="10.736162010580301">
        <ele>900.29999999999995</ele>
      </trkpt>
      <trkpt lat="50.670959986746311" lon="10.736035024747252">
        <ele>898.60000000000002</ele>
      </trkpt>
      <trkpt lat="50.671275984495878" lon="10.735907033085823">
        <ele>896.70000000000005</ele>
      </trkpt>
      <trkpt lat="50.671655014157295" lon="10.735692959278822">
        <ele>893.39999999999998</ele>
      </trkpt>
      <trkpt lat="50.672033959999681" lon="10.735478969290853">
        <ele>890.10000000000002</ele>
      </trkpt>
      <trkpt lat="50.672412989661098" lon="10.735263973474503">
        <ele>887.70000000000005</ele>
      </trkpt>
      <trkpt lat="50.672792019322515" lon="10.735049983486533">
        <ele>886.20000000000005</ele>
      </trkpt>
      <trkpt lat="50.673173982650042" lon="10.73476298712194">
        <ele>885</ele>
      </trkpt>
      <trkpt lat="50.673402976244688" lon="10.734510021284223">
        <ele>883.89999999999998</ele>
      </trkpt>
      <trkpt lat="50.673632975667715" lon="10.734256971627474">
        <ele>883.39999999999998</ele>
      </trkpt>
      <trkpt lat="50.673905974254012" lon="10.733896968886256">
        <ele>882.79999999999995</ele>
      </trkpt>
      <trkpt lat="50.674000019207597" lon="10.733736036345363">
        <ele>882.29999999999995</ele>
      </trkpt>
      <trkpt lat="50.67415801808238" lon="10.7333679869771">
        <ele>880.39999999999998</ele>
      </trkpt>
      <trkpt lat="50.674301013350487" lon="10.733045032247901">
        <ele>879.70000000000005</ele>
      </trkpt>
      <trkpt lat="50.674444008618593" lon="10.73272199369967">
        <ele>880</ele>
      </trkpt>
      <trkpt lat="50.674589015543461" lon="10.732454024255276">
        <ele>880.39999999999998</ele>
      </trkpt>
      <trkpt lat="50.674711978062987" lon="10.732284961268306">
        <ele>880.60000000000002</ele>
      </trkpt>
      <trkpt lat="50.674991011619568" lon="10.73201498016715">
        <ele>880.39999999999998</ele>
      </trkpt>
      <trkpt lat="50.6752950232476" lon="10.731796966865659">
        <ele>879.60000000000002</ele>
      </trkpt>
      <trkpt lat="50.675599034875631" lon="10.731579959392548">
        <ele>878.39999999999998</ele>
      </trkpt>
      <trkpt lat="50.675936993211508" lon="10.731245018541813">
        <ele>875.70000000000005</ele>
      </trkpt>
      <trkpt lat="50.676276041194797" lon="10.730910999700427">
        <ele>873</ele>
      </trkpt>
      <trkpt lat="50.676515009254217" lon="10.730757024139166">
        <ele>871.79999999999995</ele>
      </trkpt>
      <trkpt lat="50.676626991480589" lon="10.730753000825644">
        <ele>871.89999999999998</ele>
      </trkpt>
      <trkpt lat="50.676774010062218" lon="10.730833970010281">
        <ele>872.5</ele>
      </trkpt>
      <trkpt lat="50.677115991711617" lon="10.73119699023664">
        <ele>873.70000000000005</ele>
      </trkpt>
      <trkpt lat="50.677383039146662" lon="10.731421038508415">
        <ele>872.89999999999998</ele>
      </trkpt>
      <trkpt lat="50.677715968340635" lon="10.731585994362831">
        <ele>870.70000000000005</ele>
      </trkpt>
      <trkpt lat="50.67804797552526" lon="10.731750028207898">
        <ele>868.20000000000005</ele>
      </trkpt>
      <trkpt lat="50.678380988538265" lon="10.731914984062314">
        <ele>865.5</ele>
      </trkpt>
      <trkpt lat="50.67871400155127" lon="10.732080023735762">
        <ele>862.70000000000005</ele>
      </trkpt>
      <trkpt lat="50.679085990414023" lon="10.732232993468642">
        <ele>859.20000000000005</ele>
      </trkpt>
      <trkpt lat="50.679267961531878" lon="10.73225000873208">
        <ele>857.39999999999998</ele>
      </trkpt>
      <trkpt lat="50.679621007293463" lon="10.732214972376823">
        <ele>853.89999999999998</ele>
      </trkpt>
      <trkpt lat="50.679812030866742" lon="10.732199968770146">
        <ele>852.10000000000002</ele>
      </trkpt>
      <trkpt lat="50.680164992809296" lon="10.732159987092018">
        <ele>849.89999999999998</ele>
      </trkpt>
      <trkpt lat="50.680429022759199" lon="10.732130985707045">
        <ele>849.89999999999998</ele>
      </trkpt>
      <trkpt lat="50.680693974718451" lon="10.732101984322071">
        <ele>851</ele>
      </trkpt>
      <trkpt lat="50.680935960263014" lon="10.732089998200536">
        <ele>852.20000000000005</ele>
      </trkpt>
      <trkpt lat="50.681177023798227" lon="10.732078012079">
        <ele>853.5</ele>
      </trkpt>
      <trkpt lat="50.681451028212905" lon="10.73216300457716">
        <ele>854.60000000000002</ele>
      </trkpt>
      <trkpt lat="50.681605003774166" lon="10.732297031208873">
        <ele>855</ele>
      </trkpt>
      <trkpt lat="50.681803990155458" lon="10.7326789945364">
        <ele>855.39999999999998</ele>
      </trkpt>
      <trkpt lat="50.682003982365131" lon="10.733060035854578">
        <ele>855.70000000000005</ele>
      </trkpt>
      <trkpt lat="50.682243034243584" lon="10.733350971713662">
        <ele>855.20000000000005</ele>
      </trkpt>
      <trkpt lat="50.682634972035885" lon="10.733654983341694">
        <ele>854</ele>
      </trkpt>
      <trkpt lat="50.682998998090625" lon="10.73383703827858">
        <ele>853.20000000000005</ele>
      </trkpt>
      <trkpt lat="50.683363024145365" lon="10.734020015224814">
        <ele>852</ele>
      </trkpt>
      <trkpt lat="50.683726966381073" lon="10.734201986342669">
        <ele>850.39999999999998</ele>
      </trkpt>
      <trkpt lat="50.684090992435813" lon="10.734384963288903">
        <ele>849.20000000000005</ele>
      </trkpt>
      <trkpt lat="50.684455018490553" lon="10.734567018225789">
        <ele>848.29999999999995</ele>
      </trkpt>
      <trkpt lat="50.684886015951633" lon="10.734628038480878">
        <ele>848.89999999999998</ele>
      </trkpt>
      <trkpt lat="50.685126995667815" lon="10.734595013782382">
        <ele>849.60000000000002</ele>
      </trkpt>
      <trkpt lat="50.685366969555616" lon="10.734560983255506">
        <ele>849.89999999999998</ele>
      </trkpt>
      <trkpt lat="50.685726972296834" lon="10.734464004635811">
        <ele>849.89999999999998</ele>
      </trkpt>
      <trkpt lat="50.686044981703162" lon="10.73433400131762">
        <ele>849.20000000000005</ele>
      </trkpt>
      <trkpt lat="50.686199041083455" lon="10.734237022697926">
        <ele>848.79999999999995</ele>
      </trkpt>
      <trkpt lat="50.686290990561247" lon="10.734178014099598">
        <ele>848.39999999999998</ele>
      </trkpt>
      <trkpt lat="50.686579998582602" lon="10.733899986371398">
        <ele>848</ele>
      </trkpt>
      <trkpt lat="50.686869006603956" lon="10.733621958643198">
        <ele>847.10000000000002</ele>
      </trkpt>
      <trkpt lat="50.687064975500107" lon="10.733385002240539">
        <ele>847</ele>
      </trkpt>
      <trkpt lat="50.687260022386909" lon="10.733147040009499">
        <ele>846.89999999999998</ele>
      </trkpt>
      <trkpt lat="50.687467977404594" lon="10.732858031988144">
        <ele>847</ele>
      </trkpt>
      <trkpt lat="50.687675010412931" lon="10.732569023966789">
        <ele>846.60000000000002</ele>
      </trkpt>
      <trkpt lat="50.687764026224613" lon="10.732407001778483">
        <ele>846.60000000000002</ele>
      </trkpt>
      <trkpt lat="50.687938034534454" lon="10.731944991275668">
        <ele>847.39999999999998</ele>
      </trkpt>
      <trkpt lat="50.688112964853644" lon="10.731482980772853">
        <ele>848.20000000000005</ele>
      </trkpt>
      <trkpt lat="50.688286973163486" lon="10.731020970270038">
        <ele>849.20000000000005</ele>
      </trkpt>
      <trkpt lat="50.688498029485345" lon="10.730714024975896">
        <ele>849.10000000000002</ele>
      </trkpt>
      <trkpt lat="50.688711013644934" lon="10.730542028322816">
        <ele>848.10000000000002</ele>
      </trkpt>
      <trkpt lat="50.688922991976142" lon="10.730370031669736">
        <ele>847.20000000000005</ele>
      </trkpt>
      <trkpt lat="50.6890460383147" lon="10.730237010866404">
        <ele>846.79999999999995</ele>
      </trkpt>
      <trkpt lat="50.68924100138247" lon="10.729908021166921">
        <ele>846.5</ele>
      </trkpt>
      <trkpt lat="50.689377961680293" lon="10.729591017588973">
        <ele>846.10000000000002</ele>
      </trkpt>
      <trkpt lat="50.689516011625528" lon="10.729274014011025">
        <ele>845.89999999999998</ele>
      </trkpt>
      <trkpt lat="50.689615001901984" lon="10.729101011529565">
        <ele>845.79999999999995</ele>
      </trkpt>
      <trkpt lat="50.689838966354728" lon="10.728777972981334">
        <ele>846</ele>
      </trkpt>
      <trkpt lat="50.690073994919658" lon="10.728528024628758">
        <ele>846.29999999999995</ele>
      </trkpt>
      <trkpt lat="50.690206009894609" lon="10.728518972173333">
        <ele>845.60000000000002</ele>
      </trkpt>
      <trkpt lat="50.690298965200782" lon="10.728574963286519">
        <ele>844.60000000000002</ele>
      </trkpt>
      <trkpt lat="50.690531982108951" lon="10.729013001546264">
        <ele>840.39999999999998</ele>
      </trkpt>
      <trkpt lat="50.690763993188739" lon="10.729451039806008">
        <ele>838.29999999999995</ele>
      </trkpt>
      <trkpt lat="50.690949987620115" lon="10.729696964845061">
        <ele>836.89999999999998</ele>
      </trkpt>
      <trkpt lat="50.691219968721271" lon="10.729954037815332">
        <ele>834.70000000000005</ele>
      </trkpt>
      <trkpt lat="50.691413003951311" lon="10.730043975636363">
        <ele>833.29999999999995</ele>
      </trkpt>
      <trkpt lat="50.691687008365989" lon="10.730003993958235">
        <ele>831.70000000000005</ele>
      </trkpt>
      <trkpt lat="50.691795973107219" lon="10.72992998175323">
        <ele>831.20000000000005</ele>
      </trkpt>
      <trkpt lat="50.692044999450445" lon="10.729646002873778">
        <ele>830.39999999999998</ele>
      </trkpt>
      <trkpt lat="50.692116999998689" lon="10.729539971798658">
        <ele>830.29999999999995</ele>
      </trkpt>
      <trkpt lat="50.692130997776985" lon="10.72952002286911">
        <ele>830.29999999999995</ele>
      </trkpt>
      <trkpt lat="50.692158993333578" lon="10.729465037584305">
        <ele>830.29999999999995</ele>
      </trkpt>
      <trkpt lat="50.69218598306179" lon="10.729407034814358">
        <ele>830.39999999999998</ele>
      </trkpt>
      <trkpt lat="50.692196041345596" lon="10.729384990409017">
        <ele>830.39999999999998</ele>
      </trkpt>
      <trkpt lat="50.692397961392999" lon="10.7290059607476">
        <ele>830.29999999999995</ele>
      </trkpt>
      <trkpt lat="50.692600971087813" lon="10.728530958294868">
        <ele>830</ele>
      </trkpt>
      <trkpt lat="50.692809009924531" lon="10.727970963343978">
        <ele>829.5</ele>
      </trkpt>
      <trkpt lat="50.692947981879115" lon="10.727463020011783">
        <ele>829.39999999999998</ele>
      </trkpt>
      <trkpt lat="50.693009002134204" lon="10.726961027830839">
        <ele>829.60000000000002</ele>
      </trkpt>
      <trkpt lat="50.693012019619346" lon="10.726615022867918">
        <ele>829.89999999999998</ele>
      </trkpt>
      <trkpt lat="50.692964997142553" lon="10.726202968508005">
        <ele>830.39999999999998</ele>
      </trkpt>
      <trkpt lat="50.692874975502491" lon="10.725568039342761">
        <ele>831.5</ele>
      </trkpt>
      <trkpt lat="50.692872041836381" lon="10.725406017154455">
        <ele>831.70000000000005</ele>
      </trkpt>
      <trkpt lat="50.692904982715845" lon="10.725152967497706">
        <ele>831.60000000000002</ele>
      </trkpt>
      <trkpt lat="50.693063987419009" lon="10.724563971161842">
        <ele>830.89999999999998</ele>
      </trkpt>
      <trkpt lat="50.693223997950554" lon="10.723973968997598">
        <ele>830.70000000000005</ele>
      </trkpt>
      <trkpt lat="50.693383002653718" lon="10.723383966833353">
        <ele>830.60000000000002</ele>
      </trkpt>
      <trkpt lat="50.693543013185263" lon="10.722793964669108">
        <ele>830.20000000000005</ele>
      </trkpt>
      <trkpt lat="50.693663964048028" lon="10.72245298884809">
        <ele>829.5</ele>
      </trkpt>
      <trkpt lat="50.693872002884746" lon="10.722121987491846">
        <ele>827.39999999999998</ele>
      </trkpt>
      <trkpt lat="50.693765971809626" lon="10.721906991675496">
        <ele>828.79999999999995</ele>
      </trkpt>
      <trkpt lat="50.693738982081413" lon="10.721800038591027">
        <ele>829.10000000000002</ele>
      </trkpt>
      <trkpt lat="50.693740993738174" lon="10.721672968938947">
        <ele>829.10000000000002</ele>
      </trkpt>
      <trkpt lat="50.693797990679741" lon="10.72112001478672">
        <ele>827.79999999999995</ele>
      </trkpt>
      <trkpt lat="50.693894969299436" lon="10.720661021769047">
        <ele>826</ele>
      </trkpt>
      <trkpt lat="50.693964036181569" lon="10.720471004024148">
        <ele>825.5</ele>
      </trkpt>
      <trkpt lat="50.694082975387573" lon="10.720251984894276">
        <ele>825.5</ele>
      </trkpt>
      <trkpt lat="50.694293025881052" lon="10.720447031781077">
        <ele>824.5</ele>
      </trkpt>
      <trkpt lat="50.694502992555499" lon="10.720641994848847">
        <ele>823.60000000000002</ele>
      </trkpt>
      <trkpt lat="50.694796023890376" lon="10.721022030338645">
        <ele>821.60000000000002</ele>
      </trkpt>
      <trkpt lat="50.695088971406221" lon="10.721402987837791">
        <ele>819.60000000000002</ele>
      </trkpt>
      <trkpt lat="50.695382002741098" lon="10.721783023327589">
        <ele>817.20000000000005</ele>
      </trkpt>
      <trkpt lat="50.695501025766134" lon="10.72204202413559">
        <ele>815.5</ele>
      </trkpt>
      <trkpt lat="50.695671010762453" lon="10.722153000533581">
        <ele>814.70000000000005</ele>
      </trkpt>
      <trkpt lat="50.69570504128933" lon="10.722191976383328">
        <ele>814.5</ele>
      </trkpt>
      <trkpt lat="50.695718033239245" lon="10.722260037437081">
        <ele>814.10000000000002</ele>
      </trkpt>
      <trkpt lat="50.695734964683652" lon="10.722349975258112">
        <ele>813.5</ele>
      </trkpt>
      <trkpt lat="50.695745022967458" lon="10.722434967756271">
        <ele>813</ele>
      </trkpt>
      <trkpt lat="50.695782992988825" lon="10.722519038245082">
        <ele>812.39999999999998</ele>
      </trkpt>
      <trkpt lat="50.695890029892325" lon="10.722560025751591">
        <ele>812</ele>
      </trkpt>
      <trkpt lat="50.696163028478622" lon="10.722648035734892">
        <ele>811.20000000000005</ele>
      </trkpt>
      <trkpt lat="50.696518002077937" lon="10.722781978547573">
        <ele>810.20000000000005</ele>
      </trkpt>
      <trkpt lat="50.696596037596464" lon="10.722749959677458">
        <ele>810.5</ele>
      </trkpt>
      <trkpt lat="50.696941036731005" lon="10.722891027107835">
        <ele>810.20000000000005</ele>
      </trkpt>
      <trkpt lat="50.697286035865545" lon="10.7230310048908">
        <ele>810.10000000000002</ele>
      </trkpt>
      <trkpt lat="50.697545958682895" lon="10.723060006275773">
        <ele>810.60000000000002</ele>
      </trkpt>
      <trkpt lat="50.697934040799737" lon="10.723220016807318">
        <ele>810.5</ele>
      </trkpt>
      <trkpt lat="50.698322039097548" lon="10.723381033167243">
        <ele>810.39999999999998</ele>
      </trkpt>
      <trkpt lat="50.6985869910568" lon="10.723498966544867">
        <ele>810.20000000000005</ele>
      </trkpt>
      <trkpt lat="50.698791006579995" lon="10.723637016490102">
        <ele>809.79999999999995</ele>
      </trkpt>
      <trkpt lat="50.698999967426062" lon="10.723705999553204">
        <ele>810.10000000000002</ele>
      </trkpt>
      <trkpt lat="50.699185039848089" lon="10.723854023963213">
        <ele>809.89999999999998</ele>
      </trkpt>
      <trkpt lat="50.699380002915859" lon="10.723973968997598">
        <ele>810.10000000000002</ele>
      </trkpt>
      <trkpt lat="50.699628023430705" lon="10.724203968420625">
        <ele>810.29999999999995</ele>
      </trkpt>
      <trkpt lat="50.6998769659549" lon="10.724462969228625">
        <ele>810.20000000000005</ele>
      </trkpt>
      <trkpt lat="50.700223976746202" lon="10.724908970296383">
        <ele>808.70000000000005</ele>
      </trkpt>
      <trkpt lat="50.700384993106127" lon="10.724975019693375">
        <ele>809.20000000000005</ele>
      </trkpt>
      <trkpt lat="50.700538968667388" lon="10.724890027195215">
        <ele>810.39999999999998</ele>
      </trkpt>
      <trkpt lat="50.700678024441004" lon="10.724731022492051">
        <ele>809.89999999999998</ele>
      </trkpt>
      <trkpt lat="50.700830994173884" lon="10.724599007517099">
        <ele>810.70000000000005</ele>
      </trkpt>
      <trkpt lat="50.700958985835314" lon="10.724613005295396">
        <ele>810.79999999999995</ele>
      </trkpt>
      <trkpt lat="50.701051019132137" lon="10.724681988358498">
        <ele>811</ele>
      </trkpt>
      <trkpt lat="50.701125031337142" lon="10.724787013605237">
        <ele>811.20000000000005</ele>
      </trkpt>
      <trkpt lat="50.701381014660001" lon="10.725091025233269">
        <ele>811.79999999999995</ele>
      </trkpt>
      <trkpt lat="50.70163699798286" lon="10.7253950368613">
        <ele>813.20000000000005</ele>
      </trkpt>
      <trkpt lat="50.701892981305718" lon="10.7256989646703">
        <ele>814.79999999999995</ele>
      </trkpt>
      <trkpt lat="50.702092973515391" lon="10.725981015712023">
        <ele>815.70000000000005</ele>
      </trkpt>
      <trkpt lat="50.702292965725064" lon="10.726262982934713">
        <ele>816.29999999999995</ele>
      </trkpt>
      <trkpt lat="50.702529000118375" lon="10.726624997332692">
        <ele>816.79999999999995</ele>
      </trkpt>
      <trkpt lat="50.702766040340066" lon="10.72698600590229">
        <ele>817.5</ele>
      </trkpt>
      <trkpt lat="50.702877016738057" lon="10.727142998948693">
        <ele>817.79999999999995</ele>
      </trkpt>
      <trkpt lat="50.702908029779792" lon="10.727227991446853">
        <ele>817.79999999999995</ele>
      </trkpt>
      <trkpt lat="50.703159989789128" lon="10.727378027513623">
        <ele>818.29999999999995</ele>
      </trkpt>
      <trkpt lat="50.70329200476408" lon="10.727413985878229">
        <ele>818.39999999999998</ele>
      </trkpt>
      <trkpt lat="50.703584030270576" lon="10.727405017241836">
        <ele>817.79999999999995</ele>
      </trkpt>
      <trkpt lat="50.703874966129661" lon="10.72739495895803">
        <ele>815.79999999999995</ele>
      </trkpt>
      <trkpt lat="50.704102031886578" lon="10.727355983108282">
        <ele>813.89999999999998</ele>
      </trkpt>
      <trkpt lat="50.704329013824463" lon="10.727318013086915">
        <ele>811.79999999999995</ele>
      </trkpt>
      <trkpt lat="50.704474020749331" lon="10.727207958698273">
        <ele>810.70000000000005</ele>
      </trkpt>
      <trkpt lat="50.704659009352326" lon="10.726851979270577">
        <ele>809.79999999999995</ele>
      </trkpt>
      <trkpt lat="50.704886997118592" lon="10.726412013173103">
        <ele>809</ele>
      </trkpt>
      <trkpt lat="50.704982969909906" lon="10.726216966286302">
        <ele>808.70000000000005</ele>
      </trkpt>
      <trkpt lat="50.705259991809726" lon="10.725671974942088">
        <ele>807.39999999999998</ele>
      </trkpt>
      <trkpt lat="50.705536007881165" lon="10.725127989426255">
        <ele>805.79999999999995</ele>
      </trkpt>
      <trkpt lat="50.70557196624577" lon="10.72509597055614">
        <ele>805.60000000000002</ele>
      </trkpt>
      <trkpt lat="50.705671040341258" lon="10.72509303689003">
        <ele>804.89999999999998</ele>
      </trkpt>
      <trkpt lat="50.705765001475811" lon="10.724709983915091">
        <ele>805.10000000000002</ele>
      </trkpt>
      <trkpt lat="50.705854017287493" lon="10.724449977278709">
        <ele>805.10000000000002</ele>
      </trkpt>
      <trkpt lat="50.706045962870121" lon="10.724130040034652">
        <ele>804.60000000000002</ele>
      </trkpt>
      <trkpt lat="50.706114023923874" lon="10.723900962620974">
        <ele>804.70000000000005</ele>
      </trkpt>
      <trkpt lat="50.706123998388648" lon="10.723684960976243">
        <ele>805.29999999999995</ele>
      </trkpt>
      <trkpt lat="50.706050992012024" lon="10.723229991272092">
        <ele>807.5</ele>
      </trkpt>
      <trkpt lat="50.705945966765285" lon="10.722921034321189">
        <ele>809.5</ele>
      </trkpt>
      <trkpt lat="50.705843959003687" lon="10.722711989656091">
        <ele>811.20000000000005</ele>
      </trkpt>
      <trkpt lat="50.705700041726232" lon="10.722510991618037">
        <ele>812.89999999999998</ele>
      </trkpt>
      <trkpt lat="50.705484040081501" lon="10.722304964438081">
        <ele>815.5</ele>
      </trkpt>
      <trkpt lat="50.705213975161314" lon="10.722201028838754">
        <ele>818.29999999999995</ele>
      </trkpt>
      <trkpt lat="50.704943994060159" lon="10.722097009420395">
        <ele>820.70000000000005</ele>
      </trkpt>
      <trkpt lat="50.704593965783715" lon="10.721782017499208">
        <ele>824.20000000000005</ele>
      </trkpt>
      <trkpt lat="50.704374024644494" lon="10.721282036975026">
        <ele>825.70000000000005</ele>
      </trkpt>
      <trkpt lat="50.704207979142666" lon="10.720718018710613">
        <ele>827.39999999999998</ele>
      </trkpt>
      <trkpt lat="50.704163974151015" lon="10.720508974045515">
        <ele>828.10000000000002</ele>
      </trkpt>
      <trkpt lat="50.704190963879228" lon="10.720036989077926">
        <ele>828.5</ele>
      </trkpt>
      <trkpt lat="50.704337982460856" lon="10.719409016892314">
        <ele>828.79999999999995</ele>
      </trkpt>
      <trkpt lat="50.704483995214105" lon="10.718780038878322">
        <ele>829.60000000000002</ele>
      </trkpt>
      <trkpt lat="50.704630007967353" lon="10.718151982873678">
        <ele>829.70000000000005</ele>
      </trkpt>
      <trkpt lat="50.704750958830118" lon="10.717636998742819">
        <ele>829.20000000000005</ele>
      </trkpt>
      <trkpt lat="50.704870987683535" lon="10.71712302044034">
        <ele>827.60000000000002</ele>
      </trkpt>
      <trkpt lat="50.705008031800389" lon="10.716485995799303">
        <ele>825.79999999999995</ele>
      </trkpt>
      <trkpt lat="50.705083971843123" lon="10.715969000011683">
        <ele>824.89999999999998</ele>
      </trkpt>
      <trkpt lat="50.705110039561987" lon="10.715587958693504">
        <ele>824.89999999999998</ele>
      </trkpt>
      <trkpt lat="50.70509604178369" lon="10.715183028951287">
        <ele>825.70000000000005</ele>
      </trkpt>
      <trkpt lat="50.705083971843123" lon="10.714523959904909">
        <ele>826.70000000000005</ele>
      </trkpt>
      <trkpt lat="50.705071985721588" lon="10.713864974677563">
        <ele>827.5</ele>
      </trkpt>
      <trkpt lat="50.705093024298549" lon="10.713745029643178">
        <ele>827.39999999999998</ele>
      </trkpt>
      <trkpt lat="50.70513904094696" lon="10.713485023006797">
        <ele>827.20000000000005</ele>
      </trkpt>
      <trkpt lat="50.705257980152965" lon="10.713183023035526">
        <ele>827</ele>
      </trkpt>
      <trkpt lat="50.705377003178" lon="10.712999040260911">
        <ele>827.39999999999998</ele>
      </trkpt>
      <trkpt lat="50.7055289670825" lon="10.712853027507663">
        <ele>827.89999999999998</ele>
      </trkpt>
      <trkpt lat="50.705623012036085" lon="10.712802987545729">
        <ele>828</ele>
      </trkpt>
      <trkpt lat="50.70593498647213" lon="10.712748002260923">
        <ele>827.5</ele>
      </trkpt>
      <trkpt lat="50.706247966736555" lon="10.712694022804499">
        <ele>826.89999999999998</ele>
      </trkpt>
      <trkpt lat="50.706417029723525" lon="10.712637025862932">
        <ele>826.79999999999995</ele>
      </trkpt>
      <trkpt lat="50.706675024703145" lon="10.712495958432555">
        <ele>826.70000000000005</ele>
      </trkpt>
      <trkpt lat="50.706675024703145" lon="10.712495036423206">
        <ele>826.70000000000005</ele>
      </trkpt>
      <trkpt lat="50.706936037167907" lon="10.712276017293334">
        <ele>826.89999999999998</ele>
      </trkpt>
      <trkpt lat="50.70717902854085" lon="10.711998995393515">
        <ele>827.29999999999995</ele>
      </trkpt>
      <trkpt lat="50.707465019077063" lon="10.711586019024253">
        <ele>827.89999999999998</ele>
      </trkpt>
      <trkpt lat="50.707613965496421" lon="10.711310002952814">
        <ele>828.5</ele>
      </trkpt>
      <trkpt lat="50.707859974354506" lon="10.710788983851671">
        <ele>829.60000000000002</ele>
      </trkpt>
      <trkpt lat="50.70810598321259" lon="10.710268970578909">
        <ele>830.29999999999995</ele>
      </trkpt>
      <trkpt lat="50.708262976258993" lon="10.709907962009311">
        <ele>830.79999999999995</ele>
      </trkpt>
      <trkpt lat="50.708420975133777" lon="10.709546031430364">
        <ele>831.29999999999995</ele>
      </trkpt>
      <trkpt lat="50.708603030070662" lon="10.709001962095499">
        <ele>832.60000000000002</ele>
      </trkpt>
      <trkpt lat="50.708783995360136" lon="10.708457976579666">
        <ele>833.29999999999995</ele>
      </trkpt>
      <trkpt lat="50.708835041150451" lon="10.708281034603715">
        <ele>833.60000000000002</ele>
      </trkpt>
      <trkpt lat="50.70891902782023" lon="10.707935029640794">
        <ele>834</ele>
      </trkpt>
      <trkpt lat="50.709002008661628" lon="10.707590030506253">
        <ele>834</ele>
      </trkpt>
      <trkpt lat="50.709075015038252" lon="10.707123996689916">
        <ele>834.10000000000002</ele>
      </trkpt>
      <trkpt lat="50.709148021414876" lon="10.706657962873578">
        <ele>833.60000000000002</ele>
      </trkpt>
      <trkpt lat="50.709184985607862" lon="10.706369960680604">
        <ele>833.10000000000002</ele>
      </trkpt>
      <trkpt lat="50.709211975336075" lon="10.706107020378113">
        <ele>832.29999999999995</ele>
      </trkpt>
      <trkpt lat="50.709188003093004" lon="10.705741988494992">
        <ele>831.5</ele>
      </trkpt>
      <trkpt lat="50.709093036130071" lon="10.705445017665625">
        <ele>831.39999999999998</ele>
      </trkpt>
      <trkpt lat="50.708854990079999" lon="10.704914024099708">
        <ele>831.70000000000005</ele>
      </trkpt>
      <trkpt lat="50.70861903950572" lon="10.704368026927114">
        <ele>831.20000000000005</ele>
      </trkpt>
      <trkpt lat="50.70838401094079" lon="10.703822029754519">
        <ele>830.70000000000005</ele>
      </trkpt>
      <trkpt lat="50.708226012066007" lon="10.703435037285089">
        <ele>830.60000000000002</ele>
      </trkpt>
      <trkpt lat="50.708068013191223" lon="10.703048966825008">
        <ele>830.89999999999998</ele>
      </trkpt>
      <trkpt lat="50.707961982116103" lon="10.702478997409344">
        <ele>830</ele>
      </trkpt>
      <trkpt lat="50.707855029031634" lon="10.70191003382206">
        <ele>829.70000000000005</ele>
      </trkpt>
      <trkpt lat="50.707748997956514" lon="10.701340986415744">
        <ele>829.89999999999998</ele>
      </trkpt>
      <trkpt lat="50.707642966881394" lon="10.700771017000079">
        <ele>830.5</ele>
      </trkpt>
      <trkpt lat="50.707536013796926" lon="10.700201969593763">
        <ele>831.29999999999995</ele>
      </trkpt>
      <trkpt lat="50.707463007420301" lon="10.699725039303303">
        <ele>831.79999999999995</ele>
      </trkpt>
      <trkpt lat="50.707390001043677" lon="10.699249031022191">
        <ele>832.10000000000002</ele>
      </trkpt>
      <trkpt lat="50.70728799328208" lon="10.698827002197504">
        <ele>832.39999999999998</ele>
      </trkpt>
      <trkpt lat="50.707169976085424" lon="10.698426011949778">
        <ele>832.89999999999998</ele>
      </trkpt>
      <trkpt lat="50.70705103687942" lon="10.698026027530432">
        <ele>833.39999999999998</ele>
      </trkpt>
      <trkpt lat="50.706969983875751" lon="10.69767901673913">
        <ele>833.60000000000002</ele>
      </trkpt>
      <trkpt lat="50.706890020519495" lon="10.697332005947828">
        <ele>833.89999999999998</ele>
      </trkpt>
      <trkpt lat="50.706760017201304" lon="10.696734040975571">
        <ele>835.20000000000005</ele>
      </trkpt>
      <trkpt lat="50.706630013883114" lon="10.696136998012662">
        <ele>835.39999999999998</ele>
      </trkpt>
      <trkpt lat="50.706500010564923" lon="10.695539033040404">
        <ele>835</ele>
      </trkpt>
      <trkpt lat="50.706318961456418" lon="10.694936038926244">
        <ele>836.20000000000005</ele>
      </trkpt>
      <trkpt lat="50.706317033618689" lon="10.694926986470819">
        <ele>836.20000000000005</ele>
      </trkpt>
      <trkpt lat="50.706188036128879" lon="10.694645019248128">
        <ele>836.79999999999995</ele>
      </trkpt>
      <trkpt lat="50.705967005342245" lon="10.694301025941968">
        <ele>837</ele>
      </trkpt>
      <trkpt lat="50.705746980383992" lon="10.694062979891896">
        <ele>836.79999999999995</ele>
      </trkpt>
      <trkpt lat="50.705671962350607" lon="10.69398301653564">
        <ele>836.60000000000002</ele>
      </trkpt>
      <trkpt lat="50.705801965668797" lon="10.693440036848187">
        <ele>837.20000000000005</ele>
      </trkpt>
      <trkpt lat="50.705931968986988" lon="10.692895967513323">
        <ele>838.79999999999995</ele>
      </trkpt>
      <trkpt lat="50.706062978133559" lon="10.69235198199749">
        <ele>840.29999999999995</ele>
      </trkpt>
      <trkpt lat="50.706241009756923" lon="10.692629003897309">
        <ele>839.10000000000002</ele>
      </trkpt>
      <trkpt lat="50.706453993916512" lon="10.692942989990115">
        <ele>837.39999999999998</ele>
      </trkpt>
      <trkpt lat="50.70655801333487" lon="10.692576030269265">
        <ele>836.89999999999998</ele>
      </trkpt>
      <trkpt lat="50.70666303858161" lon="10.692208986729383">
        <ele>837.39999999999998</ele>
      </trkpt>
      <trkpt lat="50.706764040514827" lon="10.691847978159785">
        <ele>839.20000000000005</ele>
      </trkpt>
      <trkpt lat="50.706991022452712" lon="10.691467020660639">
        <ele>840.20000000000005</ele>
      </trkpt>
      <trkpt lat="50.707218004390597" lon="10.691086985170841">
        <ele>840.89999999999998</ele>
      </trkpt>
      <trkpt lat="50.707304002717137" lon="10.690967040136456">
        <ele>841.10000000000002</ele>
      </trkpt>
      <trkpt lat="50.707593010738492" lon="10.690590022131801">
        <ele>841.79999999999995</ele>
      </trkpt>
      <trkpt lat="50.70786802098155" lon="10.690361028537154">
        <ele>842.20000000000005</ele>
      </trkpt>
      <trkpt lat="50.708251995965838" lon="10.690065985545516">
        <ele>843.29999999999995</ele>
      </trkpt>
      <trkpt lat="50.708580985665321" lon="10.689980993047357">
        <ele>842.79999999999995</ele>
      </trkpt>
      <trkpt lat="50.708973007276654" lon="10.68994402885437">
        <ele>841.70000000000005</ele>
      </trkpt>
      <trkpt lat="50.709365028887987" lon="10.689907986670732">
        <ele>840.70000000000005</ele>
      </trkpt>
      <trkpt lat="50.709616988897324" lon="10.689843026921153">
        <ele>840.20000000000005</ele>
      </trkpt>
      <trkpt lat="50.709869032725692" lon="10.689778989180923">
        <ele>839.39999999999998</ele>
      </trkpt>
      <trkpt lat="50.70993198081851" lon="10.689748981967568">
        <ele>839.29999999999995</ele>
      </trkpt>
      <trkpt lat="50.71010397747159" lon="10.689541026949883">
        <ele>839.20000000000005</ele>
      </trkpt>
      <trkpt lat="50.710235992446542" lon="10.689315972849727">
        <ele>838.79999999999995</ele>
      </trkpt>
      <trkpt lat="50.710349986329675" lon="10.689014978706837">
        <ele>838.20000000000005</ele>
      </trkpt>
      <trkpt lat="50.710419975221157" lon="10.688661010935903">
        <ele>837.5</ele>
      </trkpt>
      <trkpt lat="50.71044503711164" lon="10.688237976282835">
        <ele>836.89999999999998</ele>
      </trkpt>
      <trkpt lat="50.710392985492945" lon="10.68777403794229">
        <ele>836.89999999999998</ele>
      </trkpt>
      <trkpt lat="50.710341017693281" lon="10.687309009954333">
        <ele>836.39999999999998</ele>
      </trkpt>
      <trkpt lat="50.710249990224838" lon="10.686852028593421">
        <ele>836.60000000000002</ele>
      </trkpt>
      <trkpt lat="50.710158962756395" lon="10.686394041404128">
        <ele>836.89999999999998</ele>
      </trkpt>
      <trkpt lat="50.710068019106984" lon="10.685935970395803">
        <ele>837.20000000000005</ele>
      </trkpt>
      <trkpt lat="50.709963999688625" lon="10.685502961277962">
        <ele>837.5</ele>
      </trkpt>
      <trkpt lat="50.709860986098647" lon="10.685071041807532">
        <ele>838</ele>
      </trkpt>
      <trkpt lat="50.709710028022528" lon="10.684625040739775">
        <ele>839.60000000000002</ele>
      </trkpt>
      <trkpt lat="50.709539959207177" lon="10.684197982773185">
        <ele>841.39999999999998</ele>
      </trkpt>
      <trkpt lat="50.709369974210858" lon="10.683771008625627">
        <ele>843.20000000000005</ele>
      </trkpt>
      <trkpt lat="50.709198983386159" lon="10.683344034478068">
        <ele>844.89999999999998</ele>
      </trkpt>
      <trkpt lat="50.709141986444592" lon="10.683052008971572">
        <ele>845.20000000000005</ele>
      </trkpt>
      <trkpt lat="50.709065040573478" lon="10.682754032313824">
        <ele>845.70000000000005</ele>
      </trkpt>
      <trkpt lat="50.708982981741428" lon="10.682162018492818">
        <ele>845.5</ele>
      </trkpt>
      <trkpt lat="50.708949035033584" lon="10.681546032428741">
        <ele>844.79999999999995</ele>
      </trkpt>
      <trkpt lat="50.708915004506707" lon="10.680929040536284">
        <ele>844.20000000000005</ele>
      </trkpt>
      <trkpt lat="50.708911987021565" lon="10.680360998958349">
        <ele>843.89999999999998</ele>
      </trkpt>
      <trkpt lat="50.708949035033584" lon="10.679772002622485">
        <ele>844.10000000000002</ele>
      </trkpt>
      <trkpt lat="50.709007037803531" lon="10.679260035976768">
        <ele>844.60000000000002</ele>
      </trkpt>
      <trkpt lat="50.709106028079987" lon="10.678774975240231">
        <ele>844.79999999999995</ele>
      </trkpt>
      <trkpt lat="50.709208035841584" lon="10.67851304076612">
        <ele>844.29999999999995</ele>
      </trkpt>
      <trkpt lat="50.70939302444458" lon="10.678179021924734">
        <ele>843</ele>
      </trkpt>
      <trkpt lat="50.709577007219195" lon="10.677843997254968">
        <ele>842.20000000000005</ele>
      </trkpt>
      <trkpt lat="50.709859980270267" lon="10.677438983693719">
        <ele>841.29999999999995</ele>
      </trkpt>
      <trkpt lat="50.710143037140369" lon="10.67703397013247">
        <ele>841.70000000000005</ele>
      </trkpt>
      <trkpt lat="50.710256025195122" lon="10.676756026223302">
        <ele>843</ele>
      </trkpt>
      <trkpt lat="50.710277985781431" lon="10.676579000428319">
        <ele>844.20000000000005</ele>
      </trkpt>
      <trkpt lat="50.710272034630179" lon="10.676393005996943">
        <ele>845.5</ele>
      </trkpt>
      <trkpt lat="50.710162986069918" lon="10.676060998812318">
        <ele>848</ele>
      </trkpt>
      <trkpt lat="50.710028959438205" lon="10.67576696164906">
        <ele>850.20000000000005</ele>
      </trkpt>
      <trkpt lat="50.709918988868594" lon="10.675480971112847">
        <ele>852.20000000000005</ele>
      </trkpt>
      <trkpt lat="50.709902979433537" lon="10.675319032743573">
        <ele>853.10000000000002</ele>
      </trkpt>
      <trkpt lat="50.709915971383452" lon="10.675201015546918">
        <ele>853.79999999999995</ele>
      </trkpt>
      <trkpt lat="50.709956958889961" lon="10.675109988078475">
        <ele>854.29999999999995</ele>
      </trkpt>
      <trkpt lat="50.710003981366754" lon="10.67507503554225">
        <ele>854.5</ele>
      </trkpt>
      <trkpt lat="50.710067013278604" lon="10.675079980865121">
        <ele>854.60000000000002</ele>
      </trkpt>
      <trkpt lat="50.710380999371409" lon="10.675278967246413">
        <ele>854.20000000000005</ele>
      </trkpt>
      <trkpt lat="50.710692973807454" lon="10.675568981096148">
        <ele>853.5</ele>
      </trkpt>
      <trkpt lat="50.710920039564371" lon="10.675832005217671">
        <ele>853</ele>
      </trkpt>
      <trkpt lat="50.711211981251836" lon="10.676220003515482">
        <ele>852.20000000000005</ele>
      </trkpt>
      <trkpt lat="50.711340978741646" lon="10.676456037908792">
        <ele>851.20000000000005</ele>
      </trkpt>
      <trkpt lat="50.711469976231456" lon="10.676911007612944">
        <ele>847.70000000000005</ele>
      </trkpt>
      <trkpt lat="50.711598973721266" lon="10.677365977317095">
        <ele>843.89999999999998</ele>
      </trkpt>
      <trkpt lat="50.711728977039456" lon="10.677821030840278">
        <ele>839.39999999999998</ele>
      </trkpt>
      <trkpt lat="50.711868032813072" lon="10.678025968372822">
        <ele>837.89999999999998</ele>
      </trkpt>
      <trkpt lat="50.712013961747289" lon="10.678136022761464">
        <ele>837.70000000000005</ele>
      </trkpt>
      <trkpt lat="50.712210014462471" lon="10.678217997774482">
        <ele>838.20000000000005</ele>
      </trkpt>
      <trkpt lat="50.712537998333573" lon="10.678322017192841">
        <ele>838.79999999999995</ele>
      </trkpt>
      <trkpt lat="50.712866988033056" lon="10.678425030782819">
        <ele>837.89999999999998</ele>
      </trkpt>
      <trkpt lat="50.713291028514504" lon="10.678352024406195">
        <ele>838.60000000000002</ele>
      </trkpt>
      <trkpt lat="50.713671986013651" lon="10.678153038024902">
        <ele>840.5</ele>
      </trkpt>
      <trkpt lat="50.713988989591599" lon="10.677924966439605">
        <ele>842.29999999999995</ele>
      </trkpt>
      <trkpt lat="50.714306998997927" lon="10.677696978673339">
        <ele>843.29999999999995</ele>
      </trkpt>
      <trkpt lat="50.714624002575874" lon="10.677469996735454">
        <ele>843</ele>
      </trkpt>
      <trkpt lat="50.714942011982203" lon="10.677242008969188">
        <ele>841</ele>
      </trkpt>
      <trkpt lat="50.715150972828269" lon="10.67707596346736">
        <ele>839.39999999999998</ele>
      </trkpt>
      <trkpt lat="50.715361023321748" lon="10.676908995956182">
        <ele>838.20000000000005</ele>
      </trkpt>
      <trkpt lat="50.715663023293018" lon="10.676551004871726">
        <ele>838.89999999999998</ele>
      </trkpt>
      <trkpt lat="50.715822027996182" lon="10.676284041255713">
        <ele>840.39999999999998</ele>
      </trkpt>
      <trkpt lat="50.715984972193837" lon="10.675823958590627">
        <ele>844.79999999999995</ele>
      </trkpt>
      <trkpt lat="50.716077005490661" lon="10.675673000514507">
        <ele>845.70000000000005</ele>
      </trkpt>
      <trkpt lat="50.716223018243909" lon="10.67552799358964">
        <ele>845.70000000000005</ele>
      </trkpt>
      <trkpt lat="50.716560976579785" lon="10.675267986953259">
        <ele>845.20000000000005</ele>
      </trkpt>
      <trkpt lat="50.716900024563074" lon="10.675007980316877">
        <ele>845.5</ele>
      </trkpt>
      <trkpt lat="50.717126000672579" lon="10.674864985048771">
        <ele>845.39999999999998</ele>
      </trkpt>
      <trkpt lat="50.717352982610464" lon="10.674722995609045">
        <ele>845.20000000000005</ele>
      </trkpt>
      <trkpt lat="50.717711979523301" lon="10.674416972324252">
        <ele>845.20000000000005</ele>
      </trkpt>
      <trkpt lat="50.718002999201417" lon="10.674070967361331">
        <ele>845.20000000000005</ele>
      </trkpt>
      <trkpt lat="50.718174995854497" lon="10.673816995695233">
        <ele>845.20000000000005</ele>
      </trkpt>
      <trkpt lat="50.718347998335958" lon="10.673564029857516">
        <ele>844.89999999999998</ele>
      </trkpt>
      <trkpt lat="50.718585038557649" lon="10.673049967736006">
        <ele>845.79999999999995</ele>
      </trkpt>
      <trkpt lat="50.718844961374998" lon="10.672605978325009">
        <ele>845</ele>
      </trkpt>
      <trkpt lat="50.718942023813725" lon="10.672139022499323">
        <ele>846.89999999999998</ele>
      </trkpt>
      <trkpt lat="50.719129024073482" lon="10.671757981181145">
        <ele>846.5</ele>
      </trkpt>
      <trkpt lat="50.719362962990999" lon="10.671442989259958">
        <ele>845.5</ele>
      </trkpt>
      <trkpt lat="50.719487015157938" lon="10.671227993443608">
        <ele>845.79999999999995</ele>
      </trkpt>
      <trkpt lat="50.719548035413027" lon="10.671064965426922">
        <ele>846.60000000000002</ele>
      </trkpt>
      <trkpt lat="50.719646019861102" lon="10.670498013496399">
        <ele>851.39999999999998</ele>
      </trkpt>
      <trkpt lat="50.719675021246076" lon="10.670427018776536">
        <ele>851.89999999999998</ele>
      </trkpt>
      <trkpt lat="50.719745010137558" lon="10.670355018228292">
        <ele>852.10000000000002</ele>
      </trkpt>
      <trkpt lat="50.719865961000323" lon="10.670311013236642">
        <ele>851.79999999999995</ele>
      </trkpt>
      <trkpt lat="50.720231998711824" lon="10.670363986864686">
        <ele>849.70000000000005</ele>
      </trkpt>
      <trkpt lat="50.720598036423326" lon="10.67041696049273">
        <ele>848.29999999999995</ele>
      </trkpt>
      <trkpt lat="50.720920991152525" lon="10.67054201848805">
        <ele>846.79999999999995</ele>
      </trkpt>
      <trkpt lat="50.721154008060694" lon="10.670531960204244">
        <ele>846.39999999999998</ele>
      </trkpt>
      <trkpt lat="50.72159799747169" lon="10.670434981584549">
        <ele>845.89999999999998</ele>
      </trkpt>
      <trkpt lat="50.722042992711067" lon="10.670339008793235">
        <ele>845</ele>
      </trkpt>
      <trkpt lat="50.722309034317732" lon="10.670031979680061">
        <ele>844.70000000000005</ele>
      </trkpt>
      <trkpt lat="50.722443982958794" lon="10.66972503438592">
        <ele>844.29999999999995</ele>
      </trkpt>
      <trkpt lat="50.722578009590507" lon="10.669416999444366">
        <ele>843.70000000000005</ele>
      </trkpt>
      <trkpt lat="50.722753023728728" lon="10.668821968138218">
        <ele>842.10000000000002</ele>
      </trkpt>
      <trkpt lat="50.722808009013534" lon="10.668443022295833">
        <ele>840.70000000000005</ele>
      </trkpt>
      <trkpt lat="50.722807003185153" lon="10.668172035366297">
        <ele>839.79999999999995</ele>
      </trkpt>
      <trkpt lat="50.722772972658277" lon="10.667627966031432">
        <ele>837.60000000000002</ele>
      </trkpt>
      <trkpt lat="50.722688985988498" lon="10.66706302575767">
        <ele>835.60000000000002</ele>
      </trkpt>
      <trkpt lat="50.722603993490338" lon="10.666498001664877">
        <ele>833.60000000000002</ele>
      </trkpt>
      <trkpt lat="50.72252000682056" lon="10.665933983400464">
        <ele>832</ele>
      </trkpt>
      <trkpt lat="50.7224350143224" lon="10.665368959307671">
        <ele>831.60000000000002</ele>
      </trkpt>
      <trkpt lat="50.722298976033926" lon="10.664799995720387">
        <ele>831</ele>
      </trkpt>
      <trkpt lat="50.722200991585851" lon="10.664549041539431">
        <ele>830.10000000000002</ele>
      </trkpt>
      <trkpt lat="50.722078029066324" lon="10.664299009367824">
        <ele>828.60000000000002</ele>
      </trkpt>
      <trkpt lat="50.721907960250974" lon="10.664089964702725">
        <ele>827</ele>
      </trkpt>
      <trkpt lat="50.721757002174854" lon="10.664007989689708">
        <ele>826.29999999999995</ele>
      </trkpt>
      <trkpt lat="50.721442010253668" lon="10.664016036316752">
        <ele>826.10000000000002</ele>
      </trkpt>
      <trkpt lat="50.721281999722123" lon="10.664070015773177">
        <ele>826.39999999999998</ele>
      </trkpt>
      <trkpt lat="50.720938006415963" lon="10.664285011589527">
        <ele>828.20000000000005</ele>
      </trkpt>
      <trkpt lat="50.720636006444693" lon="10.664560021832585">
        <ele>830.70000000000005</ele>
      </trkpt>
      <trkpt lat="50.720335012301803" lon="10.664835032075644">
        <ele>832.89999999999998</ele>
      </trkpt>
      <trkpt lat="50.720257982611656" lon="10.664835032075644">
        <ele>832.79999999999995</ele>
      </trkpt>
      <trkpt lat="50.720138037577271" lon="10.664759008213878">
        <ele>832</ele>
      </trkpt>
      <trkpt lat="50.720015997067094" lon="10.664519034326077">
        <ele>829.60000000000002</ele>
      </trkpt>
      <trkpt lat="50.719807958230376" lon="10.663938000798225">
        <ele>823.70000000000005</ele>
      </trkpt>
      <trkpt lat="50.719633027911186" lon="10.663579003885388">
        <ele>820.89999999999998</ele>
      </trkpt>
      <trkpt lat="50.719425994902849" lon="10.66334598697722">
        <ele>819.79999999999995</ele>
      </trkpt>
      <trkpt lat="50.719286017119884" lon="10.663267029449344">
        <ele>819.89999999999998</ele>
      </trkpt>
      <trkpt lat="50.719050988554955" lon="10.663200980052352">
        <ele>820.79999999999995</ele>
      </trkpt>
      <trkpt lat="50.718985022976995" lon="10.663134008646011">
        <ele>820.79999999999995</ele>
      </trkpt>
      <trkpt lat="50.71889097802341" lon="10.662923036143184">
        <ele>820.29999999999995</ele>
      </trkpt>
      <trkpt lat="50.718865999951959" lon="10.662819016724825">
        <ele>820.10000000000002</ele>
      </trkpt>
      <trkpt lat="50.718840016052127" lon="10.66267903894186">
        <ele>820.10000000000002</ele>
      </trkpt>
      <trkpt lat="50.718899024650455" lon="10.662491032853723">
        <ele>819.79999999999995</ele>
      </trkpt>
      <trkpt lat="50.719073032960296" lon="10.662286011502147">
        <ele>818.79999999999995</ele>
      </trkpt>
      <trkpt lat="50.719304038211703" lon="10.66216497682035">
        <ele>817.39999999999998</ele>
      </trkpt>
      <trkpt lat="50.71953403763473" lon="10.662044025957584">
        <ele>816</ele>
      </trkpt>
      <trkpt lat="50.719893034547567" lon="10.661830035969615">
        <ele>814</ele>
      </trkpt>
      <trkpt lat="50.720277009531856" lon="10.661578997969627">
        <ele>811.89999999999998</ele>
      </trkpt>
      <trkpt lat="50.720424028113484" lon="10.66143399104476">
        <ele>811</ele>
      </trkpt>
      <trkpt lat="50.720541961491108" lon="10.661255037412047">
        <ele>809.89999999999998</ele>
      </trkpt>
      <trkpt lat="50.720626031979918" lon="10.660993019118905">
        <ele>809</ele>
      </trkpt>
      <trkpt lat="50.720707001164556" lon="10.660563027486205">
        <ele>808.60000000000002</ele>
      </trkpt>
      <trkpt lat="50.720786964520812" lon="10.660132030025125">
        <ele>808.70000000000005</ele>
      </trkpt>
      <trkpt lat="50.72091001085937" lon="10.659761969000101">
        <ele>808.29999999999995</ele>
      </trkpt>
      <trkpt lat="50.721118971705437" lon="10.659373970702291">
        <ele>807.39999999999998</ele>
      </trkpt>
      <trkpt lat="50.721203964203596" lon="10.659271040931344">
        <ele>807</ele>
      </trkpt>
      <trkpt lat="50.721255009993911" lon="10.659194011241198">
        <ele>806.89999999999998</ele>
      </trkpt>
      <trkpt lat="50.72135902941227" lon="10.658922018483281">
        <ele>807</ele>
      </trkpt>
      <trkpt lat="50.72140202857554" lon="10.658227996900678">
        <ele>807.5</ele>
      </trkpt>
      <trkpt lat="50.721407979726791" lon="10.658120037987828">
        <ele>807.39999999999998</ele>
      </trkpt>
      <trkpt lat="50.721414014697075" lon="10.657999003306031">
        <ele>807.20000000000005</ele>
      </trkpt>
      <trkpt lat="50.721452990546823" lon="10.657639000564814">
        <ele>806.89999999999998</ele>
      </trkpt>
      <trkpt lat="50.721519039943814" lon="10.657376982271671">
        <ele>807.60000000000002</ele>
      </trkpt>
      <trkpt lat="50.721678966656327" lon="10.657084034755826">
        <ele>808.60000000000002</ele>
      </trkpt>
      <trkpt lat="50.721973003819585" lon="10.656834002584219">
        <ele>809.29999999999995</ele>
      </trkpt>
      <trkpt lat="50.722267040982842" lon="10.656582964584231">
        <ele>810</ele>
      </trkpt>
      <trkpt lat="50.722437025979161" lon="10.656364029273391">
        <ele>810.60000000000002</ele>
      </trkpt>
      <trkpt lat="50.72267297655344" lon="10.655871005728841">
        <ele>812.5</ele>
      </trkpt>
      <trkpt lat="50.722755035385489" lon="10.65561099909246">
        <ele>813.70000000000005</ele>
      </trkpt>
      <trkpt lat="50.722807003185153" lon="10.655314028263092">
        <ele>815.70000000000005</ele>
      </trkpt>
      <trkpt lat="50.722885960713029" lon="10.655022002756596">
        <ele>817.89999999999998</ele>
      </trkpt>
      <trkpt lat="50.72299400344491" lon="10.654741963371634">
        <ele>820</ele>
      </trkpt>
      <trkpt lat="50.723144039511681" lon="10.654584970325232">
        <ele>821</ele>
      </trkpt>
      <trkpt lat="50.723261972889304" lon="10.654522022232413">
        <ele>821.39999999999998</ele>
      </trkpt>
      <trkpt lat="50.723355012014508" lon="10.654525961726904">
        <ele>821.39999999999998</ele>
      </trkpt>
      <trkpt lat="50.723738986998796" lon="10.654886970296502">
        <ele>819.70000000000005</ele>
      </trkpt>
      <trkpt lat="50.724123967811465" lon="10.655248984694481">
        <ele>818.79999999999995</ele>
      </trkpt>
      <trkpt lat="50.724495034664869" lon="10.655448976904154">
        <ele>818.79999999999995</ele>
      </trkpt>
      <trkpt lat="50.724686980247498" lon="10.655472027137876">
        <ele>819.20000000000005</ele>
      </trkpt>
      <trkpt lat="50.724818995222449" lon="10.655404971912503">
        <ele>819.70000000000005</ele>
      </trkpt>
      <trkpt lat="50.724888984113932" lon="10.65533397719264">
        <ele>820.20000000000005</ele>
      </trkpt>
      <trkpt lat="50.725041031837463" lon="10.655180001631379">
        <ele>821</ele>
      </trkpt>
      <trkpt lat="50.725235994905233" lon="10.654907003045082">
        <ele>822.10000000000002</ele>
      </trkpt>
      <trkpt lat="50.725488038733602" lon="10.654526967555285">
        <ele>823.39999999999998</ele>
      </trkpt>
      <trkpt lat="50.725738992914557" lon="10.654147015884519">
        <ele>824.29999999999995</ele>
      </trkpt>
      <trkpt lat="50.725990030914545" lon="10.653766980394721">
        <ele>824.70000000000005</ele>
      </trkpt>
      <trkpt lat="50.726240985095501" lon="10.653387028723955">
        <ele>824.79999999999995</ele>
      </trkpt>
      <trkpt lat="50.726285995915532" lon="10.653297007083893">
        <ele>824.89999999999998</ele>
      </trkpt>
      <trkpt lat="50.726526975631714" lon="10.653118975460529">
        <ele>825.29999999999995</ele>
      </trkpt>
      <trkpt lat="50.726768039166927" lon="10.652942033484578">
        <ele>825.89999999999998</ele>
      </trkpt>
      <trkpt lat="50.72694699279964" lon="10.652756039053202">
        <ele>825.79999999999995</ele>
      </trkpt>
      <trkpt lat="50.727095017209649" lon="10.652443980798125">
        <ele>824.29999999999995</ele>
      </trkpt>
      <trkpt lat="50.72716198861599" lon="10.652029998600483">
        <ele>822.10000000000002</ele>
      </trkpt>
      <trkpt lat="50.727229965850711" lon="10.65161501057446">
        <ele>820.79999999999995</ele>
      </trkpt>
      <trkpt lat="50.727316970005631" lon="10.65120798535645">
        <ele>819.70000000000005</ele>
      </trkpt>
      <trkpt lat="50.727406991645694" lon="10.650958959013224">
        <ele>818.70000000000005</ele>
      </trkpt>
      <trkpt lat="50.72757001966238" lon="10.650683026760817">
        <ele>817.10000000000002</ele>
      </trkpt>
      <trkpt lat="50.727752996608615" lon="10.650449004024267">
        <ele>815.39999999999998</ele>
      </trkpt>
      <trkpt lat="50.72793597355485" lon="10.650213975459337">
        <ele>814</ele>
      </trkpt>
      <trkpt lat="50.728252977132797" lon="10.649809967726469">
        <ele>811.89999999999998</ele>
      </trkpt>
      <trkpt lat="50.728548020124435" lon="10.649393973872066">
        <ele>811</ele>
      </trkpt>
      <trkpt lat="50.728841973468661" lon="10.648978985846043">
        <ele>810.79999999999995</ele>
      </trkpt>
      <trkpt lat="50.729124024510384" lon="10.648469030857086">
        <ele>811</ele>
      </trkpt>
      <trkpt lat="50.729404985904694" lon="10.647958992049098">
        <ele>810.79999999999995</ele>
      </trkpt>
      <trkpt lat="50.729659963399172" lon="10.647421963512897">
        <ele>809.79999999999995</ele>
      </trkpt>
      <trkpt lat="50.729916030541062" lon="10.646885018795729">
        <ele>807.70000000000005</ele>
      </trkpt>
      <trkpt lat="50.730124991387129" lon="10.646380009129643">
        <ele>806.20000000000005</ele>
      </trkpt>
      <trkpt lat="50.730334036052227" lon="10.645874999463558">
        <ele>804.70000000000005</ele>
      </trkpt>
      <trkpt lat="50.730445012450218" lon="10.645543998107314">
        <ele>804.10000000000002</ele>
      </trkpt>
      <trkpt lat="50.73055699467659" lon="10.64521299675107">
        <ele>803.60000000000002</ele>
      </trkpt>
      <trkpt lat="50.730702001601458" lon="10.644555017352104">
        <ele>803.20000000000005</ele>
      </trkpt>
      <trkpt lat="50.730847008526325" lon="10.643897037953138">
        <ele>802.29999999999995</ele>
      </trkpt>
      <trkpt lat="50.730993021279573" lon="10.643238974735141">
        <ele>801</ele>
      </trkpt>
      <trkpt lat="50.731112966313958" lon="10.642782999202609">
        <ele>799.5</ele>
      </trkpt>
      <trkpt lat="50.731231989338994" lon="10.642327023670077">
        <ele>798.79999999999995</ele>
      </trkpt>
      <trkpt lat="50.731304995715618" lon="10.642180005088449">
        <ele>798.79999999999995</ele>
      </trkpt>
      <trkpt lat="50.731571037322283" lon="10.641962997615337">
        <ele>798.70000000000005</ele>
      </trkpt>
      <trkpt lat="50.731836995109916" lon="10.641744984313846">
        <ele>799.29999999999995</ele>
      </trkpt>
      <trkpt lat="50.732073029503226" lon="10.641577010974288">
        <ele>799.5</ele>
      </trkpt>
      <trkpt lat="50.732309985905886" lon="10.641463017091155">
        <ele>798.39999999999998</ele>
      </trkpt>
      <trkpt lat="50.732723968103528" lon="10.641352962702513">
        <ele>795.5</ele>
      </trkpt>
      <trkpt lat="50.733139039948583" lon="10.641242992132902">
        <ele>792.70000000000005</ele>
      </trkpt>
      <trkpt lat="50.733553022146225" lon="10.641133021563292">
        <ele>791.5</ele>
      </trkpt>
      <trkpt lat="50.733727030456066" lon="10.641047023236752">
        <ele>791.29999999999995</ele>
      </trkpt>
      <trkpt lat="50.733877988532186" lon="10.640939986333251">
        <ele>791.20000000000005</ele>
      </trkpt>
      <trkpt lat="50.734034981578588" lon="10.640768995508552">
        <ele>791</ele>
      </trkpt>
      <trkpt lat="50.73431502096355" lon="10.640388960018754">
        <ele>788.70000000000005</ele>
      </trkpt>
      <trkpt lat="50.734417028725147" lon="10.64020799472928">
        <ele>787.5</ele>
      </trkpt>
      <trkpt lat="50.734577039256692" lon="10.63984296284616">
        <ele>785.20000000000005</ele>
      </trkpt>
      <trkpt lat="50.734588019549847" lon="10.639778003096581">
        <ele>785</ele>
      </trkpt>
      <trkpt lat="50.734645016491413" lon="10.639424035325646">
        <ele>784</ele>
      </trkpt>
      <trkpt lat="50.734641999006271" lon="10.639165034517646">
        <ele>783.5</ele>
      </trkpt>
      <trkpt lat="50.734579972922802" lon="10.638929000124335">
        <ele>783.60000000000002</ele>
      </trkpt>
      <trkpt lat="50.734480982646346" lon="10.638755997642875">
        <ele>784.5</ele>
      </trkpt>
      <trkpt lat="50.73425299488008" lon="10.638413010165095">
        <ele>786.60000000000002</ele>
      </trkpt>
      <trkpt lat="50.734025007113814" lon="10.638069016858935">
        <ele>786.39999999999998</ele>
      </trkpt>
      <trkpt lat="50.733663998544216" lon="10.637653023004532">
        <ele>785</ele>
      </trkpt>
      <trkpt lat="50.733363004401326" lon="10.637230994179845">
        <ele>784.10000000000002</ele>
      </trkpt>
      <trkpt lat="50.733334003016353" lon="10.637092022225261">
        <ele>783.39999999999998</ele>
      </trkpt>
      <trkpt lat="50.733314976096153" lon="10.636653983965516">
        <ele>780.79999999999995</ele>
      </trkpt>
      <trkpt lat="50.733296032994986" lon="10.636215023696423">
        <ele>779</ele>
      </trkpt>
      <trkpt lat="50.733254961669445" lon="10.635644970461726">
        <ele>778.10000000000002</ele>
      </trkpt>
      <trkpt lat="50.733214979991317" lon="10.635073995217681">
        <ele>777.89999999999998</ele>
      </trkpt>
      <trkpt lat="50.733173992484808" lon="10.634504025802016">
        <ele>777.79999999999995</ele>
      </trkpt>
      <trkpt lat="50.73313401080668" lon="10.633932966738939">
        <ele>778.60000000000002</ele>
      </trkpt>
      <trkpt lat="50.733225960284472" lon="10.633787959814072">
        <ele>777.5</ele>
      </trkpt>
      <trkpt lat="50.733642959967256" lon="10.633530970662832">
        <ele>774.39999999999998</ele>
      </trkpt>
      <trkpt lat="50.734067000448704" lon="10.633321003988385">
        <ele>773.79999999999995</ele>
      </trkpt>
      <trkpt lat="50.734491962939501" lon="10.633111037313938">
        <ele>773.79999999999995</ele>
      </trkpt>
      <trkpt lat="50.734916003420949" lon="10.632900986820459">
        <ele>774.20000000000005</ele>
      </trkpt>
      <trkpt lat="50.735339960083365" lon="10.632691020146012">
        <ele>775.20000000000005</ele>
      </trkpt>
      <trkpt lat="50.735615976154804" lon="10.632616002112627">
        <ele>775.39999999999998</ele>
      </trkpt>
      <trkpt lat="50.735899033024907" lon="10.632576020434499">
        <ele>775.10000000000002</ele>
      </trkpt>
      <trkpt lat="50.736182006075978" lon="10.632536038756371">
        <ele>774.5</ele>
      </trkpt>
      <trkpt lat="50.736434971913695" lon="10.632485998794436">
        <ele>773.79999999999995</ele>
      </trkpt>
      <trkpt lat="50.736716017127037" lon="10.632376028224826">
        <ele>773.39999999999998</ele>
      </trkpt>
      <trkpt lat="50.736995972692966" lon="10.632265973836184">
        <ele>772.20000000000005</ele>
      </trkpt>
      <trkpt lat="50.737200994044542" lon="10.632127001881599">
        <ele>771</ele>
      </trkpt>
      <trkpt lat="50.73732303455472" lon="10.631970008835196">
        <ele>770.20000000000005</ele>
      </trkpt>
      <trkpt lat="50.737568959593773" lon="10.631444966420531">
        <ele>767.10000000000002</ele>
      </trkpt>
      <trkpt lat="50.737813962623477" lon="10.630920007824898">
        <ele>762.89999999999998</ele>
      </trkpt>
      <trkpt lat="50.738058965653181" lon="10.630395971238613">
        <ele>762.29999999999995</ele>
      </trkpt>
      <trkpt lat="50.738303968682885" lon="10.62987101264298">
        <ele>764.60000000000002</ele>
      </trkpt>
      <trkpt lat="50.738548971712589" lon="10.629345970228314">
        <ele>765.20000000000005</ele>
      </trkpt>
      <trkpt lat="50.738793974742293" lon="10.628821011632681">
        <ele>764.79999999999995</ele>
      </trkpt>
      <trkpt lat="50.739038977771997" lon="10.628295969218016">
        <ele>764.29999999999995</ele>
      </trkpt>
      <trkpt lat="50.739283980801702" lon="10.627771010622382">
        <ele>764.79999999999995</ele>
      </trkpt>
      <trkpt lat="50.739404009655118" lon="10.62759599648416">
        <ele>765.10000000000002</ele>
      </trkpt>
      <trkpt lat="50.739587992429733" lon="10.627511003986001">
        <ele>764.89999999999998</ele>
      </trkpt>
      <trkpt lat="50.739735011011362" lon="10.627548974007368">
        <ele>764.10000000000002</ele>
      </trkpt>
      <trkpt lat="50.740152010694146" lon="10.627775033935905">
        <ele>762</ele>
      </trkpt>
      <trkpt lat="50.74056901037693" lon="10.62800201587379">
        <ele>761.70000000000005</ele>
      </trkpt>
      <trkpt lat="50.740800015628338" lon="10.628242995589972">
        <ele>760.89999999999998</ele>
      </trkpt>
      <trkpt lat="50.741031020879745" lon="10.628484981134534">
        <ele>760.20000000000005</ele>
      </trkpt>
      <trkpt lat="50.741087011992931" lon="10.628709029406309">
        <ele>758.60000000000002</ele>
      </trkpt>
      <trkpt lat="50.741114001721144" lon="10.628813970834017">
        <ele>757.89999999999998</ele>
      </trkpt>
      <trkpt lat="50.741247022524476" lon="10.629317974671721">
        <ele>754.60000000000002</ele>
      </trkpt>
      <trkpt lat="50.741379959508777" lon="10.629821978509426">
        <ele>751.79999999999995</ele>
      </trkpt>
      <trkpt lat="50.741464029997587" lon="10.629992969334126">
        <ele>751.10000000000002</ele>
      </trkpt>
      <trkpt lat="50.741582969203591" lon="10.630048038437963">
        <ele>751.20000000000005</ele>
      </trkpt>
      <trkpt lat="50.741702998057008" lon="10.62976498156786">
        <ele>753.29999999999995</ele>
      </trkpt>
      <trkpt lat="50.741958981379867" lon="10.6292690243572">
        <ele>757.89999999999998</ele>
      </trkpt>
      <trkpt lat="50.742214964702725" lon="10.628772983327508">
        <ele>763.39999999999998</ele>
      </trkpt>
      <trkpt lat="50.742471031844616" lon="10.628277026116848">
        <ele>768.89999999999998</ele>
      </trkpt>
      <trkpt lat="50.742727015167475" lon="10.627780985087156">
        <ele>772.60000000000002</ele>
      </trkpt>
      <trkpt lat="50.742846038192511" lon="10.6274039670825">
        <ele>774.29999999999995</ele>
      </trkpt>
      <trkpt lat="50.742628024891019" lon="10.627218978479505">
        <ele>776.79999999999995</ele>
      </trkpt>
      <trkpt lat="50.742409005761147" lon="10.627033989876509">
        <ele>778.70000000000005</ele>
      </trkpt>
      <trkpt lat="50.742217982187867" lon="10.626759985461831">
        <ele>780.20000000000005</ele>
      </trkpt>
      <trkpt lat="50.742070963606238" lon="10.626459997147322">
        <ele>781.10000000000002</ele>
      </trkpt>
      <trkpt lat="50.742070963606238" lon="10.626458991318941">
        <ele>781.10000000000002</ele>
      </trkpt>
      <trkpt lat="50.741996029391885" lon="10.6261330191046">
        <ele>781.89999999999998</ele>
      </trkpt>
      <trkpt lat="50.741959987208247" lon="10.625761030241847">
        <ele>781.89999999999998</ele>
      </trkpt>
      <trkpt lat="50.741924028843641" lon="10.625389963388443">
        <ele>781.29999999999995</ele>
      </trkpt>
      <trkpt lat="50.741827972233295" lon="10.625095004215837">
        <ele>781.5</ele>
      </trkpt>
      <trkpt lat="50.741633009165525" lon="10.624637017026544">
        <ele>782.70000000000005</ele>
      </trkpt>
      <trkpt lat="50.741670979186893" lon="10.624497961252928">
        <ele>782.5</ele>
      </trkpt>
      <trkpt lat="50.741727976128459" lon="10.624338034540415">
        <ele>782.29999999999995</ele>
      </trkpt>
      <trkpt lat="50.74198697693646" lon="10.624035028740764">
        <ele>780</ele>
      </trkpt>
      <trkpt lat="50.742124021053314" lon="10.62357603572309">
        <ele>778.89999999999998</ele>
      </trkpt>
      <trkpt lat="50.742208007723093" lon="10.623076977208257">
        <ele>779</ele>
      </trkpt>
      <trkpt lat="50.742257963865995" lon="10.622915038838983">
        <ele>778.89999999999998</ele>
      </trkpt>
      <trkpt lat="50.742394002154469" lon="10.62263298779726">
        <ele>778.29999999999995</ele>
      </trkpt>
      <trkpt lat="50.742542026564479" lon="10.622455962002277">
        <ele>777.20000000000005</ele>
      </trkpt>
      <trkpt lat="50.742935976013541" lon="10.622249012812972">
        <ele>773.10000000000002</ele>
      </trkpt>
      <trkpt lat="50.743228001520038" lon="10.622091013938189">
        <ele>770.29999999999995</ele>
      </trkpt>
      <trkpt lat="50.743458000943065" lon="10.621981965377927">
        <ele>768.10000000000002</ele>
      </trkpt>
      <trkpt lat="50.743688000366092" lon="10.621873000636697">
        <ele>765.89999999999998</ele>
      </trkpt>
      <trkpt lat="50.744098965078592" lon="10.621594972908497">
        <ele>762.60000000000002</ele>
      </trkpt>
      <trkpt lat="50.744434995576739" lon="10.621320968493819">
        <ele>760</ele>
      </trkpt>
      <trkpt lat="50.744660971686244" lon="10.621090969070792">
        <ele>758.39999999999998</ele>
      </trkpt>
      <trkpt lat="50.744899017736316" lon="10.620706994086504">
        <ele>757.20000000000005</ele>
      </trkpt>
      <trkpt lat="50.745137985795736" lon="10.620323019102216">
        <ele>756.29999999999995</ele>
      </trkpt>
      <trkpt lat="50.745289027690887" lon="10.620207013562322">
        <ele>755.29999999999995</ele>
      </trkpt>
      <trkpt lat="50.745437974110246" lon="10.620173988863826">
        <ele>754.20000000000005</ele>
      </trkpt>
      <trkpt lat="50.745720025151968" lon="10.620194021612406">
        <ele>752</ele>
      </trkpt>
      <trkpt lat="50.746000986546278" lon="10.620214976370335">
        <ele>750.29999999999995</ele>
      </trkpt>
      <trkpt lat="50.746184969320893" lon="10.620184969156981">
        <ele>749.60000000000002</ele>
      </trkpt>
      <trkpt lat="50.74641102924943" lon="10.620005009695888">
        <ele>748.89999999999998</ele>
      </trkpt>
      <trkpt lat="50.746577996760607" lon="10.619722036644816">
        <ele>748.89999999999998</ele>
      </trkpt>
      <trkpt lat="50.746657960116863" lon="10.619484996423125">
        <ele>749.20000000000005</ele>
      </trkpt>
      <trkpt lat="50.746683022007346" lon="10.619196994230151">
        <ele>749.29999999999995</ele>
      </trkpt>
      <trkpt lat="50.746660977602005" lon="10.618918966501951">
        <ele>749.39999999999998</ele>
      </trkpt>
      <trkpt lat="50.746556036174297" lon="10.618501966819167">
        <ele>748.60000000000002</ele>
      </trkpt>
      <trkpt lat="50.746451010927558" lon="10.618083961308002">
        <ele>747.60000000000002</ele>
      </trkpt>
      <trkpt lat="50.746430978178978" lon="10.617830995470285">
        <ele>746.89999999999998</ele>
      </trkpt>
      <trkpt lat="50.746475988999009" lon="10.617516003549099">
        <ele>745.89999999999998</ele>
      </trkpt>
      <trkpt lat="50.746548995375633" lon="10.617337971925735">
        <ele>745.10000000000002</ele>
      </trkpt>
      <trkpt lat="50.746701965108514" lon="10.617159018293023">
        <ele>744</ele>
      </trkpt>
      <trkpt lat="50.746987033635378" lon="10.616961037740111">
        <ele>742.10000000000002</ele>
      </trkpt>
      <trkpt lat="50.747319962829351" lon="10.616794992238283">
        <ele>740.60000000000002</ele>
      </trkpt>
      <trkpt lat="50.747377965599298" lon="10.616763979196548">
        <ele>740.5</ele>
      </trkpt>
      <trkpt lat="50.747404033318162" lon="10.61674696393311">
        <ele>740.5</ele>
      </trkpt>
      <trkpt lat="50.7477440033108" lon="10.61672399751842">
        <ele>739.20000000000005</ele>
      </trkpt>
      <trkpt lat="50.748082967475057" lon="10.616702036932111">
        <ele>738.29999999999995</ele>
      </trkpt>
      <trkpt lat="50.748437019065022" lon="10.616643028333783">
        <ele>737.89999999999998</ele>
      </trkpt>
      <trkpt lat="50.748652014881372" lon="10.61650900170207">
        <ele>737.89999999999998</ele>
      </trkpt>
      <trkpt lat="50.748914033174515" lon="10.6161879748106">
        <ele>730.60000000000002</ele>
      </trkpt>
      <trkpt lat="50.749031966552138" lon="10.615867031738162">
        <ele>725.60000000000002</ele>
      </trkpt>
      <trkpt lat="50.749107990413904" lon="10.61547702178359">
        <ele>723.10000000000002</ele>
      </trkpt>
      <trkpt lat="50.749164987355471" lon="10.614817030727863">
        <ele>721.39999999999998</ele>
      </trkpt>
      <trkpt lat="50.749159036204219" lon="10.614384021610022">
        <ele>721.5</ele>
      </trkpt>
      <trkpt lat="50.749084018170834" lon="10.613856967538595">
        <ele>722.5</ele>
      </trkpt>
      <trkpt lat="50.749009000137448" lon="10.61332899145782">
        <ele>724.39999999999998</ele>
      </trkpt>
      <trkpt lat="50.749043030664325" lon="10.612820964306593">
        <ele>725.29999999999995</ele>
      </trkpt>
      <trkpt lat="50.749143026769161" lon="10.612394995987415">
        <ele>725.70000000000005</ele>
      </trkpt>
      <trkpt lat="50.749243022873998" lon="10.612232973799109">
        <ele>725.20000000000005</ele>
      </trkpt>
      <trkpt lat="50.749400015920401" lon="10.612026024609804">
        <ele>724.5</ele>
      </trkpt>
      <trkpt lat="50.749551979824901" lon="10.611886968836188">
        <ele>723.79999999999995</ele>
      </trkpt>
      <trkpt lat="50.74982900172472" lon="10.611712960526347">
        <ele>722.5</ele>
      </trkpt>
      <trkpt lat="50.750106023624539" lon="10.611538030207157">
        <ele>721.79999999999995</ele>
      </trkpt>
      <trkpt lat="50.750361001119018" lon="10.611325968056917">
        <ele>722.29999999999995</ele>
      </trkpt>
      <trkpt lat="50.750633999705315" lon="10.61115900054574">
        <ele>722.5</ele>
      </trkpt>
      <trkpt lat="50.750908004119992" lon="10.610992033034563">
        <ele>723</ele>
      </trkpt>
      <trkpt lat="50.751081006601453" lon="10.610951967537403">
        <ele>722.89999999999998</ele>
      </trkpt>
      <trkpt lat="50.751344030722976" lon="10.610952973365784">
        <ele>722.29999999999995</ele>
      </trkpt>
      <trkpt lat="50.751693975180387" lon="10.611131004989147">
        <ele>719.89999999999998</ele>
      </trkpt>
      <trkpt lat="50.752044003456831" lon="10.61130803078413">
        <ele>717.70000000000005</ele>
      </trkpt>
      <trkpt lat="50.752339968457818" lon="10.611596032977104">
        <ele>714</ele>
      </trkpt>
      <trkpt lat="50.752637023106217" lon="10.611883029341698">
        <ele>710.70000000000005</ele>
      </trkpt>
      <trkpt lat="50.752937011420727" lon="10.612146975472569">
        <ele>708.39999999999998</ele>
      </trkpt>
      <trkpt lat="50.753255020827055" lon="10.612380998209119">
        <ele>707</ele>
      </trkpt>
      <trkpt lat="50.753573030233383" lon="10.612614015117288">
        <ele>706</ele>
      </trkpt>
      <trkpt lat="50.753891039639711" lon="10.612848037853837">
        <ele>704.60000000000002</ele>
      </trkpt>
      <trkpt lat="50.754208965227008" lon="10.613080970942974">
        <ele>702.10000000000002</ele>
      </trkpt>
      <trkpt lat="50.754623031243682" lon="10.613268977031112">
        <ele>699.70000000000005</ele>
      </trkpt>
      <trkpt lat="50.755001977086067" lon="10.613288003951311">
        <ele>699.89999999999998</ele>
      </trkpt>
      <trkpt lat="50.755317974835634" lon="10.613165041431785">
        <ele>701.79999999999995</ele>
      </trkpt>
      <trkpt lat="50.755633972585201" lon="10.613041995093226">
        <ele>703</ele>
      </trkpt>
      <trkpt lat="50.755699016153812" lon="10.613053981214762">
        <ele>702.5</ele>
      </trkpt>
      <trkpt lat="50.756141999736428" lon="10.613150959834456">
        <ele>697.89999999999998</ele>
      </trkpt>
      <trkpt lat="50.756583977490664" lon="10.613247016444802">
        <ele>693</ele>
      </trkpt>
      <trkpt lat="50.756968036293983" lon="10.613248022273183">
        <ele>691.20000000000005</ele>
      </trkpt>
      <trkpt lat="50.757142966613173" lon="10.613204017281532">
        <ele>691.39999999999998</ele>
      </trkpt>
      <trkpt lat="50.757328039035201" lon="10.613105027005076">
        <ele>692.5</ele>
      </trkpt>
      <trkpt lat="50.75741495937109" lon="10.613039983436465">
        <ele>693.20000000000005</ele>
      </trkpt>
      <trkpt lat="50.75777898542583" lon="10.612848959863186">
        <ele>693.89999999999998</ele>
      </trkpt>
      <trkpt lat="50.75814401730895" lon="10.612658020108938">
        <ele>693.60000000000002</ele>
      </trkpt>
      <trkpt lat="50.758508965373039" lon="10.612466996535659">
        <ele>692.10000000000002</ele>
      </trkpt>
      <trkpt lat="50.758861005306244" lon="10.612173965200782">
        <ele>690.60000000000002</ele>
      </trkpt>
      <trkpt lat="50.759212961420417" lon="10.611882023513317">
        <ele>688.60000000000002</ele>
      </trkpt>
      <trkpt lat="50.759565001353621" lon="10.611589998006821">
        <ele>686.60000000000002</ele>
      </trkpt>
      <trkpt lat="50.759917041286826" lon="10.611296966671944">
        <ele>685</ele>
      </trkpt>
      <trkpt lat="50.760180987417698" lon="10.610976023599505">
        <ele>684.20000000000005</ele>
      </trkpt>
      <trkpt lat="50.760446023195982" lon="10.610654996708035">
        <ele>682.10000000000002</ele>
      </trkpt>
      <trkpt lat="50.760711980983615" lon="10.610187035053968">
        <ele>676.5</ele>
      </trkpt>
      <trkpt lat="50.76097902841866" lon="10.609717983752489">
        <ele>670.89999999999998</ele>
      </trkpt>
      <trkpt lat="50.761244986206293" lon="10.609250022098422">
        <ele>665.5</ele>
      </trkpt>
      <trkpt lat="50.761428968980908" lon="10.60901097021997">
        <ele>662.20000000000005</ele>
      </trkpt>
      <trkpt lat="50.761613035574555" lon="10.608772002160549">
        <ele>659.29999999999995</ele>
      </trkpt>
      <trkpt lat="50.76190497726202" lon="10.608436977490783">
        <ele>655</ele>
      </trkpt>
      <trkpt lat="50.762195996940136" lon="10.608102958649397">
        <ele>651.39999999999998</ele>
      </trkpt>
      <trkpt lat="50.762450974434614" lon="10.607862984761596">
        <ele>648.79999999999995</ele>
      </trkpt>
      <trkpt lat="50.762706035748124" lon="10.607624016702175">
        <ele>646.79999999999995</ele>
      </trkpt>
      <trkpt lat="50.762873003259301" lon="10.607363004237413">
        <ele>646.39999999999998</ele>
      </trkpt>
      <trkpt lat="50.76380917802453" lon="10.60715421102941" />
      <trkpt lat="50.764779048040509" lon="10.608259197324514" />
      <trkpt lat="50.764817437157035" lon="10.609354125335813" />
      <trkpt lat="50.765149611979723" lon="10.610358193516731" />
      <trkpt lat="50.76628502458334" lon="10.610795142129064" />
      <trkpt lat="50.766904950141907" lon="10.611924268305302" />
      <trkpt lat="50.767328320071101" lon="10.612834040075541" />
      <trkpt lat="50.768260471522808" lon="10.613246094435453" />
      <trkpt lat="50.769053818657994" lon="10.614316631108522" />
      <trkpt lat="50.770741514861584" lon="10.617030188441277" />
      <trkpt lat="50.771499490365386" lon="10.617479374632239" />
      <trkpt lat="50.772542199119925" lon="10.61758004128933" />
      <trkpt lat="50.77307746745646" lon="10.617833761498332" />
      <trkpt lat="50.774146327748895" lon="10.617271587252617" />
      <trkpt lat="50.775856571272016" lon="10.617549531161785" />
      <trkpt lat="50.779096847400069" lon="10.615278705954552" />
      <trkpt lat="50.779811488464475" lon="10.61564558185637" />
      <trkpt lat="50.780722266063094" lon="10.616985596716404" />
      <trkpt lat="50.781175140291452" lon="10.616557616740465" />
      <trkpt lat="50.783550487831235" lon="10.61809703707695" />
      <trkpt lat="50.784529410302639" lon="10.619330434128642" />
      <trkpt lat="50.78520524315536" lon="10.619614664465189" />
      <trkpt lat="50.786724044010043" lon="10.619823541492224" />
      <trkpt lat="50.790005894377828" lon="10.620018504559994" />
      <trkpt lat="50.790481232106686" lon="10.619717594236135" />
      <trkpt lat="50.79170398414135" lon="10.619694544002414" />
      <trkpt lat="50.792138669639826" lon="10.620287396013737" />
      <trkpt lat="50.792173789814115" lon="10.621289284899831" />
      <trkpt lat="50.793191604316235" lon="10.622088583186269" />
      <trkpt lat="50.793624110519886" lon="10.622107358649373" />
      <trkpt lat="50.793827874585986" lon="10.620222687721252" />
      <trkpt lat="50.794034069404006" lon="10.619687335565686" />
      <trkpt lat="50.795042244717479" lon="10.618419907987118" />
      <trkpt lat="50.795878088101745" lon="10.61711048707366" />
      <trkpt lat="50.796497259289026" lon="10.616552671417594" />
    </trkseg>
  </trk>

  <trk>
    <name>Etappe3</name>
    <desc>Über Stock und Stein entlang der Bergkämme des Thüringer Waldes ...</desc>
    <extensions>
      <gpxx:TrackExtension>
        <gpxx:DisplayColor>Red</gpxx:DisplayColor>
      </gpxx:TrackExtension>
    </extensions>
    <trkseg>
      <trkpt lat="50.796662047505379" lon="10.616617212072015" />
      <trkpt lat="50.795187335461378" lon="10.615873150527477" />
      <trkpt lat="50.794997401535511" lon="10.615588584914804" />
      <trkpt lat="50.794639829546213" lon="10.614371448755264" />
      <trkpt lat="50.794940236955881" lon="10.613956963643432" />
      <trkpt lat="50.794576965272427" lon="10.612323917448521" />
      <trkpt lat="50.793638024479151" lon="10.609923927113414" />
      <trkpt lat="50.793270813301206" lon="10.607917970046401" />
      <trkpt lat="50.793393356725574" lon="10.607820907607675" />
      <trkpt lat="50.793257653713226" lon="10.607287399470806" />
      <trkpt lat="50.792093742638826" lon="10.607707249000669" />
      <trkpt lat="50.79173868522048" lon="10.606561694294214" />
      <trkpt lat="50.791819570586085" lon="10.605276580899954" />
      <trkpt lat="50.791589822620153" lon="10.603344552218914" />
      <trkpt lat="50.792166497558355" lon="10.600550696253777" />
      <trkpt lat="50.791957285255194" lon="10.595357604324818" />
      <trkpt lat="50.791214061900973" lon="10.594174917787313" />
      <trkpt lat="50.791112054139376" lon="10.592805733904243" />
      <trkpt lat="50.790646858513355" lon="10.591856567189097" />
      <trkpt lat="50.78947096131742" lon="10.588343543931842" />
      <trkpt lat="50.788112925365567" lon="10.585794355720282" />
      <trkpt lat="50.78786582686007" lon="10.584136582911015" />
      <trkpt lat="50.787919890135527" lon="10.579523015767336" />
      <trkpt lat="50.788482818752527" lon="10.577103663235903" />
      <trkpt lat="50.788793619722128" lon="10.576731339097023" />
      <trkpt lat="50.788854556158185" lon="10.575390653684735" />
      <trkpt lat="50.787962805479765" lon="10.572282979264855" />
      <trkpt lat="50.786367058753967" lon="10.569884246215224" />
      <trkpt lat="50.784962084144354" lon="10.570612717419863" />
      <trkpt lat="50.783939408138394" lon="10.569928837940097" />
      <trkpt lat="50.78324731439352" lon="10.57020602747798" />
      <trkpt lat="50.782290939241648" lon="10.571411345154047" />
      <trkpt lat="50.781866647303104" lon="10.572396805509925" />
      <trkpt lat="50.779142109677196" lon="10.572956213727593" />
      <trkpt lat="50.777411330491304" lon="10.573886185884476" />
      <trkpt lat="50.776237277314067" lon="10.57376129552722" />
      <trkpt lat="50.775660434737802" lon="10.57424359023571" />
      <trkpt lat="50.773173272609711" lon="10.579261248931289" />
      <trkpt lat="50.772440107539296" lon="10.580417867749929" />
      <trkpt lat="50.772019838914275" lon="10.581776322796941" />
      <trkpt lat="50.770866489037871" lon="10.582238333299756" />
      <trkpt lat="50.76967759989202" lon="10.582200950011611" />
      <trkpt lat="50.767922764644027" lon="10.582960769534111" />
      <trkpt lat="50.767437200993299" lon="10.581941697746515" />
      <trkpt lat="50.767130171880126" lon="10.581911690533161" />
      <trkpt lat="50.767208375036716" lon="10.58157448656857" />
      <trkpt lat="50.767292780801654" lon="10.580389620736241" />
      <trkpt lat="50.767690083011985" lon="10.578889679163694" />
      <trkpt lat="50.768162151798606" lon="10.577986026182771" />
      <trkpt lat="50.770128713920712" lon="10.575312115252018" />
      <trkpt lat="50.77046038582921" lon="10.574507201090455" />
      <trkpt lat="50.77051654458046" lon="10.573288975283504" />
      <trkpt lat="50.77007532119751" lon="10.570456897839904" />
      <trkpt lat="50.769848171621561" lon="10.567060047760606" />
      <trkpt lat="50.77010415494442" lon="10.565430521965027" />
      <trkpt lat="50.770113961771131" lon="10.565328011289239">
        <ele>718.60000000000002</ele>
      </trkpt>
      <trkpt lat="50.770168025046587" lon="10.565147968009114">
        <ele>718.39999999999998</ele>
      </trkpt>
      <trkpt lat="50.770233990624547" lon="10.564967002719641">
        <ele>718.10000000000002</ele>
      </trkpt>
      <trkpt lat="50.770284030586481" lon="10.565031040459871">
        <ele>717.89999999999998</ele>
      </trkpt>
      <trkpt lat="50.770323006436229" lon="10.565101029351354">
        <ele>717.60000000000002</ele>
      </trkpt>
      <trkpt lat="50.770359970629215" lon="10.565166994929314">
        <ele>717.29999999999995</ele>
      </trkpt>
      <trkpt lat="50.770417973399162" lon="10.565232038497925">
        <ele>716.79999999999995</ele>
      </trkpt>
      <trkpt lat="50.770463990047574" lon="10.565260034054518">
        <ele>716.39999999999998</ele>
      </trkpt>
      <trkpt lat="50.770613020285964" lon="10.565330022946">
        <ele>715.39999999999998</ele>
      </trkpt>
      <trkpt lat="50.770698012784123" lon="10.565389031544328">
        <ele>714.89999999999998</ele>
      </trkpt>
      <trkpt lat="50.770790968090296" lon="10.565485004335642">
        <ele>714.70000000000005</ele>
      </trkpt>
      <trkpt lat="50.77090403996408" lon="10.565643003210425">
        <ele>714.89999999999998</ele>
      </trkpt>
      <trkpt lat="50.771000012755394" lon="10.565778035670519">
        <ele>715.29999999999995</ele>
      </trkpt>
      <trkpt lat="50.771167986094952" lon="10.566077018156648">
        <ele>716.60000000000002</ele>
      </trkpt>
      <trkpt lat="50.7713139988482" lon="10.566258989274502">
        <ele>717.79999999999995</ele>
      </trkpt>
      <trkpt lat="50.771597977727652" lon="10.566457975655794">
        <ele>720.10000000000002</ele>
      </trkpt>
      <trkpt lat="50.771881034597754" lon="10.566656040027738">
        <ele>722.39999999999998</ele>
      </trkpt>
      <trkpt lat="50.772089995443821" lon="10.566757963970304">
        <ele>724.20000000000005</ele>
      </trkpt>
      <trkpt lat="50.772198960185051" lon="10.566755030304193">
        <ele>725.29999999999995</ele>
      </trkpt>
      <trkpt lat="50.772393001243472" lon="10.566682023927569">
        <ele>727.20000000000005</ele>
      </trkpt>
      <trkpt lat="50.772586036473513" lon="10.566586973145604">
        <ele>729</ele>
      </trkpt>
      <trkpt lat="50.772938998416066" lon="10.566452024504542">
        <ele>732</ele>
      </trkpt>
      <trkpt lat="50.773151982575655" lon="10.566372983157635">
        <ele>733.70000000000005</ele>
      </trkpt>
      <trkpt lat="50.77328902669251" lon="10.56625597178936">
        <ele>734.79999999999995</ele>
      </trkpt>
      <trkpt lat="50.773521037772298" lon="10.565988002344966">
        <ele>736.29999999999995</ele>
      </trkpt>
      <trkpt lat="50.773706026375294" lon="10.565779963508248">
        <ele>737.20000000000005</ele>
      </trkpt>
      <trkpt lat="50.77389101497829" lon="10.565572008490562">
        <ele>738</ele>
      </trkpt>
      <trkpt lat="50.774071980267763" lon="10.565330022946">
        <ele>738.79999999999995</ele>
      </trkpt>
      <trkpt lat="50.774254035204649" lon="10.565088959410787">
        <ele>739.5</ele>
      </trkpt>
      <trkpt lat="50.774490991607308" lon="10.564786037430167">
        <ele>740.5</ele>
      </trkpt>
      <trkpt lat="50.774732977151871" lon="10.564612029120326">
        <ele>741.39999999999998</ele>
      </trkpt>
      <trkpt lat="50.774990972131491" lon="10.564485965296626">
        <ele>742.39999999999998</ele>
      </trkpt>
      <trkpt lat="50.775350974872708" lon="10.564293013885617">
        <ele>743.70000000000005</ele>
      </trkpt>
      <trkpt lat="50.775651969015598" lon="10.564164016395807">
        <ele>744.20000000000005</ele>
      </trkpt>
      <trkpt lat="50.775967966765165" lon="10.564097966998816">
        <ele>743.5</ele>
      </trkpt>
      <trkpt lat="50.776369962841272" lon="10.564012974500656">
        <ele>742.5</ele>
      </trkpt>
      <trkpt lat="50.776674980297685" lon="10.564043987542391">
        <ele>742</ele>
      </trkpt>
      <trkpt lat="50.777044035494328" lon="10.564123028889298">
        <ele>742.60000000000002</ele>
      </trkpt>
      <trkpt lat="50.777160041034222" lon="10.564147001132369">
        <ele>742.60000000000002</ele>
      </trkpt>
      <trkpt lat="50.777496993541718" lon="10.564253032207489">
        <ele>742.79999999999995</ele>
      </trkpt>
      <trkpt lat="50.777834029868245" lon="10.564358979463577">
        <ele>742.89999999999998</ele>
      </trkpt>
      <trkpt lat="50.777901001274586" lon="10.564374988898635">
        <ele>742.89999999999998</ele>
      </trkpt>
      <trkpt lat="50.778205012902617" lon="10.56451303884387">
        <ele>743</ele>
      </trkpt>
      <trkpt lat="50.778526961803436" lon="10.564572969451547">
        <ele>743</ele>
      </trkpt>
      <trkpt lat="50.778703987598419" lon="10.564575986936688">
        <ele>743</ele>
      </trkpt>
      <trkpt lat="50.77885402366519" lon="10.564550003036857">
        <ele>742.89999999999998</ele>
      </trkpt>
      <trkpt lat="50.779014034196734" lon="10.564435003325343">
        <ele>742.60000000000002</ele>
      </trkpt>
      <trkpt lat="50.779150994494557" lon="10.56429997086525">
        <ele>741.79999999999995</ele>
      </trkpt>
      <trkpt lat="50.779347969219089" lon="10.564053962007165">
        <ele>739.39999999999998</ele>
      </trkpt>
      <trkpt lat="50.779428016394377" lon="10.563908033072948">
        <ele>738.5</ele>
      </trkpt>
      <trkpt lat="50.779609987512231" lon="10.563667975366116">
        <ele>738.79999999999995</ele>
      </trkpt>
      <trkpt lat="50.779857002198696" lon="10.563345020636916">
        <ele>739.20000000000005</ele>
      </trkpt>
      <trkpt lat="50.780042996630073" lon="10.563150979578495">
        <ele>739.60000000000002</ele>
      </trkpt>
      <trkpt lat="50.780247012153268" lon="10.563045032322407">
        <ele>740.60000000000002</ele>
      </trkpt>
      <trkpt lat="50.780663006007671" lon="10.562826013192534">
        <ele>742.10000000000002</ele>
      </trkpt>
      <trkpt lat="50.781015967950225" lon="10.562654016539454">
        <ele>742.89999999999998</ele>
      </trkpt>
      <trkpt lat="50.781370019540191" lon="10.562483025714755">
        <ele>743.20000000000005</ele>
      </trkpt>
      <trkpt lat="50.781761035323143" lon="10.562183959409595">
        <ele>743.29999999999995</ele>
      </trkpt>
      <trkpt lat="50.782016012817621" lon="10.561924958601594">
        <ele>743.39999999999998</ele>
      </trkpt>
      <trkpt lat="50.782207036390901" lon="10.561684984713793">
        <ele>743.29999999999995</ele>
      </trkpt>
      <trkpt lat="50.782397976145148" lon="10.561445010825992">
        <ele>743</ele>
      </trkpt>
      <trkpt lat="50.782656976953149" lon="10.561186010017991">
        <ele>742.5</ele>
      </trkpt>
      <trkpt lat="50.782915977761149" lon="10.56092600338161">
        <ele>741.79999999999995</ele>
      </trkpt>
      <trkpt lat="50.783098032698035" lon="10.560673037543893">
        <ele>741.39999999999998</ele>
      </trkpt>
      <trkpt lat="50.783300036564469" lon="10.560372965410352">
        <ele>740.79999999999995</ele>
      </trkpt>
      <trkpt lat="50.783573035150766" lon="10.559988990426064">
        <ele>740.20000000000005</ele>
      </trkpt>
      <trkpt lat="50.783846033737063" lon="10.559606021270156">
        <ele>739.60000000000002</ele>
      </trkpt>
      <trkpt lat="50.783978970721364" lon="10.559398988261819">
        <ele>739.29999999999995</ele>
      </trkpt>
      <trkpt lat="50.784103022888303" lon="10.559197990223765">
        <ele>739</ele>
      </trkpt>
      <trkpt lat="50.784241994842887" lon="10.558947036042809">
        <ele>738.70000000000005</ele>
      </trkpt>
      <trkpt lat="50.784388007596135" lon="10.558608993887901">
        <ele>738.5</ele>
      </trkpt>
      <trkpt lat="50.784470988437533" lon="10.558242034167051">
        <ele>739.29999999999995</ele>
      </trkpt>
      <trkpt lat="50.784494960680604" lon="10.557764014229178">
        <ele>740.70000000000005</ele>
      </trkpt>
      <trkpt lat="50.784497978165746" lon="10.557139981538057">
        <ele>742.29999999999995</ele>
      </trkpt>
      <trkpt lat="50.784514993429184" lon="10.556689035147429">
        <ele>743.5</ele>
      </trkpt>
      <trkpt lat="50.784561010077596" lon="10.556017979979515">
        <ele>745.29999999999995</ele>
      </trkpt>
      <trkpt lat="50.784569978713989" lon="10.555424960330129">
        <ele>746.60000000000002</ele>
      </trkpt>
      <trkpt lat="50.78424702398479" lon="10.552606964483857">
        <ele>753.39999999999998</ele>
      </trkpt>
      <trkpt lat="50.784196984022856" lon="10.551950996741652">
        <ele>755.5</ele>
      </trkpt>
      <trkpt lat="50.784149039536715" lon="10.551377004012465">
        <ele>757.20000000000005</ele>
      </trkpt>
      <trkpt lat="50.784101011231542" lon="10.550803011283278">
        <ele>757.70000000000005</ele>
      </trkpt>
      <trkpt lat="50.784085001796484" lon="10.550387017428875">
        <ele>756.79999999999995</ele>
      </trkpt>
      <trkpt lat="50.784068992361426" lon="10.549972029402852">
        <ele>756.89999999999998</ele>
      </trkpt>
      <trkpt lat="50.784042002633214" lon="10.549412034451962">
        <ele>756</ele>
      </trkpt>
      <trkpt lat="50.784015012905002" lon="10.54885296151042">
        <ele>754.10000000000002</ele>
      </trkpt>
      <trkpt lat="50.784008977934718" lon="10.548434033989906">
        <ele>752.5</ele>
      </trkpt>
      <trkpt lat="50.784003026783466" lon="10.548015022650361">
        <ele>750.79999999999995</ele>
      </trkpt>
      <trkpt lat="50.784019958227873" lon="10.547807989642024">
        <ele>749.89999999999998</ele>
      </trkpt>
      <trkpt lat="50.784046025946736" lon="10.54762601852417">
        <ele>749.10000000000002</ele>
      </trkpt>
      <trkpt lat="50.78416395932436" lon="10.547092007473111">
        <ele>747.10000000000002</ele>
      </trkpt>
      <trkpt lat="50.784256998449564" lon="10.546675007790327">
        <ele>745.79999999999995</ele>
      </trkpt>
      <trkpt lat="50.784346014261246" lon="10.546180978417397">
        <ele>745.10000000000002</ele>
      </trkpt>
      <trkpt lat="50.784424971789122" lon="10.545687032863498">
        <ele>746.10000000000002</ele>
      </trkpt>
      <trkpt lat="50.78450501896441" lon="10.545193003490567">
        <ele>747</ele>
      </trkpt>
      <trkpt lat="50.784578025341034" lon="10.544714983552694">
        <ele>747.29999999999995</ele>
      </trkpt>
      <trkpt lat="50.784651031717658" lon="10.544236963614821">
        <ele>747.20000000000005</ele>
      </trkpt>
      <trkpt lat="50.784584982320666" lon="10.544051975011826">
        <ele>747.79999999999995</ele>
      </trkpt>
      <trkpt lat="50.784423965960741" lon="10.543776964768767">
        <ele>748.89999999999998</ele>
      </trkpt>
      <trkpt lat="50.784101011231542" lon="10.54328603670001">
        <ele>749</ele>
      </trkpt>
      <trkpt lat="50.783812003210187" lon="10.542896026745439">
        <ele>746.10000000000002</ele>
      </trkpt>
      <trkpt lat="50.783549984917045" lon="10.542481038719416">
        <ele>742.79999999999995</ele>
      </trkpt>
      <trkpt lat="50.783383017405868" lon="10.542218014597893">
        <ele>740.79999999999995</ele>
      </trkpt>
      <trkpt lat="50.783216971904039" lon="10.54195499047637">
        <ele>738.70000000000005</ele>
      </trkpt>
      <trkpt lat="50.782997030764818" lon="10.541684003546834">
        <ele>736.39999999999998</ele>
      </trkpt>
      <trkpt lat="50.782869961112738" lon="10.5413300357759">
        <ele>734</ele>
      </trkpt>
      <trkpt lat="50.782721014693379" lon="10.540858972817659">
        <ele>730.5</ele>
      </trkpt>
      <trkpt lat="50.782642979174852" lon="10.54030098952353">
        <ele>725.5</ele>
      </trkpt>
      <trkpt lat="50.782566033303738" lon="10.539857000112534">
        <ele>722.79999999999995</ele>
      </trkpt>
      <trkpt lat="50.782496966421604" lon="10.53918200545013">
        <ele>720.20000000000005</ele>
      </trkpt>
      <trkpt lat="50.782426977530122" lon="10.538507010787725">
        <ele>719.10000000000002</ele>
      </trkpt>
      <trkpt lat="50.782390013337135" lon="10.538365021348">
        <ele>719.20000000000005</ele>
      </trkpt>
      <trkpt lat="50.782377021387219" lon="10.53828296251595">
        <ele>719.29999999999995</ele>
      </trkpt>
      <trkpt lat="50.782389007508755" lon="10.538176009431481">
        <ele>719.10000000000002</ele>
      </trkpt>
      <trkpt lat="50.782395964488387" lon="10.538141978904605">
        <ele>719</ele>
      </trkpt>
      <trkpt lat="50.782431000843644" lon="10.53808799944818">
        <ele>718.70000000000005</ele>
      </trkpt>
      <trkpt lat="50.782483974471688" lon="10.538034019991755">
        <ele>718.29999999999995</ele>
      </trkpt>
      <trkpt lat="50.782514987513423" lon="10.53802203387022">
        <ele>718.10000000000002</ele>
      </trkpt>
      <trkpt lat="50.782554969191551" lon="10.53802102804184">
        <ele>717.79999999999995</ele>
      </trkpt>
      <trkpt lat="50.782598974183202" lon="10.53804500028491">
        <ele>717.5</ele>
      </trkpt>
      <trkpt lat="50.782778011634946" lon="10.538185983896255">
        <ele>716.29999999999995</ele>
      </trkpt>
      <trkpt lat="50.782855041325092" lon="10.538209034129977">
        <ele>715.79999999999995</ele>
      </trkpt>
      <trkpt lat="50.782922012731433" lon="10.538210961967707">
        <ele>715.39999999999998</ele>
      </trkpt>
      <trkpt lat="50.782985966652632" lon="10.538200987502933">
        <ele>715</ele>
      </trkpt>
      <trkpt lat="50.783038018271327" lon="10.538183972239494">
        <ele>714.79999999999995</ele>
      </trkpt>
      <trkpt lat="50.783292995765805" lon="10.538013987243176">
        <ele>714.89999999999998</ele>
      </trkpt>
      <trkpt lat="50.783580997958779" lon="10.537822041660547">
        <ele>716.89999999999998</ele>
      </trkpt>
      <trkpt lat="50.783863971009851" lon="10.537669993937016">
        <ele>719.70000000000005</ele>
      </trkpt>
      <trkpt lat="50.783981988206506" lon="10.537606962025166">
        <ele>721</ele>
      </trkpt>
      <trkpt lat="50.784222967922688" lon="10.537499003112316">
        <ele>723.20000000000005</ele>
      </trkpt>
      <trkpt lat="50.784575007855892" lon="10.537381991744041">
        <ele>725.20000000000005</ele>
      </trkpt>
      <trkpt lat="50.784646002575755" lon="10.537338992580771">
        <ele>725.89999999999998</ele>
      </trkpt>
      <trkpt lat="50.784722026437521" lon="10.537371011450887">
        <ele>725.70000000000005</ele>
      </trkpt>
      <trkpt lat="50.78476301394403" lon="10.537386015057564">
        <ele>725.70000000000005</ele>
      </trkpt>
      <trkpt lat="50.785168027505279" lon="10.537470001727343">
        <ele>726.29999999999995</ele>
      </trkpt>
      <trkpt lat="50.785296019166708" lon="10.537524987012148">
        <ele>726.10000000000002</ele>
      </trkpt>
      <trkpt lat="50.785526018589735" lon="10.537675023078918">
        <ele>725.20000000000005</ele>
      </trkpt>
      <trkpt lat="50.785755012184381" lon="10.537824975326657">
        <ele>724.20000000000005</ele>
      </trkpt>
      <trkpt lat="50.785991968587041" lon="10.537865962833166">
        <ele>724.89999999999998</ele>
      </trkpt>
      <trkpt lat="50.78611996024847" lon="10.537867974489927">
        <ele>725.5</ele>
      </trkpt>
      <trkpt lat="50.786296986043453" lon="10.537890018895268">
        <ele>726</ele>
      </trkpt>
      <trkpt lat="50.786466971039772" lon="10.537947015836835">
        <ele>725.89999999999998</ele>
      </trkpt>
      <trkpt lat="50.786651959642768" lon="10.538077019155025">
        <ele>724.70000000000005</ele>
      </trkpt>
      <trkpt lat="50.787057979032397" lon="10.538373989984393">
        <ele>721.70000000000005</ele>
      </trkpt>
      <trkpt lat="50.787268029525876" lon="10.538531988859177">
        <ele>720.10000000000002</ele>
      </trkpt>
      <trkpt lat="50.787482019513845" lon="10.538639025762677">
        <ele>719</ele>
      </trkpt>
      <trkpt lat="50.78772802837193" lon="10.538703985512257">
        <ele>718.5</ele>
      </trkpt>
      <trkpt lat="50.787846967577934" lon="10.538727035745978">
        <ele>718.29999999999995</ele>
      </trkpt>
      <trkpt lat="50.78811401501298" lon="10.538746984675527">
        <ele>718.5</ele>
      </trkpt>
      <trkpt lat="50.788257010281086" lon="10.538751007989049">
        <ele>718.70000000000005</ele>
      </trkpt>
      <trkpt lat="50.788366980850697" lon="10.538768023252487">
        <ele>718.70000000000005</ele>
      </trkpt>
      <trkpt lat="50.788465971127152" lon="10.538797024637461">
        <ele>718.60000000000002</ele>
      </trkpt>
      <trkpt lat="50.788621958345175" lon="10.538889979943633">
        <ele>718.10000000000002</ele>
      </trkpt>
      <trkpt lat="50.788767971098423" lon="10.538986958563328">
        <ele>717.60000000000002</ele>
      </trkpt>
      <trkpt lat="50.789172984659672" lon="10.539017971605062">
        <ele>718.20000000000005</ele>
      </trkpt>
      <trkpt lat="50.789483031257987" lon="10.538929961621761">
        <ele>719.39999999999998</ele>
      </trkpt>
      <trkpt lat="50.789885027334094" lon="10.538748996332288">
        <ele>721.5</ele>
      </trkpt>
      <trkpt lat="50.790002960711718" lon="10.538713037967682">
        <ele>721.79999999999995</ele>
      </trkpt>
      <trkpt lat="50.790261961519718" lon="10.53864598274231">
        <ele>722.39999999999998</ele>
      </trkpt>
      <trkpt lat="50.790552981197834" lon="10.538546992465854">
        <ele>722.89999999999998</ele>
      </trkpt>
      <trkpt lat="50.790951959788799" lon="10.538380024954677">
        <ele>722.60000000000002</ele>
      </trkpt>
      <trkpt lat="50.791269969195127" lon="10.538169974461198">
        <ele>721</ele>
      </trkpt>
      <trkpt lat="50.791475996375084" lon="10.537948021665215">
        <ele>718.60000000000002</ele>
      </trkpt>
      <trkpt lat="50.791678000241518" lon="10.537662031129003">
        <ele>716.10000000000002</ele>
      </trkpt>
      <trkpt lat="50.791878998279572" lon="10.53737604059279">
        <ele>712.70000000000005</ele>
      </trkpt>
      <trkpt lat="50.792218968272209" lon="10.537065993994474">
        <ele>707</ele>
      </trkpt>
      <trkpt lat="50.792560027912259" lon="10.536756031215191">
        <ele>702</ele>
      </trkpt>
      <trkpt lat="50.792816011235118" lon="10.53647699765861">
        <ele>699.29999999999995</ele>
      </trkpt>
      <trkpt lat="50.793073000386357" lon="10.53619796410203">
        <ele>697.89999999999998</ele>
      </trkpt>
      <trkpt lat="50.793377012014389" lon="10.535756992176175">
        <ele>698.20000000000005</ele>
      </trkpt>
      <trkpt lat="50.793514978140593" lon="10.535410987213254">
        <ele>697.5</ele>
      </trkpt>
      <trkpt lat="50.793653028085828" lon="10.535064982250333">
        <ele>697.10000000000002</ele>
      </trkpt>
      <trkpt lat="50.793911023065448" lon="10.534749990329146">
        <ele>694.10000000000002</ele>
      </trkpt>
      <trkpt lat="50.794169018045068" lon="10.53443499840796">
        <ele>691.79999999999995</ele>
      </trkpt>
      <trkpt lat="50.794360963627696" lon="10.534210028126836">
        <ele>690.10000000000002</ele>
      </trkpt>
      <trkpt lat="50.794553998857737" lon="10.533983968198299">
        <ele>688.20000000000005</ele>
      </trkpt>
      <trkpt lat="50.794847030192614" lon="10.533553976565599">
        <ele>685.39999999999998</ele>
      </trkpt>
      <trkpt lat="50.795139977708459" lon="10.533122979104519">
        <ele>680.70000000000005</ele>
      </trkpt>
      <trkpt lat="50.795301999896765" lon="10.532864984124899">
        <ele>678.70000000000005</ele>
      </trkpt>
      <trkpt lat="50.795464022085071" lon="10.53260799497366">
        <ele>679.60000000000002</ele>
      </trkpt>
      <trkpt lat="50.795766022056341" lon="10.532333990558982">
        <ele>677.79999999999995</ele>
      </trkpt>
      <trkpt lat="50.796028040349483" lon="10.53215503692627">
        <ele>675</ele>
      </trkpt>
      <trkpt lat="50.796288968995214" lon="10.531974993646145">
        <ele>671.70000000000005</ele>
      </trkpt>
      <trkpt lat="50.796584011986852" lon="10.531682968139648">
        <ele>667.89999999999998</ele>
      </trkpt>
      <trkpt lat="50.796667998656631" lon="10.531424973160028">
        <ele>666.89999999999998</ele>
      </trkpt>
      <trkpt lat="50.796692976728082" lon="10.531446011736989">
        <ele>666.5</ele>
      </trkpt>
      <trkpt lat="50.796777969226241" lon="10.531176030635834">
        <ele>665.5</ele>
      </trkpt>
      <trkpt lat="50.796865979209542" lon="10.530711002647877">
        <ele>664.60000000000002</ele>
      </trkpt>
      <trkpt lat="50.796952983364463" lon="10.5302469804883">
        <ele>663.5</ele>
      </trkpt>
      <trkpt lat="50.797072006389499" lon="10.529666030779481">
        <ele>661.20000000000005</ele>
      </trkpt>
      <trkpt lat="50.797127997502685" lon="10.529305022209883">
        <ele>659.89999999999998</ele>
      </trkpt>
      <trkpt lat="50.797184994444251" lon="10.528945019468665">
        <ele>658.60000000000002</ele>
      </trkpt>
      <trkpt lat="50.797227993607521" lon="10.528402039781213">
        <ele>656.89999999999998</ele>
      </trkpt>
      <trkpt lat="50.79726998694241" lon="10.527859982103109">
        <ele>654.89999999999998</ele>
      </trkpt>
      <trkpt lat="50.797273004427552" lon="10.527386991307139">
        <ele>653.29999999999995</ele>
      </trkpt>
      <trkpt lat="50.797260012477636" lon="10.526902014389634">
        <ele>651.79999999999995</ele>
      </trkpt>
      <trkpt lat="50.79724702052772" lon="10.526417037472129">
        <ele>650.39999999999998</ele>
      </trkpt>
      <trkpt lat="50.797234028577805" lon="10.525931976735592">
        <ele>648.89999999999998</ele>
      </trkpt>
      <trkpt lat="50.797281973063946" lon="10.525353960692883">
        <ele>646.70000000000005</ele>
      </trkpt>
      <trkpt lat="50.797328995540738" lon="10.524776028469205">
        <ele>645</ele>
      </trkpt>
      <trkpt lat="50.79737601801753" lon="10.524198012426496">
        <ele>643.79999999999995</ele>
      </trkpt>
      <trkpt lat="50.79754700884223" lon="10.524671003222466">
        <ele>642.20000000000005</ele>
      </trkpt>
      <trkpt lat="50.797717999666929" lon="10.525143994018435">
        <ele>640.89999999999998</ele>
      </trkpt>
      <trkpt lat="50.797888990491629" lon="10.525616984814405">
        <ele>640.60000000000002</ele>
      </trkpt>
      <trkpt lat="50.798059981316328" lon="10.526089975610375">
        <ele>640.70000000000005</ele>
      </trkpt>
      <trkpt lat="50.798180010169744" lon="10.526391975581646">
        <ele>640.29999999999995</ele>
      </trkpt>
      <trkpt lat="50.798455020412803" lon="10.526952976360917">
        <ele>638.79999999999995</ele>
      </trkpt>
      <trkpt lat="50.79872902482748" lon="10.527513977140188">
        <ele>637.29999999999995</ele>
      </trkpt>
      <trkpt lat="50.799004035070539" lon="10.528074977919459">
        <ele>635.60000000000002</ele>
      </trkpt>
      <trkpt lat="50.799237973988056" lon="10.528497006744146">
        <ele>633.89999999999998</ele>
      </trkpt>
      <trkpt lat="50.799473002552986" lon="10.528918029740453">
        <ele>632.20000000000005</ele>
      </trkpt>
      <trkpt lat="50.799728985875845" lon="10.52927803248167">
        <ele>629.89999999999998</ele>
      </trkpt>
      <trkpt lat="50.800040038302541" lon="10.529623031616211">
        <ele>625.20000000000005</ele>
      </trkpt>
      <trkpt lat="50.800399035215378" lon="10.529840961098671">
        <ele>619.89999999999998</ele>
      </trkpt>
      <trkpt lat="50.800593998283148" lon="10.529829980805516">
        <ele>617.39999999999998</ele>
      </trkpt>
      <trkpt lat="50.800679996609688" lon="10.529826041311026">
        <ele>616.29999999999995</ele>
      </trkpt>
      <trkpt lat="50.800874037668109" lon="10.52968799136579">
        <ele>614.39999999999998</ele>
      </trkpt>
      <trkpt lat="50.801078975200653" lon="10.529611967504025">
        <ele>612</ele>
      </trkpt>
      <trkpt lat="50.801214007660747" lon="10.529696960002184">
        <ele>609.79999999999995</ele>
      </trkpt>
      <trkpt lat="50.801323978230357" lon="10.529892006888986">
        <ele>607</ele>
      </trkpt>
      <trkpt lat="50.801407964900136" lon="10.530132986605167">
        <ele>603.60000000000002</ele>
      </trkpt>
      <trkpt lat="50.801443001255393" lon="10.530327027663589">
        <ele>601.20000000000005</ele>
      </trkpt>
      <trkpt lat="50.801400002092123" lon="10.530543029308319">
        <ele>599.79999999999995</ele>
      </trkpt>
      <trkpt lat="50.801147036254406" lon="10.5309549998492">
        <ele>599.79999999999995</ele>
      </trkpt>
      <trkpt lat="50.800893986597657" lon="10.531365964561701">
        <ele>599.79999999999995</ele>
      </trkpt>
      <trkpt lat="50.800699023529887" lon="10.531570985913277">
        <ele>601</ele>
      </trkpt>
      <trkpt lat="50.800503976643085" lon="10.531775001436472">
        <ele>602.5</ele>
      </trkpt>
      <trkpt lat="50.800224021077156" lon="10.532161993905902">
        <ele>604.39999999999998</ele>
      </trkpt>
      <trkpt lat="50.800107009708881" lon="10.532449996098876">
        <ele>604.70000000000005</ele>
      </trkpt>
      <trkpt lat="50.800102986395359" lon="10.532550998032093">
        <ele>604.60000000000002</ele>
      </trkpt>
      <trkpt lat="50.800149003043771" lon="10.532647976651788">
        <ele>603.89999999999998</ele>
      </trkpt>
      <trkpt lat="50.800198037177324" lon="10.532707991078496">
        <ele>603.39999999999998</ele>
      </trkpt>
      <trkpt lat="50.800418984144926" lon="10.532836988568306">
        <ele>601.5</ele>
      </trkpt>
      <trkpt lat="50.80064001493156" lon="10.532966991886497">
        <ele>601.39999999999998</ele>
      </trkpt>
      <trkpt lat="50.801039999350905" lon="10.532924998551607">
        <ele>603.10000000000002</ele>
      </trkpt>
      <trkpt lat="50.801389021798968" lon="10.53308199159801">
        <ele>606.39999999999998</ele>
      </trkpt>
      <trkpt lat="50.801482982933521" lon="10.533078974112868">
        <ele>607</ele>
      </trkpt>
      <trkpt lat="50.801724968478084" lon="10.533089032396674">
        <ele>608.70000000000005</ele>
      </trkpt>
      <trkpt lat="50.802139034494758" lon="10.533205959945917">
        <ele>612.89999999999998</ele>
      </trkpt>
      <trkpt lat="50.802554022520781" lon="10.533322971314192">
        <ele>617</ele>
      </trkpt>
      <trkpt lat="50.802820986136794" lon="10.533286007121205">
        <ele>617.89999999999998</ele>
      </trkpt>
      <trkpt lat="50.803055008873343" lon="10.533291958272457">
        <ele>618.89999999999998</ele>
      </trkpt>
      <trkpt lat="50.803289031609893" lon="10.533298999071121">
        <ele>619.29999999999995</ele>
      </trkpt>
      <trkpt lat="50.80349899828434" lon="10.533521035686135">
        <ele>621.79999999999995</ele>
      </trkpt>
      <trkpt lat="50.803679963573813" lon="10.533926971256733">
        <ele>624.89999999999998</ele>
      </trkpt>
      <trkpt lat="50.803835028782487" lon="10.534461988136172">
        <ele>628.29999999999995</ele>
      </trkpt>
      <trkpt lat="50.803990010172129" lon="10.534995999187231">
        <ele>632.10000000000002</ele>
      </trkpt>
      <trkpt lat="50.804147003218532" lon="10.535330018028617">
        <ele>633.79999999999995</ele>
      </trkpt>
      <trkpt lat="50.804305002093315" lon="10.535664958879352">
        <ele>635.5</ele>
      </trkpt>
      <trkpt lat="50.8045510109514" lon="10.536008030176163">
        <ele>636.29999999999995</ele>
      </trkpt>
      <trkpt lat="50.804797019809484" lon="10.536351017653942">
        <ele>637.20000000000005</ele>
      </trkpt>
      <trkpt lat="50.80508703365922" lon="10.536720994859934">
        <ele>638.29999999999995</ele>
      </trkpt>
      <trkpt lat="50.805376963689923" lon="10.537090972065926">
        <ele>640</ele>
      </trkpt>
      <trkpt lat="50.805667983368039" lon="10.537461033090949">
        <ele>642.10000000000002</ele>
      </trkpt>
      <trkpt lat="50.805957997217774" lon="10.537831010296941">
        <ele>645.10000000000002</ele>
      </trkpt>
      <trkpt lat="50.806011976674199" lon="10.537908961996436">
        <ele>646</ele>
      </trkpt>
      <trkpt lat="50.80603402107954" lon="10.537941986694932">
        <ele>646.39999999999998</ele>
      </trkpt>
      <trkpt lat="50.806223032996058" lon="10.537836961448193">
        <ele>645</ele>
      </trkpt>
      <trkpt lat="50.806451020762324" lon="10.537408981472254">
        <ele>640.79999999999995</ele>
      </trkpt>
      <trkpt lat="50.80667900852859" lon="10.536981001496315">
        <ele>637.79999999999995</ele>
      </trkpt>
      <trkpt lat="50.806898027658463" lon="10.536638014018536">
        <ele>636.39999999999998</ele>
      </trkpt>
      <trkpt lat="50.807189969345927" lon="10.536493007093668">
        <ele>638.20000000000005</ele>
      </trkpt>
      <trkpt lat="50.807489035651088" lon="10.536236017942429">
        <ele>639.60000000000002</ele>
      </trkpt>
      <trkpt lat="50.807699002325535" lon="10.536173991858959">
        <ele>641.60000000000002</ele>
      </trkpt>
      <trkpt lat="50.808091023936868" lon="10.536231994628906">
        <ele>646.70000000000005</ele>
      </trkpt>
      <trkpt lat="50.808483967557549" lon="10.536289997398853">
        <ele>651.29999999999995</ele>
      </trkpt>
      <trkpt lat="50.808876994997263" lon="10.5363480001688">
        <ele>655.5</ele>
      </trkpt>
      <trkpt lat="50.809270022436976" lon="10.536406002938747">
        <ele>659.10000000000002</ele>
      </trkpt>
      <trkpt lat="50.809619966894388" lon="10.536268958821893">
        <ele>659.89999999999998</ele>
      </trkpt>
      <trkpt lat="50.809969995170832" lon="10.53613300435245">
        <ele>660.29999999999995</ele>
      </trkpt>
      <trkpt lat="50.810257997363806" lon="10.536168040707707">
        <ele>661.5</ele>
      </trkpt>
      <trkpt lat="50.810529990121722" lon="10.536342971026897">
        <ele>661.5</ele>
      </trkpt>
      <trkpt lat="50.810682959854603" lon="10.536642037332058">
        <ele>661.39999999999998</ele>
      </trkpt>
      <trkpt lat="50.810902984812856" lon="10.536972032859921">
        <ele>662</ele>
      </trkpt>
      <trkpt lat="50.811124015599489" lon="10.537303034216166">
        <ele>663.39999999999998</ele>
      </trkpt>
      <trkpt lat="50.811344040557742" lon="10.537633029744029">
        <ele>664.79999999999995</ele>
      </trkpt>
      <trkpt lat="50.811547972261906" lon="10.537980040535331">
        <ele>666.29999999999995</ele>
      </trkpt>
      <trkpt lat="50.811751987785101" lon="10.53832596167922">
        <ele>667.39999999999998</ele>
      </trkpt>
      <trkpt lat="50.811956003308296" lon="10.538672972470522">
        <ele>668.29999999999995</ele>
      </trkpt>
      <trkpt lat="50.812249034643173" lon="10.539055019617081">
        <ele>668.5</ele>
      </trkpt>
      <trkpt lat="50.812441986054182" lon="10.539199020713568">
        <ele>667.79999999999995</ele>
      </trkpt>
      <trkpt lat="50.81252102740109" lon="10.539258029311895">
        <ele>667.60000000000002</ele>
      </trkpt>
      <trkpt lat="50.812781034037471" lon="10.539381997659802">
        <ele>666.5</ele>
      </trkpt>
      <trkpt lat="50.813041962683201" lon="10.53950697183609">
        <ele>666.29999999999995</ele>
      </trkpt>
      <trkpt lat="50.813430966809392" lon="10.539563968777657">
        <ele>666</ele>
      </trkpt>
      <trkpt lat="50.813688039779663" lon="10.539485011249781">
        <ele>665.10000000000002</ele>
      </trkpt>
      <trkpt lat="50.814061034470797" lon="10.539282001554966">
        <ele>663.5</ele>
      </trkpt>
      <trkpt lat="50.814433023333549" lon="10.539078991860151">
        <ele>662.79999999999995</ele>
      </trkpt>
      <trkpt lat="50.814805012196302" lon="10.538875982165337">
        <ele>662.79999999999995</ele>
      </trkpt>
      <trkpt lat="50.815155040472746" lon="10.538766011595726">
        <ele>664.29999999999995</ele>
      </trkpt>
      <trkpt lat="50.815412029623985" lon="10.538765005767345">
        <ele>665.89999999999998</ele>
      </trkpt>
      <trkpt lat="50.815668012946844" lon="10.538763999938965">
        <ele>663.29999999999995</ele>
      </trkpt>
      <trkpt lat="50.816070009022951" lon="10.538540035486221">
        <ele>657.60000000000002</ele>
      </trkpt>
      <trkpt lat="50.816287016496062" lon="10.538298971951008">
        <ele>659.39999999999998</ele>
      </trkpt>
      <trkpt lat="50.816504023969173" lon="10.538057992234826">
        <ele>662.79999999999995</ele>
      </trkpt>
      <trkpt lat="50.816788002848625" lon="10.537672005593777">
        <ele>668.10000000000002</ele>
      </trkpt>
      <trkpt lat="50.816915994510055" lon="10.537304040044546">
        <ele>670.29999999999995</ele>
      </trkpt>
      <trkpt lat="50.816989000886679" lon="10.536849992349744">
        <ele>671.60000000000002</ele>
      </trkpt>
      <trkpt lat="50.816981960088015" lon="10.536535000428557">
        <ele>671.70000000000005</ele>
      </trkpt>
      <trkpt lat="50.816923035308719" lon="10.536121018230915">
        <ele>671</ele>
      </trkpt>
      <trkpt lat="50.816803006455302" lon="10.535540990531445">
        <ele>670.5</ele>
      </trkpt>
      <trkpt lat="50.816682977601886" lon="10.534960962831974">
        <ele>670.39999999999998</ele>
      </trkpt>
      <trkpt lat="50.81656202673912" lon="10.534381018951535">
        <ele>668.79999999999995</ele>
      </trkpt>
      <trkpt lat="50.816558003425598" lon="10.534038031473756">
        <ele>668.10000000000002</ele>
      </trkpt>
      <trkpt lat="50.816611982882023" lon="10.533448029309511">
        <ele>668.10000000000002</ele>
      </trkpt>
      <trkpt lat="50.816666968166828" lon="10.532857021316886">
        <ele>668</ele>
      </trkpt>
      <trkpt lat="50.816722037270665" lon="10.532267019152641">
        <ele>667.70000000000005</ele>
      </trkpt>
      <trkpt lat="50.816783979535103" lon="10.531723033636808">
        <ele>666.79999999999995</ele>
      </trkpt>
      <trkpt lat="50.816846005618572" lon="10.531178964301944">
        <ele>665.20000000000005</ele>
      </trkpt>
      <trkpt lat="50.816909037530422" lon="10.530634978786111">
        <ele>663</ele>
      </trkpt>
      <trkpt lat="50.816952958703041" lon="10.530384024605155">
        <ele>662.20000000000005</ele>
      </trkpt>
      <trkpt lat="50.817023031413555" lon="10.530328033491969">
        <ele>662.89999999999998</ele>
      </trkpt>
      <trkpt lat="50.817413963377476" lon="10.530357034876943">
        <ele>668.79999999999995</ele>
      </trkpt>
      <trkpt lat="50.817712023854256" lon="10.530605977401137">
        <ele>674.70000000000005</ele>
      </trkpt>
      <trkpt lat="50.818011006340384" lon="10.530856009572744">
        <ele>676.39999999999998</ele>
      </trkpt>
      <trkpt lat="50.818313006311655" lon="10.531139988452196">
        <ele>676.20000000000005</ele>
      </trkpt>
      <trkpt lat="50.818616012111306" lon="10.531423967331648">
        <ele>675.60000000000002</ele>
      </trkpt>
      <trkpt lat="50.818918012082577" lon="10.531708030030131">
        <ele>675.60000000000002</ele>
      </trkpt>
      <trkpt lat="50.819251025095582" lon="10.532108014449477">
        <ele>677.20000000000005</ele>
      </trkpt>
      <trkpt lat="50.819583032280207" lon="10.532509004697204">
        <ele>678</ele>
      </trkpt>
      <trkpt lat="50.819739019498229" lon="10.532740009948611">
        <ele>679.10000000000002</ele>
      </trkpt>
      <trkpt lat="50.819989973679185" lon="10.533015020191669">
        <ele>679.5</ele>
      </trkpt>
      <trkpt lat="50.820231959223747" lon="10.533183999359608">
        <ele>680.10000000000002</ele>
      </trkpt>
      <trkpt lat="50.820527002215385" lon="10.533246025443077">
        <ele>679.79999999999995</ele>
      </trkpt>
      <trkpt lat="50.820869989693165" lon="10.533277038484812">
        <ele>679</ele>
      </trkpt>
      <trkpt lat="50.821212977170944" lon="10.533307967707515">
        <ele>678.29999999999995</ele>
      </trkpt>
      <trkpt lat="50.821433002129197" lon="10.533509971573949">
        <ele>680.10000000000002</ele>
      </trkpt>
      <trkpt lat="50.821652021259069" lon="10.533711975440383">
        <ele>680.39999999999998</ele>
      </trkpt>
      <trkpt lat="50.821839021518826" lon="10.533969970420003">
        <ele>680.60000000000002</ele>
      </trkpt>
      <trkpt lat="50.822027027606964" lon="10.534227965399623">
        <ele>680.60000000000002</ele>
      </trkpt>
      <trkpt lat="50.822210004553199" lon="10.53436903283">
        <ele>680.39999999999998</ele>
      </trkpt>
      <trkpt lat="50.822442015632987" lon="10.534456036984921">
        <ele>679.60000000000002</ele>
      </trkpt>
      <trkpt lat="50.822716020047665" lon="10.53501795977354">
        <ele>685.60000000000002</ele>
      </trkpt>
      <trkpt lat="50.822892040014267" lon="10.53529598750174">
        <ele>689.10000000000002</ele>
      </trkpt>
      <trkpt lat="50.823059007525444" lon="10.535433031618595">
        <ele>690.70000000000005</ele>
      </trkpt>
      <trkpt lat="50.823352038860321" lon="10.535543002188206">
        <ele>691.70000000000005</ele>
      </trkpt>
      <trkpt lat="50.823645992204547" lon="10.535653978586197">
        <ele>692.79999999999995</ele>
      </trkpt>
      <trkpt lat="50.823712041601539" lon="10.535678034648299">
        <ele>693.10000000000002</ele>
      </trkpt>
      <trkpt lat="50.823790999129415" lon="10.535707036033273">
        <ele>693.39999999999998</ele>
      </trkpt>
      <trkpt lat="50.824173968285322" lon="10.535847013816237">
        <ele>695.20000000000005</ele>
      </trkpt>
      <trkpt lat="50.824615024030209" lon="10.535914991050959">
        <ele>696.39999999999998</ele>
      </trkpt>
      <trkpt lat="50.824865978211164" lon="10.535851959139109">
        <ele>696.10000000000002</ele>
      </trkpt>
      <trkpt lat="50.825117016211152" lon="10.53578901104629">
        <ele>695.89999999999998</ele>
      </trkpt>
      <trkpt lat="50.825267974287271" lon="10.535677028819919">
        <ele>695.20000000000005</ele>
      </trkpt>
      <trkpt lat="50.825409963726997" lon="10.535420961678028">
        <ele>693.10000000000002</ele>
      </trkpt>
      <trkpt lat="50.825579026713967" lon="10.535236978903413">
        <ele>692.29999999999995</ele>
      </trkpt>
      <trkpt lat="50.825872980058193" lon="10.535038998350501">
        <ele>692.70000000000005</ele>
      </trkpt>
      <trkpt lat="50.826052017509937" lon="10.53477899171412">
        <ele>692.20000000000005</ele>
      </trkpt>
      <trkpt lat="50.826386036351323" lon="10.534668015316129">
        <ele>693.79999999999995</ele>
      </trkpt>
      <trkpt lat="50.826720977202058" lon="10.534557038918138">
        <ele>695.20000000000005</ele>
      </trkpt>
      <trkpt lat="50.827056001871824" lon="10.534444972872734">
        <ele>695.89999999999998</ele>
      </trkpt>
      <trkpt lat="50.827293964102864" lon="10.534399962052703">
        <ele>696</ele>
      </trkpt>
      <trkpt lat="50.827532010152936" lon="10.534354029223323">
        <ele>695.79999999999995</ele>
      </trkpt>
      <trkpt lat="50.827537961304188" lon="10.533750029280782">
        <ele>694.70000000000005</ele>
      </trkpt>
      <trkpt lat="50.827543996274471" lon="10.533146029338241">
        <ele>694.10000000000002</ele>
      </trkpt>
      <trkpt lat="50.827581966295838" lon="10.532544041052461">
        <ele>693.79999999999995</ele>
      </trkpt>
      <trkpt lat="50.827782964333892" lon="10.532224019989371">
        <ele>694.10000000000002</ele>
      </trkpt>
      <trkpt lat="50.827983040362597" lon="10.531903998926282">
        <ele>694.39999999999998</ele>
      </trkpt>
      <trkpt lat="50.828027967363596" lon="10.531844990327954">
        <ele>694.5</ele>
      </trkpt>
      <trkpt lat="50.828145984560251" lon="10.531653966754675">
        <ele>694.89999999999998</ele>
      </trkpt>
      <trkpt lat="50.828455025330186" lon="10.5312330275774">
        <ele>696.10000000000002</ele>
      </trkpt>
      <trkpt lat="50.828763982281089" lon="10.530810998752713">
        <ele>697.29999999999995</ele>
      </trkpt>
      <trkpt lat="50.829073023051023" lon="10.530388969928026">
        <ele>698.89999999999998</ele>
      </trkpt>
      <trkpt lat="50.829380974173546" lon="10.529967024922371">
        <ele>700.89999999999998</ele>
      </trkpt>
      <trkpt lat="50.82969001494348" lon="10.529544996097684">
        <ele>702.79999999999995</ele>
      </trkpt>
      <trkpt lat="50.830017998814583" lon="10.529154986143112">
        <ele>703.79999999999995</ele>
      </trkpt>
      <trkpt lat="50.830345982685685" lon="10.52876497618854">
        <ele>703.79999999999995</ele>
      </trkpt>
      <trkpt lat="50.830672960728407" lon="10.528375972062349">
        <ele>702.29999999999995</ele>
      </trkpt>
      <trkpt lat="50.831001028418541" lon="10.527985962107778">
        <ele>699.70000000000005</ele>
      </trkpt>
      <trkpt lat="50.831177970394492" lon="10.527650015428662">
        <ele>697.89999999999998</ele>
      </trkpt>
      <trkpt lat="50.831353990361094" lon="10.527313984930515">
        <ele>695.20000000000005</ele>
      </trkpt>
      <trkpt lat="50.831453986465931" lon="10.527217006310821">
        <ele>693.89999999999998</ele>
      </trkpt>
      <trkpt lat="50.831681974232197" lon="10.527092032134533">
        <ele>691.29999999999995</ele>
      </trkpt>
      <trkpt lat="50.831909961998463" lon="10.526966974139214">
        <ele>689.20000000000005</ele>
      </trkpt>
      <trkpt lat="50.83218296058476" lon="10.526801012456417">
        <ele>687.60000000000002</ele>
      </trkpt>
      <trkpt lat="50.83222595974803" lon="10.526775028556585">
        <ele>687.5</ele>
      </trkpt>
      <trkpt lat="50.832464005798101" lon="10.526602026075125">
        <ele>686.5</ele>
      </trkpt>
      <trkpt lat="50.832609012722969" lon="10.526516027748585">
        <ele>686</ele>
      </trkpt>
      <trkpt lat="50.832684030756354" lon="10.526431035250425">
        <ele>685.5</ele>
      </trkpt>
      <trkpt lat="50.832874970510602" lon="10.526193995028734">
        <ele>684.20000000000005</ele>
      </trkpt>
      <trkpt lat="50.833066999912262" lon="10.525957038626075">
        <ele>683.29999999999995</ele>
      </trkpt>
      <trkpt lat="50.833300016820431" lon="10.525631988421082">
        <ele>683.29999999999995</ele>
      </trkpt>
      <trkpt lat="50.833464972674847" lon="10.525298975408077">
        <ele>684</ele>
      </trkpt>
      <trkpt lat="50.833630012348294" lon="10.524966968223453">
        <ele>685.29999999999995</ele>
      </trkpt>
      <trkpt lat="50.833655996248126" lon="10.524854985997081">
        <ele>685.79999999999995</ele>
      </trkpt>
      <trkpt lat="50.833776025101542" lon="10.524316029623151">
        <ele>688.10000000000002</ele>
      </trkpt>
      <trkpt lat="50.833895970135927" lon="10.523776989430189">
        <ele>691.10000000000002</ele>
      </trkpt>
      <trkpt lat="50.834015998989344" lon="10.523237027227879">
        <ele>694</ele>
      </trkpt>
      <trkpt lat="50.834137033671141" lon="10.522697987034917">
        <ele>696.5</ele>
      </trkpt>
      <trkpt lat="50.834213979542255" lon="10.522248968482018">
        <ele>697.89999999999998</ele>
      </trkpt>
      <trkpt lat="50.834292015060782" lon="10.52180003374815">
        <ele>699.29999999999995</ele>
      </trkpt>
      <trkpt lat="50.834319004788995" lon="10.521440031006932">
        <ele>700.60000000000002</ele>
      </trkpt>
      <trkpt lat="50.834347000345588" lon="10.521080028265715">
        <ele>702.10000000000002</ele>
      </trkpt>
      <trkpt lat="50.834385976195335" lon="10.520414002239704">
        <ele>705.79999999999995</ele>
      </trkpt>
      <trkpt lat="50.834424030035734" lon="10.519746970385313">
        <ele>709.10000000000002</ele>
      </trkpt>
      <trkpt lat="50.834463005885482" lon="10.519080022349954">
        <ele>712.29999999999995</ele>
      </trkpt>
      <trkpt lat="50.834475997835398" lon="10.518781039863825">
        <ele>713.70000000000005</ele>
      </trkpt>
      <trkpt lat="50.83452302031219" lon="10.518441991880536">
        <ele>715.20000000000005</ele>
      </trkpt>
      <trkpt lat="50.834728963673115" lon="10.518044019117951">
        <ele>716.89999999999998</ele>
      </trkpt>
      <trkpt lat="50.834934990853071" lon="10.517646968364716">
        <ele>718.60000000000002</ele>
      </trkpt>
      <trkpt lat="50.835174964740872" lon="10.517272967845201">
        <ele>719.89999999999998</ele>
      </trkpt>
      <trkpt lat="50.835428014397621" lon="10.516944983974099">
        <ele>720.20000000000005</ele>
      </trkpt>
      <trkpt lat="50.835712999105453" lon="10.51666502840817">
        <ele>718.89999999999998</ele>
      </trkpt>
      <trkpt lat="50.835910979658365" lon="10.516502000391483">
        <ele>717.70000000000005</ele>
      </trkpt>
      <trkpt lat="50.836160006001592" lon="10.516376020386815">
        <ele>716.20000000000005</ele>
      </trkpt>
      <trkpt lat="50.836410038173199" lon="10.516250962391496">
        <ele>715.10000000000002</ele>
      </trkpt>
      <trkpt lat="50.836687982082367" lon="10.51589397713542">
        <ele>715.5</ele>
      </trkpt>
      <trkpt lat="50.83673701621592" lon="10.515792975202203">
        <ele>715.79999999999995</ele>
      </trkpt>
      <trkpt lat="50.836975984275341" lon="10.515328031033278">
        <ele>715.60000000000002</ele>
      </trkpt>
      <trkpt lat="50.837214030325413" lon="10.514864008873701">
        <ele>713.79999999999995</ele>
      </trkpt>
      <trkpt lat="50.837451992556453" lon="10.514398980885744">
        <ele>711.60000000000002</ele>
      </trkpt>
      <trkpt lat="50.837690038606524" lon="10.513934036716819">
        <ele>709</ele>
      </trkpt>
      <trkpt lat="50.837837979197502" lon="10.513530028983951">
        <ele>706.5</ele>
      </trkpt>
      <trkpt lat="50.83787402138114" lon="10.513065000995994">
        <ele>704.10000000000002</ele>
      </trkpt>
      <trkpt lat="50.837833033874631" lon="10.512613970786333">
        <ele>704.29999999999995</ele>
      </trkpt>
      <trkpt lat="50.837757010012865" lon="10.512009970843792">
        <ele>705.79999999999995</ele>
      </trkpt>
      <trkpt lat="50.83768199197948" lon="10.511405970901251">
        <ele>707</ele>
      </trkpt>
      <trkpt lat="50.837547965347767" lon="10.511043034493923">
        <ele>708</ele>
      </trkpt>
      <trkpt lat="50.83740103058517" lon="10.510783027857542">
        <ele>709.20000000000005</ele>
      </trkpt>
      <trkpt lat="50.837107999250293" lon="10.510376002639532">
        <ele>710.89999999999998</ele>
      </trkpt>
      <trkpt lat="50.836815973743796" lon="10.509969983249903">
        <ele>713.10000000000002</ele>
      </trkpt>
      <trkpt lat="50.836798036471009" lon="10.50970503129065">
        <ele>714.89999999999998</ele>
      </trkpt>
      <trkpt lat="50.83695100620389" lon="10.509162973612547">
        <ele>717.10000000000002</ele>
      </trkpt>
      <trkpt lat="50.837104981765151" lon="10.508620999753475">
        <ele>718.20000000000005</ele>
      </trkpt>
      <trkpt lat="50.837271027266979" lon="10.508162006735802">
        <ele>717.5</ele>
      </trkpt>
      <trkpt lat="50.837469007819891" lon="10.507753975689411">
        <ele>714.79999999999995</ele>
      </trkpt>
      <trkpt lat="50.837665982544422" lon="10.507345022633672">
        <ele>711.20000000000005</ele>
      </trkpt>
      <trkpt lat="50.837689032778144" lon="10.507012009620667">
        <ele>712.39999999999998</ele>
      </trkpt>
      <trkpt lat="50.837790034711361" lon="10.506481016054749">
        <ele>711.60000000000002</ele>
      </trkpt>
      <trkpt lat="50.837837979197502" lon="10.505941975861788">
        <ele>712.10000000000002</ele>
      </trkpt>
      <trkpt lat="50.837829010561109" lon="10.50547300837934">
        <ele>714</ele>
      </trkpt>
      <trkpt lat="50.837819958105683" lon="10.505004962906241">
        <ele>716.10000000000002</ele>
      </trkpt>
      <trkpt lat="50.837914003059268" lon="10.504331979900599">
        <ele>715.20000000000005</ele>
      </trkpt>
      <trkpt lat="50.838007964193821" lon="10.503660002723336">
        <ele>716.20000000000005</ele>
      </trkpt>
      <trkpt lat="50.838044006377459" lon="10.503104031085968">
        <ele>716.89999999999998</ele>
      </trkpt>
      <trkpt lat="50.838006036356091" lon="10.502429958432913">
        <ele>720</ele>
      </trkpt>
      <trkpt lat="50.837966976687312" lon="10.501754963770509">
        <ele>722</ele>
      </trkpt>
      <trkpt lat="50.838013999164104" lon="10.501199997961521">
        <ele>719.89999999999998</ele>
      </trkpt>
      <trkpt lat="50.838010981678963" lon="10.500646037980914">
        <ele>720.10000000000002</ele>
      </trkpt>
      <trkpt lat="50.838007964193821" lon="10.500091994181275">
        <ele>718.70000000000005</ele>
      </trkpt>
      <trkpt lat="50.8379209600389" lon="10.499636018648744">
        <ele>722.60000000000002</ele>
      </trkpt>
      <trkpt lat="50.837834039703012" lon="10.499180965125561">
        <ele>727.60000000000002</ele>
      </trkpt>
      <trkpt lat="50.837747035548091" lon="10.498724989593029">
        <ele>732.79999999999995</ele>
      </trkpt>
      <trkpt lat="50.837735971435905" lon="10.498542012646794">
        <ele>733.79999999999995</ele>
      </trkpt>
      <trkpt lat="50.837793974205852" lon="10.498040020465851">
        <ele>732.70000000000005</ele>
      </trkpt>
      <trkpt lat="50.837803026661277" lon="10.497567029669881">
        <ele>734.70000000000005</ele>
      </trkpt>
      <trkpt lat="50.837848959490657" lon="10.497034024447203">
        <ele>735.79999999999995</ele>
      </trkpt>
      <trkpt lat="50.837894976139069" lon="10.496501019224524">
        <ele>737.60000000000002</ele>
      </trkpt>
      <trkpt lat="50.83794099278748" lon="10.495968014001846">
        <ele>740.79999999999995</ele>
      </trkpt>
      <trkpt lat="50.837987009435892" lon="10.495435008779168">
        <ele>745.70000000000005</ele>
      </trkpt>
      <trkpt lat="50.837998995557427" lon="10.494939973577857">
        <ele>752.39999999999998</ele>
      </trkpt>
      <trkpt lat="50.83802699111402" lon="10.494658006355166">
        <ele>756.20000000000005</ele>
      </trkpt>
      <trkpt lat="50.838148025795817" lon="10.494218962267041">
        <ele>761.60000000000002</ele>
      </trkpt>
      <trkpt lat="50.838436027988791" lon="10.493964990600944">
        <ele>763.39999999999998</ele>
      </trkpt>
      <trkpt lat="50.838612969964743" lon="10.493872035294771">
        <ele>764.39999999999998</ele>
      </trkpt>
      <trkpt lat="50.838796030730009" lon="10.493815038353205">
        <ele>765.10000000000002</ele>
      </trkpt>
      <trkpt lat="50.839158967137337" lon="10.493778996169567">
        <ele>766.20000000000005</ele>
      </trkpt>
      <trkpt lat="50.839522993192077" lon="10.493742031976581">
        <ele>768.39999999999998</ele>
      </trkpt>
      <trkpt lat="50.839720973744988" lon="10.493801962584257">
        <ele>768.29999999999995</ele>
      </trkpt>
      <trkpt lat="50.840139985084534" lon="10.494028022512794">
        <ele>766.70000000000005</ele>
      </trkpt>
      <trkpt lat="50.840467968955636" lon="10.494315018877387">
        <ele>764.20000000000005</ele>
      </trkpt>
      <trkpt lat="50.84079603664577" lon="10.494602015241981">
        <ele>762</ele>
      </trkpt>
      <trkpt lat="50.840946994721889" lon="10.494688013568521">
        <ele>761.20000000000005</ele>
      </trkpt>
      <trkpt lat="50.841111028566957" lon="10.494716009125113">
        <ele>760.60000000000002</ele>
      </trkpt>
      <trkpt lat="50.841288976371288" lon="10.494668986648321">
        <ele>760.5</ele>
      </trkpt>
      <trkpt lat="50.841426020488143" lon="10.494542000815272">
        <ele>760.89999999999998</ele>
      </trkpt>
      <trkpt lat="50.841683009639382" lon="10.494019975885749">
        <ele>764</ele>
      </trkpt>
      <trkpt lat="50.841938992962241" lon="10.493498034775257">
        <ele>765.79999999999995</ele>
      </trkpt>
      <trkpt lat="50.842208974063396" lon="10.493001993745565">
        <ele>765.10000000000002</ele>
      </trkpt>
      <trkpt lat="50.842300001531839" lon="10.492717009037733">
        <ele>764.5</ele>
      </trkpt>
      <trkpt lat="50.842324979603291" lon="10.49217201769352">
        <ele>764</ele>
      </trkpt>
      <trkpt lat="50.842350963503122" lon="10.491628032177687">
        <ele>762.79999999999995</ele>
      </trkpt>
      <trkpt lat="50.842437967658043" lon="10.491111958399415">
        <ele>762.5</ele>
      </trkpt>
      <trkpt lat="50.842525977641344" lon="10.490595968440175">
        <ele>762.39999999999998</ele>
      </trkpt>
      <trkpt lat="50.842612981796265" lon="10.490079978480935">
        <ele>762</ele>
      </trkpt>
      <trkpt lat="50.842649023979902" lon="10.489758029580116">
        <ele>761.79999999999995</ele>
      </trkpt>
      <trkpt lat="50.842661010101438" lon="10.4893599729985">
        <ele>761.70000000000005</ele>
      </trkpt>
      <trkpt lat="50.842672996222973" lon="10.488962000235915">
        <ele>761.20000000000005</ele>
      </trkpt>
      <trkpt lat="50.842697974294424" lon="10.488835014402866">
        <ele>760.79999999999995</ele>
      </trkpt>
      <trkpt lat="50.842758994549513" lon="10.488711968064308">
        <ele>760</ele>
      </trkpt>
      <trkpt lat="50.842952029779553" lon="10.488502001389861">
        <ele>757.89999999999998</ele>
      </trkpt>
      <trkpt lat="50.843145987018943" lon="10.488292034715414">
        <ele>755.70000000000005</ele>
      </trkpt>
      <trkpt lat="50.843495009467006" lon="10.487922979518771">
        <ele>751.79999999999995</ele>
      </trkpt>
      <trkpt lat="50.843639010563493" lon="10.487702032551169">
        <ele>749.70000000000005</ele>
      </trkpt>
      <trkpt lat="50.843749986961484" lon="10.487471027299762">
        <ele>747.79999999999995</ele>
      </trkpt>
      <trkpt lat="50.843790974467993" lon="10.487323002889752">
        <ele>746.70000000000005</ele>
      </trkpt>
      <trkpt lat="50.843858029693365" lon="10.486745992675424">
        <ele>743.39999999999998</ele>
      </trkpt>
      <trkpt lat="50.843925001099706" lon="10.486167976632714">
        <ele>740.60000000000002</ele>
      </trkpt>
      <trkpt lat="50.843990966677666" lon="10.485589960590005">
        <ele>738.60000000000002</ele>
      </trkpt>
      <trkpt lat="50.844058021903038" lon="10.485013034194708">
        <ele>736.89999999999998</ele>
      </trkpt>
      <trkpt lat="50.844124993309379" lon="10.484435018151999">
        <ele>734.70000000000005</ele>
      </trkpt>
      <trkpt lat="50.844173021614552" lon="10.483867982402444">
        <ele>732.10000000000002</ele>
      </trkpt>
      <trkpt lat="50.844224989414215" lon="10.483404966071248">
        <ele>730</ele>
      </trkpt>
      <trkpt lat="50.84427603520453" lon="10.482943039387465">
        <ele>728.29999999999995</ele>
      </trkpt>
      <trkpt lat="50.844274023547769" lon="10.482572978362441">
        <ele>727.29999999999995</ele>
      </trkpt>
      <trkpt lat="50.844377037137747" lon="10.482034021988511">
        <ele>726.60000000000002</ele>
      </trkpt>
      <trkpt lat="50.844499999657273" lon="10.481683993712068">
        <ele>726.39999999999998</ele>
      </trkpt>
      <trkpt lat="50.844622040167451" lon="10.481332959607244">
        <ele>726.29999999999995</ele>
      </trkpt>
      <trkpt lat="50.844402015209198" lon="10.481255007907748">
        <ele>724.79999999999995</ele>
      </trkpt>
      <trkpt lat="50.844032960012555" lon="10.480853011831641">
        <ele>720.60000000000002</ele>
      </trkpt>
      <trkpt lat="50.844244016334414" lon="10.48027197830379">
        <ele>721.29999999999995</ele>
      </trkpt>
      <trkpt lat="50.844172015786171" lon="10.479751965031028">
        <ele>719.60000000000002</ele>
      </trkpt>
      <trkpt lat="50.844114013016224" lon="10.479588015004992">
        <ele>718.5</ele>
      </trkpt>
      <trkpt lat="50.844137985259295" lon="10.479192975908518">
        <ele>718.60000000000002</ele>
      </trkpt>
      <trkpt lat="50.844162041321397" lon="10.478798020631075">
        <ele>719</ele>
      </trkpt>
      <trkpt lat="50.844249967485666" lon="10.478309020400047">
        <ele>721.10000000000002</ele>
      </trkpt>
      <trkpt lat="50.844337977468967" lon="10.4778210259974">
        <ele>723.5</ele>
      </trkpt>
      <trkpt lat="50.844358010217547" lon="10.477360021322966">
        <ele>724.5</ele>
      </trkpt>
      <trkpt lat="50.844378964975476" lon="10.476900022476912">
        <ele>725.20000000000005</ele>
      </trkpt>
      <trkpt lat="50.844443002715707" lon="10.476308008655906">
        <ele>726.79999999999995</ele>
      </trkpt>
      <trkpt lat="50.844507040455937" lon="10.4757159948349">
        <ele>727</ele>
      </trkpt>
      <trkpt lat="50.844526989385486" lon="10.47507100738585">
        <ele>725.39999999999998</ele>
      </trkpt>
      <trkpt lat="50.84462103433907" lon="10.474573038518429">
        <ele>725.20000000000005</ele>
      </trkpt>
      <trkpt lat="50.844714995473623" lon="10.474075991660357">
        <ele>724.79999999999995</ele>
      </trkpt>
      <trkpt lat="50.844852039590478" lon="10.47354499809444">
        <ele>725</ele>
      </trkpt>
      <trkpt lat="50.844929991289973" lon="10.472889030352235">
        <ele>724.10000000000002</ele>
      </trkpt>
      <trkpt lat="50.844926973804832" lon="10.472661964595318">
        <ele>723.29999999999995</ele>
      </trkpt>
      <trkpt lat="50.844979025423527" lon="10.472315959632397">
        <ele>723.60000000000002</ele>
      </trkpt>
      <trkpt lat="50.845140041783452" lon="10.47171900048852">
        <ele>726.10000000000002</ele>
      </trkpt>
      <trkpt lat="50.845234002918005" lon="10.471331002190709">
        <ele>727.20000000000005</ele>
      </trkpt>
      <trkpt lat="50.845328969880939" lon="10.470943003892899">
        <ele>728.5</ele>
      </trkpt>
      <trkpt lat="50.845427960157394" lon="10.470441011711955">
        <ele>729.60000000000002</ele>
      </trkpt>
      <trkpt lat="50.845527034252882" lon="10.469939019531012">
        <ele>730.5</ele>
      </trkpt>
      <trkpt lat="50.845625018700957" lon="10.469436021521688">
        <ele>731.5</ele>
      </trkpt>
      <trkpt lat="50.845796009525657" lon="10.468868985772133">
        <ele>734.5</ele>
      </trkpt>
      <trkpt lat="50.845965994521976" lon="10.468301028013229">
        <ele>737.5</ele>
      </trkpt>
      <trkpt lat="50.846135979518294" lon="10.467732986435294">
        <ele>740.20000000000005</ele>
      </trkpt>
      <trkpt lat="50.846205968409777" lon="10.467441966757178">
        <ele>741</ele>
      </trkpt>
      <trkpt lat="50.846292972564697" lon="10.467137033119798">
        <ele>742.39999999999998</ele>
      </trkpt>
      <trkpt lat="50.846349969506264" lon="10.466684997081757">
        <ele>742.29999999999995</ele>
      </trkpt>
      <trkpt lat="50.84640696644783" lon="10.466233966872096">
        <ele>742.20000000000005</ele>
      </trkpt>
      <trkpt lat="50.846497993916273" lon="10.465774973854423">
        <ele>743.70000000000005</ele>
      </trkpt>
      <trkpt lat="50.846440996974707" lon="10.4651889950037">
        <ele>741.89999999999998</ele>
      </trkpt>
      <trkpt lat="50.846416018903255" lon="10.465001994743943">
        <ele>741.5</ele>
      </trkpt>
      <trkpt lat="50.846301019191742" lon="10.464545013383031">
        <ele>740.70000000000005</ele>
      </trkpt>
      <trkpt lat="50.846276041120291" lon="10.464459015056491">
        <ele>741.10000000000002</ele>
      </trkpt>
      <trkpt lat="50.846261959522963" lon="10.464373016729951">
        <ele>742</ele>
      </trkpt>
      <trkpt lat="50.84616799838841" lon="10.464151985943317">
        <ele>745</ele>
      </trkpt>
      <trkpt lat="50.846117958426476" lon="10.464118961244822">
        <ele>745.5</ele>
      </trkpt>
      <trkpt lat="50.846090968698263" lon="10.464110998436809">
        <ele>745.5</ele>
      </trkpt>
      <trkpt lat="50.845897011458874" lon="10.464241001754999">
        <ele>743</ele>
      </trkpt>
      <trkpt lat="50.845576990395784" lon="10.464561022818089">
        <ele>741</ele>
      </trkpt>
      <trkpt lat="50.845256969332695" lon="10.464880038052797">
        <ele>739.70000000000005</ele>
      </trkpt>
      <trkpt lat="50.845033004879951" lon="10.465071983635426">
        <ele>738.79999999999995</ele>
      </trkpt>
      <trkpt lat="50.844808034598827" lon="10.465265018865466">
        <ele>737.60000000000002</ele>
      </trkpt>
      <trkpt lat="50.844379970803857" lon="10.465366020798683">
        <ele>738.79999999999995</ele>
      </trkpt>
      <trkpt lat="50.843960959464312" lon="10.465162005275488">
        <ele>744</ele>
      </trkpt>
      <trkpt lat="50.843542031943798" lon="10.464958995580673">
        <ele>748.39999999999998</ele>
      </trkpt>
      <trkpt lat="50.843123020604253" lon="10.464754980057478">
        <ele>752.29999999999995</ele>
      </trkpt>
      <trkpt lat="50.842752959579229" lon="10.464823041111231">
        <ele>750.79999999999995</ele>
      </trkpt>
      <trkpt lat="50.842382982373238" lon="10.464891018345952">
        <ele>749.20000000000005</ele>
      </trkpt>
      <trkpt lat="50.842013005167246" lon="10.464958995580673">
        <ele>746.60000000000002</ele>
      </trkpt>
      <trkpt lat="50.841872021555901" lon="10.464984979480505">
        <ele>745.29999999999995</ele>
      </trkpt>
      <trkpt lat="50.841472959145904" lon="10.46482203528285">
        <ele>744.10000000000002</ele>
      </trkpt>
      <trkpt lat="50.841073980554938" lon="10.464660013094544">
        <ele>741.70000000000005</ele>
      </trkpt>
      <trkpt lat="50.840747002512217" lon="10.464434958994389">
        <ele>739.5</ele>
      </trkpt>
      <trkpt lat="50.84069000557065" lon="10.464380979537964">
        <ele>739</ele>
      </trkpt>
      <trkpt lat="50.84056100808084" lon="10.463960040360689">
        <ele>737.70000000000005</ele>
      </trkpt>
      <trkpt lat="50.84043201059103" lon="10.463538011536002">
        <ele>734.39999999999998</ele>
      </trkpt>
      <trkpt lat="50.840523038059473" lon="10.462844995781779">
        <ele>731.60000000000002</ele>
      </trkpt>
      <trkpt lat="50.840613981708884" lon="10.462151980027556">
        <ele>726.70000000000005</ele>
      </trkpt>
      <trkpt lat="50.840706015005708" lon="10.461457958444953">
        <ele>722.20000000000005</ele>
      </trkpt>
      <trkpt lat="50.840796958655119" lon="10.460765026509762">
        <ele>719.10000000000002</ele>
      </trkpt>
      <trkpt lat="50.840835012495518" lon="10.460460009053349">
        <ele>718.70000000000005</ele>
      </trkpt>
      <trkpt lat="50.840849010273814" lon="10.460233027115464">
        <ele>718.60000000000002</ele>
      </trkpt>
      <trkpt lat="50.840762006118894" lon="10.460032029077411">
        <ele>717.5</ele>
      </trkpt>
      <trkpt lat="50.840745996683836" lon="10.45996799133718">
        <ele>717.5</ele>
      </trkpt>
      <trkpt lat="50.840729987248778" lon="10.45990495942533">
        <ele>717.60000000000002</ele>
      </trkpt>
      <trkpt lat="50.840696962550282" lon="10.45977202244103">
        <ele>718</ele>
      </trkpt>
      <trkpt lat="50.840590009465814" lon="10.459693986922503">
        <ele>717.70000000000005</ele>
      </trkpt>
      <trkpt lat="50.840386999770999" lon="10.459674037992954">
        <ele>716.39999999999998</ele>
      </trkpt>
      <trkpt lat="50.840330002829432" lon="10.459634978324175">
        <ele>716.5</ele>
      </trkpt>
      <trkpt lat="50.840230006724596" lon="10.459678983315825">
        <ele>715.29999999999995</ele>
      </trkpt>
      <trkpt lat="50.839991960674524" lon="10.45968702994287">
        <ele>713.79999999999995</ele>
      </trkpt>
      <trkpt lat="50.839817030355334" lon="10.459680994972587">
        <ele>712.79999999999995</ele>
      </trkpt>
      <trkpt lat="50.839617038145661" lon="10.459616035223007">
        <ele>712.20000000000005</ele>
      </trkpt>
      <trkpt lat="50.839401036500931" lon="10.459705973044038">
        <ele>709.70000000000005</ele>
      </trkpt>
      <trkpt lat="50.839280001819134" lon="10.459804041311145">
        <ele>708</ele>
      </trkpt>
      <trkpt lat="50.839068023487926" lon="10.460132025182247">
        <ele>703.89999999999998</ele>
      </trkpt>
      <trkpt lat="50.838727969676256" lon="10.460162032395601">
        <ele>700.70000000000005</ele>
      </trkpt>
      <trkpt lat="50.838386993855238" lon="10.460191033780575">
        <ele>697</ele>
      </trkpt>
      <trkpt lat="50.838102009147406" lon="10.459993975237012">
        <ele>694.60000000000002</ele>
      </trkpt>
      <trkpt lat="50.837818030267954" lon="10.459797000512481">
        <ele>691.60000000000002</ele>
      </trkpt>
      <trkpt lat="50.83761602640152" lon="10.45951696112752">
        <ele>689.29999999999995</ele>
      </trkpt>
      <trkpt lat="50.837434977293015" lon="10.459203980863094">
        <ele>686.60000000000002</ele>
      </trkpt>
      <trkpt lat="50.837389966472983" lon="10.458610039204359">
        <ele>684.89999999999998</ele>
      </trkpt>
      <trkpt lat="50.837344033643603" lon="10.458016013726592">
        <ele>682.29999999999995</ele>
      </trkpt>
      <trkpt lat="50.837306985631585" lon="10.45751896686852">
        <ele>679.79999999999995</ele>
      </trkpt>
      <trkpt lat="50.837270021438599" lon="10.45702300965786">
        <ele>678.10000000000002</ele>
      </trkpt>
      <trkpt lat="50.837247977033257" lon="10.456481035798788">
        <ele>677.29999999999995</ele>
      </trkpt>
      <trkpt lat="50.837225010618567" lon="10.455938978120685">
        <ele>676.89999999999998</ele>
      </trkpt>
      <trkpt lat="50.837202966213226" lon="10.455397004261613">
        <ele>677.10000000000002</ele>
      </trkpt>
      <trkpt lat="50.837141023948789" lon="10.455067008733749">
        <ele>676.5</ele>
      </trkpt>
      <trkpt lat="50.837030969560146" lon="10.454812031239271">
        <ele>674.89999999999998</ele>
      </trkpt>
      <trkpt lat="50.836901972070336" lon="10.454441970214248">
        <ele>673.89999999999998</ele>
      </trkpt>
      <trkpt lat="50.836772974580526" lon="10.454071993008256">
        <ele>673.39999999999998</ele>
      </trkpt>
      <trkpt lat="50.836546998471022" lon="10.453471010550857">
        <ele>671.60000000000002</ele>
      </trkpt>
      <trkpt lat="50.836493019014597" lon="10.452944962307811">
        <ele>672.70000000000005</ele>
      </trkpt>
      <trkpt lat="50.836438033729792" lon="10.452418997883797">
        <ele>674</ele>
      </trkpt>
      <trkpt lat="50.836399979889393" lon="10.452087996527553">
        <ele>674.79999999999995</ele>
      </trkpt>
      <trkpt lat="50.836449014022946" lon="10.451434040442109">
        <ele>679.5</ele>
      </trkpt>
      <trkpt lat="50.836497964337468" lon="10.450780000537634">
        <ele>684.10000000000002</ele>
      </trkpt>
      <trkpt lat="50.836546998471022" lon="10.450125960633159">
        <ele>688.39999999999998</ele>
      </trkpt>
      <trkpt lat="50.836575999855995" lon="10.449536964297295">
        <ele>691.29999999999995</ele>
      </trkpt>
      <trkpt lat="50.836606007069349" lon="10.44894696213305">
        <ele>694.10000000000002</ele>
      </trkpt>
      <trkpt lat="50.836635008454323" lon="10.448357965797186">
        <ele>696.89999999999998</ele>
      </trkpt>
      <trkpt lat="50.836664009839296" lon="10.447767963632941">
        <ele>698.5</ele>
      </trkpt>
      <trkpt lat="50.83669301122427" lon="10.447178967297077">
        <ele>699.20000000000005</ele>
      </trkpt>
      <trkpt lat="50.836753025650978" lon="10.446591982617974">
        <ele>700</ele>
      </trkpt>
      <trkpt lat="50.836813040077686" lon="10.446004997938871">
        <ele>700</ele>
      </trkpt>
      <trkpt lat="50.836872970685363" lon="10.445417007431388">
        <ele>699.20000000000005</ele>
      </trkpt>
      <trkpt lat="50.836946982890368" lon="10.445019034668803">
        <ele>699.10000000000002</ele>
      </trkpt>
      <trkpt lat="50.837022000923753" lon="10.444620978087187">
        <ele>698.60000000000002</ele>
      </trkpt>
      <trkpt lat="50.837158961221576" lon="10.444233985617757">
        <ele>699.29999999999995</ele>
      </trkpt>
      <trkpt lat="50.83729600533843" lon="10.443846993148327">
        <ele>699.20000000000005</ele>
      </trkpt>
      <trkpt lat="50.837551988661289" lon="10.443350030109286">
        <ele>699.10000000000002</ele>
      </trkpt>
      <trkpt lat="50.837807971984148" lon="10.442851977422833">
        <ele>697.39999999999998</ele>
      </trkpt>
      <trkpt lat="50.837869998067617" lon="10.442615021020174">
        <ele>695.79999999999995</ele>
      </trkpt>
      <trkpt lat="50.837858011946082" lon="10.442461967468262">
        <ele>694.39999999999998</ele>
      </trkpt>
      <trkpt lat="50.837816018611193" lon="10.442328024655581">
        <ele>693</ele>
      </trkpt>
      <trkpt lat="50.837743012234569" lon="10.442211013287306">
        <ele>691.70000000000005</ele>
      </trkpt>
      <trkpt lat="50.837464984506369" lon="10.441991994157434">
        <ele>688</ele>
      </trkpt>
      <trkpt lat="50.8371870405972" lon="10.441771969199181">
        <ele>684.10000000000002</ele>
      </trkpt>
      <trkpt lat="50.83690800704062" lon="10.44155303388834">
        <ele>680.79999999999995</ele>
      </trkpt>
      <trkpt lat="50.836577005684376" lon="10.441338960081339">
        <ele>677.20000000000005</ele>
      </trkpt>
      <trkpt lat="50.83645798265934" lon="10.441209962591529">
        <ele>676.10000000000002</ele>
      </trkpt>
      <trkpt lat="50.836370978504419" lon="10.441073002293706">
        <ele>675.29999999999995</ele>
      </trkpt>
      <trkpt lat="50.836346000432968" lon="10.440855994820595">
        <ele>674.39999999999998</ele>
      </trkpt>
      <trkpt lat="50.836354969069362" lon="10.440715011209249">
        <ele>673.89999999999998</ele>
      </trkpt>
      <trkpt lat="50.836557978764176" lon="10.440556006506085">
        <ele>673.79999999999995</ele>
      </trkpt>
      <trkpt lat="50.836701979860663" lon="10.440581990405917">
        <ele>674.10000000000002</ele>
      </trkpt>
      <trkpt lat="50.8370800036937" lon="10.440528010949492">
        <ele>675.20000000000005</ele>
      </trkpt>
      <trkpt lat="50.837458027526736" lon="10.440475037321448">
        <ele>677.29999999999995</ele>
      </trkpt>
      <trkpt lat="50.837836973369122" lon="10.440421979874372">
        <ele>678.5</ele>
      </trkpt>
      <trkpt lat="50.838214997202158" lon="10.440368000417948">
        <ele>677.5</ele>
      </trkpt>
      <trkpt lat="50.838593021035194" lon="10.440315026789904">
        <ele>675.5</ele>
      </trkpt>
      <trkpt lat="50.838836012408137" lon="10.440303040668368">
        <ele>673.70000000000005</ele>
      </trkpt>
      <trkpt lat="50.839090989902616" lon="10.440340004861355">
        <ele>672.5</ele>
      </trkpt>
      <trkpt lat="50.839345967397094" lon="10.440377974882722">
        <ele>672.5</ele>
      </trkpt>
      <trkpt lat="50.839518969878554" lon="10.440360037609935">
        <ele>672.79999999999995</ele>
      </trkpt>
      <trkpt lat="50.839618965983391" lon="10.440274961292744">
        <ele>672.5</ele>
      </trkpt>
      <trkpt lat="50.839675962924957" lon="10.44024202041328">
        <ele>672.60000000000002</ele>
      </trkpt>
      <trkpt lat="50.839720973744988" lon="10.440228022634983">
        <ele>672.79999999999995</ele>
      </trkpt>
      <trkpt lat="50.839863969013095" lon="10.4402219876647">
        <ele>674</ele>
      </trkpt>
      <trkpt lat="50.840115007013083" lon="10.440118974074721">
        <ele>675.89999999999998</ele>
      </trkpt>
      <trkpt lat="50.840295972302556" lon="10.44011302292347">
        <ele>678.10000000000002</ele>
      </trkpt>
      <trkpt lat="50.840493030846119" lon="10.440012020990252">
        <ele>680.39999999999998</ele>
      </trkpt>
      <trkpt lat="50.840666033327579" lon="10.440001040697098">
        <ele>682.89999999999998</ele>
      </trkpt>
      <trkpt lat="50.841074986383319" lon="10.440091984346509">
        <ele>689.89999999999998</ele>
      </trkpt>
      <trkpt lat="50.841261986643076" lon="10.439929040148854">
        <ele>692.10000000000002</ele>
      </trkpt>
      <trkpt lat="50.841602962464094" lon="10.439717983826995">
        <ele>696.79999999999995</ele>
      </trkpt>
      <trkpt lat="50.841944022104144" lon="10.439507011324167">
        <ele>701.29999999999995</ele>
      </trkpt>
      <trkpt lat="50.842284997925162" lon="10.43929603882134">
        <ele>706</ele>
      </trkpt>
      <trkpt lat="50.842625973746181" lon="10.43908498249948">
        <ele>711.10000000000002</ele>
      </trkpt>
      <trkpt lat="50.842747008427978" lon="10.438813995569944">
        <ele>711.79999999999995</ele>
      </trkpt>
      <trkpt lat="50.842851027846336" lon="10.438677035272121">
        <ele>713.29999999999995</ele>
      </trkpt>
      <trkpt lat="50.843083960935473" lon="10.438388027250767">
        <ele>716.89999999999998</ele>
      </trkpt>
      <trkpt lat="50.843315972015262" lon="10.438100025057793">
        <ele>720.39999999999998</ele>
      </trkpt>
      <trkpt lat="50.843123020604253" lon="10.437915958464146">
        <ele>716.79999999999995</ele>
      </trkpt>
      <trkpt lat="50.842929985374212" lon="10.43773197568953">
        <ele>713</ele>
      </trkpt>
      <trkpt lat="50.84262304008007" lon="10.437737004831433">
        <ele>707.10000000000002</ele>
      </trkpt>
      <trkpt lat="50.842447020113468" lon="10.437799030914903">
        <ele>703.60000000000002</ele>
      </trkpt>
      <trkpt lat="50.842281980440021" lon="10.43777396902442">
        <ele>700.29999999999995</ele>
      </trkpt>
      <trkpt lat="50.842116018757224" lon="10.437651006504893">
        <ele>697.10000000000002</ele>
      </trkpt>
      <trkpt lat="50.841977968811989" lon="10.437487978488207">
        <ele>694.5</ele>
      </trkpt>
      <trkpt lat="50.841716034337878" lon="10.436950027942657">
        <ele>689.89999999999998</ele>
      </trkpt>
      <trkpt lat="50.841651996597648" lon="10.43689202517271">
        <ele>688.70000000000005</ele>
      </trkpt>
      <trkpt lat="50.841550994664431" lon="10.436861012130976">
        <ele>686.89999999999998</ele>
      </trkpt>
      <trkpt lat="50.841431971639395" lon="10.436287019401789">
        <ele>686.10000000000002</ele>
      </trkpt>
      <trkpt lat="50.841314038261771" lon="10.435713026672602">
        <ele>685.70000000000005</ele>
      </trkpt>
      <trkpt lat="50.841195015236735" lon="10.435139033943415">
        <ele>684.5</ele>
      </trkpt>
      <trkpt lat="50.841038022190332" lon="10.434516007080674">
        <ele>682.5</ele>
      </trkpt>
      <trkpt lat="50.84088203497231" lon="10.433892980217934">
        <ele>680.20000000000005</ele>
      </trkpt>
      <trkpt lat="50.840701991692185" lon="10.433280011638999">
        <ele>677.20000000000005</ele>
      </trkpt>
      <trkpt lat="50.840511973947287" lon="10.432792017236352">
        <ele>674</ele>
      </trkpt>
      <trkpt lat="50.840299995616078" lon="10.432266974821687">
        <ele>670.5</ele>
      </trkpt>
      <trkpt lat="50.84008701145649" lon="10.431743022054434">
        <ele>666.89999999999998</ele>
      </trkpt>
      <trkpt lat="50.839876960963011" lon="10.431275982409716">
        <ele>663</ele>
      </trkpt>
      <trkpt lat="50.839665988460183" lon="10.430809026584029">
        <ele>659.39999999999998</ele>
      </trkpt>
      <trkpt lat="50.839456021785736" lon="10.430341986939311">
        <ele>655.60000000000002</ele>
      </trkpt>
      <trkpt lat="50.839244965463877" lon="10.429874025285244">
        <ele>652</ele>
      </trkpt>
      <trkpt lat="50.83903499878943" lon="10.429406985640526">
        <ele>648.39999999999998</ele>
      </trkpt>
      <trkpt lat="50.839007003232837" lon="10.429128035902977">
        <ele>647.70000000000005</ele>
      </trkpt>
      <trkpt lat="50.839023012667894" lon="10.428736014291644">
        <ele>647.60000000000002</ele>
      </trkpt>
      <trkpt lat="50.839039022102952" lon="10.428343992680311">
        <ele>647.79999999999995</ele>
      </trkpt>
      <trkpt lat="50.839022006839514" lon="10.427699005231261">
        <ele>647.39999999999998</ele>
      </trkpt>
      <trkpt lat="50.838937014341354" lon="10.427026022225618">
        <ele>646.10000000000002</ele>
      </trkpt>
      <trkpt lat="50.83882000297308" lon="10.426696026697755">
        <ele>644.20000000000005</ele>
      </trkpt>
      <trkpt lat="50.838736016303301" lon="10.426560994237661">
        <ele>642.79999999999995</ele>
      </trkpt>
      <trkpt lat="50.83860500715673" lon="10.426481030881405">
        <ele>640.70000000000005</ele>
      </trkpt>
      <trkpt lat="50.838409960269928" lon="10.426459992304444">
        <ele>637.60000000000002</ele>
      </trkpt>
      <trkpt lat="50.83877700380981" lon="10.426310040056705">
        <ele>643.5</ele>
      </trkpt>
      <trkpt lat="50.839108005166054" lon="10.426251031458378">
        <ele>649.29999999999995</ele>
      </trkpt>
      <trkpt lat="50.839439006522298" lon="10.42619202286005">
        <ele>655.79999999999995</ele>
      </trkpt>
      <trkpt lat="50.839601028710604" lon="10.426133014261723">
        <ele>659.29999999999995</ele>
      </trkpt>
      <trkpt lat="50.839758021757007" lon="10.426006028428674">
        <ele>662.79999999999995</ele>
      </trkpt>
      <trkpt lat="50.840061027556658" lon="10.425659017637372">
        <ele>669.89999999999998</ele>
      </trkpt>
      <trkpt lat="50.840363027527928" lon="10.42531100101769">
        <ele>677.39999999999998</ele>
      </trkpt>
      <trkpt lat="50.840665027499199" lon="10.424962984398007">
        <ele>685</ele>
      </trkpt>
      <trkpt lat="50.840895026922226" lon="10.424664001911879">
        <ele>690.60000000000002</ele>
      </trkpt>
      <trkpt lat="50.841125026345253" lon="10.424364013597369">
        <ele>695.60000000000002</ele>
      </trkpt>
      <trkpt lat="50.841272966936231" lon="10.42417399585247">
        <ele>698.60000000000002</ele>
      </trkpt>
      <trkpt lat="50.841444963589311" lon="10.423882976174355">
        <ele>701.70000000000005</ele>
      </trkpt>
      <trkpt lat="50.841616960242391" lon="10.42359204031527">
        <ele>704.79999999999995</ele>
      </trkpt>
      <trkpt lat="50.841803038492799" lon="10.423188032582402">
        <ele>707.60000000000002</ele>
      </trkpt>
      <trkpt lat="50.841990038752556" lon="10.422784024849534">
        <ele>709.89999999999998</ele>
      </trkpt>
      <trkpt lat="50.842176033183932" lon="10.422381022945046">
        <ele>711.60000000000002</ele>
      </trkpt>
      <trkpt lat="50.842262031510472" lon="10.422271974384785">
        <ele>712.20000000000005</ele>
      </trkpt>
      <trkpt lat="50.842668972909451" lon="10.421977015212178">
        <ele>714.10000000000002</ele>
      </trkpt>
      <trkpt lat="50.842998968437314" lon="10.421753972768784">
        <ele>714.89999999999998</ele>
      </trkpt>
      <trkpt lat="50.843328963965178" lon="10.421531014144421">
        <ele>714.89999999999998</ele>
      </trkpt>
      <trkpt lat="50.843476988375187" lon="10.421277964487672">
        <ele>713.89999999999998</ele>
      </trkpt>
      <trkpt lat="50.843554018065333" lon="10.420935982838273">
        <ele>712.10000000000002</ele>
      </trkpt>
      <trkpt lat="50.843630963936448" lon="10.420595007017255">
        <ele>710.10000000000002</ele>
      </trkpt>
      <trkpt lat="50.843711011111736" lon="10.420425022020936">
        <ele>709.20000000000005</ele>
      </trkpt>
      <trkpt lat="50.843837996944785" lon="10.42024003341794">
        <ele>708.29999999999995</ele>
      </trkpt>
      <trkpt lat="50.844071013852954" lon="10.41996099986136">
        <ele>707.10000000000002</ele>
      </trkpt>
      <trkpt lat="50.844303024932742" lon="10.41968297213316">
        <ele>706.20000000000005</ele>
      </trkpt>
      <trkpt lat="50.84455800242722" lon="10.419419026002288">
        <ele>705.5</ele>
      </trkpt>
      <trkpt lat="50.844812979921699" lon="10.419154996052384">
        <ele>705</ele>
      </trkpt>
      <trkpt lat="50.845034010708332" lon="10.418940000236034">
        <ele>704.79999999999995</ele>
      </trkpt>
      <trkpt lat="50.845221010968089" lon="10.418685022741556">
        <ele>704.60000000000002</ele>
      </trkpt>
      <trkpt lat="50.845408011227846" lon="10.418429039418697">
        <ele>704.79999999999995</ele>
      </trkpt>
      <trkpt lat="50.845628958195448" lon="10.418224018067122">
        <ele>705.5</ele>
      </trkpt>
      <trkpt lat="50.845849988982081" lon="10.418018996715546">
        <ele>706.70000000000005</ele>
      </trkpt>
      <trkpt lat="50.846106978133321" lon="10.417722025886178">
        <ele>708.70000000000005</ele>
      </trkpt>
      <trkpt lat="50.846329014748335" lon="10.417375015094876">
        <ele>711.20000000000005</ele>
      </trkpt>
      <trkpt lat="50.846550967544317" lon="10.417026998475194">
        <ele>714.10000000000002</ele>
      </trkpt>
      <trkpt lat="50.846773004159331" lon="10.416678981855512">
        <ele>717</ele>
      </trkpt>
      <trkpt lat="50.846838969737291" lon="10.416575968265533">
        <ele>717.89999999999998</ele>
      </trkpt>
      <trkpt lat="50.847095958888531" lon="10.416076993569732">
        <ele>720.79999999999995</ele>
      </trkpt>
      <trkpt lat="50.847269967198372" lon="10.415740963071585">
        <ele>722.5</ele>
      </trkpt>
      <trkpt lat="50.847443975508213" lon="10.415404010564089">
        <ele>724.20000000000005</ele>
      </trkpt>
      <trkpt lat="50.847545983269811" lon="10.415078960359097">
        <ele>725.39999999999998</ele>
      </trkpt>
      <trkpt lat="50.84758697077632" lon="10.414836974814534">
        <ele>725.89999999999998</ele>
      </trkpt>
      <trkpt lat="50.847625024616718" lon="10.414330959320068">
        <ele>726.89999999999998</ele>
      </trkpt>
      <trkpt lat="50.847771037369967" lon="10.413913037627935">
        <ele>728.79999999999995</ele>
      </trkpt>
      <trkpt lat="50.847916966304183" lon="10.413496037945151">
        <ele>730.20000000000005</ele>
      </trkpt>
      <trkpt lat="50.848173033446074" lon="10.413140980526805">
        <ele>732</ele>
      </trkpt>
      <trkpt lat="50.848516020923853" lon="10.412880973890424">
        <ele>733.70000000000005</ele>
      </trkpt>
      <trkpt lat="50.848858002573252" lon="10.412620967254043">
        <ele>735.10000000000002</ele>
      </trkpt>
      <trkpt lat="50.849200990051031" lon="10.412360960617661">
        <ele>735.79999999999995</ele>
      </trkpt>
      <trkpt lat="50.849353037774563" lon="10.412341011688113">
        <ele>735.79999999999995</ele>
      </trkpt>
      <trkpt lat="50.849616983905435" lon="10.412318967282772">
        <ele>735.5</ele>
      </trkpt>
      <trkpt lat="50.849823011085391" lon="10.412253001704812">
        <ele>735</ele>
      </trkpt>
      <trkpt lat="50.849872967228293" lon="10.412237998098135">
        <ele>734.89999999999998</ele>
      </trkpt>
      <trkpt lat="50.849909009411931" lon="10.411985032260418">
        <ele>734.70000000000005</ele>
      </trkpt>
      <trkpt lat="50.8499710354954" lon="10.411794008687139">
        <ele>734.60000000000002</ele>
      </trkpt>
      <trkpt lat="50.850106989964843" lon="10.411485973745584">
        <ele>734.10000000000002</ele>
      </trkpt>
      <trkpt lat="50.850227018818259" lon="10.411287993192673">
        <ele>733.39999999999998</ele>
      </trkpt>
      <trkpt lat="50.850300025194883" lon="10.411083977669477">
        <ele>733.10000000000002</ele>
      </trkpt>
      <trkpt lat="50.850416030734777" lon="10.410705031827092">
        <ele>732.10000000000002</ele>
      </trkpt>
      <trkpt lat="50.850496999919415" lon="10.410172026604414">
        <ele>730.5</ele>
      </trkpt>
      <trkpt lat="50.850578974932432" lon="10.409638015553355">
        <ele>727.79999999999995</ele>
      </trkpt>
      <trkpt lat="50.850608982145786" lon="10.409335009753704">
        <ele>726.10000000000002</ele>
      </trkpt>
      <trkpt lat="50.850555002689362" lon="10.408843997865915">
        <ele>724.39999999999998</ele>
      </trkpt>
      <trkpt lat="50.850370014086366" lon="10.408464968204498">
        <ele>724.39999999999998</ele>
      </trkpt>
      <trkpt lat="50.85022903047502" lon="10.408043023198843">
        <ele>723.20000000000005</ele>
      </trkpt>
      <trkpt lat="50.850087963044643" lon="10.407720990478992">
        <ele>722.10000000000002</ele>
      </trkpt>
      <trkpt lat="50.849959971383214" lon="10.407569026574492">
        <ele>722.10000000000002</ele>
      </trkpt>
      <trkpt lat="50.849688984453678" lon="10.407395018264651">
        <ele>723.10000000000002</ele>
      </trkpt>
      <trkpt lat="50.849495027214289" lon="10.407144986093044">
        <ele>722.79999999999995</ele>
      </trkpt>
      <trkpt lat="50.849296962842345" lon="10.40670501999557">
        <ele>720.89999999999998</ele>
      </trkpt>
      <trkpt lat="50.849071992561221" lon="10.406305035576224">
        <ele>719.29999999999995</ele>
      </trkpt>
      <trkpt lat="50.848847022280097" lon="10.405905973166227">
        <ele>717.39999999999998</ele>
      </trkpt>
      <trkpt lat="50.848577041178942" lon="10.405543958768249">
        <ele>715.60000000000002</ele>
      </trkpt>
      <trkpt lat="50.848306976258755" lon="10.405183034017682">
        <ele>711.29999999999995</ele>
      </trkpt>
      <trkpt lat="50.848185019567609" lon="10.405077002942562">
        <ele>709.5</ele>
      </trkpt>
      <trkpt lat="50.848275041207671" lon="10.404756981879473">
        <ele>702.60000000000002</ele>
      </trkpt>
      <trkpt lat="50.848590033128858" lon="10.404845997691154">
        <ele>703.60000000000002</ele>
      </trkpt>
      <trkpt lat="50.848905025050044" lon="10.404934007674456">
        <ele>703.5</ele>
      </trkpt>
      <trkpt lat="50.849221022799611" lon="10.405023023486137">
        <ele>702.79999999999995</ele>
      </trkpt>
      <trkpt lat="50.849449010565877" lon="10.405041966587305">
        <ele>701.60000000000002</ele>
      </trkpt>
      <trkpt lat="50.849723014980555" lon="10.404992010444403">
        <ele>699.29999999999995</ele>
      </trkpt>
      <trkpt lat="50.849997019395232" lon="10.404942976310849">
        <ele>697</ele>
      </trkpt>
      <trkpt lat="50.850352998822927" lon="10.404952028766274">
        <ele>694.89999999999998</ele>
      </trkpt>
      <trkpt lat="50.850708978250623" lon="10.404960997402668">
        <ele>692.79999999999995</ele>
      </trkpt>
      <trkpt lat="50.851064035668969" lon="10.404969966039062">
        <ele>691</ele>
      </trkpt>
      <trkpt lat="50.851420015096664" lon="10.404979018494487">
        <ele>689.39999999999998</ele>
      </trkpt>
      <trkpt lat="50.851678010076284" lon="10.40511597879231">
        <ele>689.70000000000005</ele>
      </trkpt>
      <trkpt lat="50.851936005055904" lon="10.405253022909164">
        <ele>690.10000000000002</ele>
      </trkpt>
      <trkpt lat="50.851957965642214" lon="10.405256962403655">
        <ele>690</ele>
      </trkpt>
      <trkpt lat="50.852276980876923" lon="10.405316976830363">
        <ele>689.79999999999995</ele>
      </trkpt>
      <trkpt lat="50.852516032755375" lon="10.405225027352571">
        <ele>689.10000000000002</ele>
      </trkpt>
      <trkpt lat="50.852695992216468" lon="10.405086977407336">
        <ele>688.5</ele>
      </trkpt>
      <trkpt lat="50.852789031341672" lon="10.404958985745907">
        <ele>688.10000000000002</ele>
      </trkpt>
      <trkpt lat="50.852908976376057" lon="10.404718006029725">
        <ele>688</ele>
      </trkpt>
      <trkpt lat="50.853038979694247" lon="10.40427703410387">
        <ele>687.79999999999995</ele>
      </trkpt>
      <trkpt lat="50.853127995505929" lon="10.403744028881192">
        <ele>687</ele>
      </trkpt>
      <trkpt lat="50.853218017145991" lon="10.403211023658514">
        <ele>685.89999999999998</ele>
      </trkpt>
      <trkpt lat="50.853307032957673" lon="10.402678018435836">
        <ele>684.39999999999998</ele>
      </trkpt>
      <trkpt lat="50.853468971326947" lon="10.402227994054556">
        <ele>684.5</ele>
      </trkpt>
      <trkpt lat="50.853640967980027" lon="10.401919959113002">
        <ele>685.39999999999998</ele>
      </trkpt>
      <trkpt lat="50.853811958804727" lon="10.401612007990479">
        <ele>686</ele>
      </trkpt>
      <trkpt lat="50.853965012356639" lon="10.401425007730722">
        <ele>686.79999999999995</ele>
      </trkpt>
      <trkpt lat="50.854093004018068" lon="10.401342026889324">
        <ele>688.10000000000002</ele>
      </trkpt>
      <trkpt lat="50.854304982349277" lon="10.401388965547085">
        <ele>692.10000000000002</ele>
      </trkpt>
      <trkpt lat="50.854593990370631" lon="10.401228033006191">
        <ele>694.79999999999995</ele>
      </trkpt>
      <trkpt lat="50.854848967865109" lon="10.400744983926415">
        <ele>692.79999999999995</ele>
      </trkpt>
      <trkpt lat="50.855104029178619" lon="10.400263024494052">
        <ele>689.89999999999998</ele>
      </trkpt>
      <trkpt lat="50.855275020003319" lon="10.400058003142476">
        <ele>689.29999999999995</ele>
      </trkpt>
      <trkpt lat="50.855423966422677" lon="10.399932023137808">
        <ele>689.39999999999998</ele>
      </trkpt>
      <trkpt lat="50.855825962498784" lon="10.399780981242657">
        <ele>691.89999999999998</ele>
      </trkpt>
      <trkpt lat="50.856250002980232" lon="10.399767989292741">
        <ele>695.20000000000005</ele>
      </trkpt>
      <trkpt lat="50.8566730376333" lon="10.399756003171206">
        <ele>697</ele>
      </trkpt>
      <trkpt lat="50.857038991525769" lon="10.399617031216621">
        <ele>697.10000000000002</ele>
      </trkpt>
      <trkpt lat="50.85740502923727" lon="10.399477975443006">
        <ele>697.39999999999998</ele>
      </trkpt>
      <trkpt lat="50.857569985091686" lon="10.399339003488421">
        <ele>697.10000000000002</ele>
      </trkpt>
      <trkpt lat="50.857639973983169" lon="10.399238001555204">
        <ele>696.79999999999995</ele>
      </trkpt>
      <trkpt lat="50.857680039480329" lon="10.399086037650704">
        <ele>696.10000000000002</ele>
      </trkpt>
      <trkpt lat="50.857746005058289" lon="10.398890990763903">
        <ele>695.39999999999998</ele>
      </trkpt>
      <trkpt lat="50.857752040028572" lon="10.398524031043053">
        <ele>693.29999999999995</ele>
      </trkpt>
      <trkpt lat="50.857757991179824" lon="10.398156987503171">
        <ele>691.5</ele>
      </trkpt>
      <trkpt lat="50.857737958431244" lon="10.397797990590334">
        <ele>690</ele>
      </trkpt>
      <trkpt lat="50.857718009501696" lon="10.397439999505877">
        <ele>688.79999999999995</ele>
      </trkpt>
      <trkpt lat="50.857714992016554" lon="10.397256016731262">
        <ele>688.39999999999998</ele>
      </trkpt>
      <trkpt lat="50.857702000066638" lon="10.396615974605083">
        <ele>687.70000000000005</ele>
      </trkpt>
      <trkpt lat="50.857689008116722" lon="10.395976016297936">
        <ele>687.70000000000005</ele>
      </trkpt>
      <trkpt lat="50.857677021995187" lon="10.395335974171758">
        <ele>688.39999999999998</ele>
      </trkpt>
      <trkpt lat="50.857664030045271" lon="10.394697021692991">
        <ele>689</ele>
      </trkpt>
      <trkpt lat="50.857651038095355" lon="10.394056979566813">
        <ele>689.10000000000002</ele>
      </trkpt>
      <trkpt lat="50.857637962326407" lon="10.393417021259665">
        <ele>688.70000000000005</ele>
      </trkpt>
      <trkpt lat="50.857624970376492" lon="10.392776979133487">
        <ele>687.10000000000002</ele>
      </trkpt>
      <trkpt lat="50.857611978426576" lon="10.39213702082634">
        <ele>684.29999999999995</ele>
      </trkpt>
      <trkpt lat="50.85761901922524" lon="10.391588006168604">
        <ele>681.20000000000005</ele>
      </trkpt>
      <trkpt lat="50.857779029756784" lon="10.390960033982992">
        <ele>678.20000000000005</ele>
      </trkpt>
      <trkpt lat="50.857939962297678" lon="10.390330972149968">
        <ele>674.29999999999995</ele>
      </trkpt>
      <trkpt lat="50.858099972829223" lon="10.389701994135976">
        <ele>670.20000000000005</ele>
      </trkpt>
      <trkpt lat="50.858260989189148" lon="10.389073016121984">
        <ele>666.29999999999995</ele>
      </trkpt>
      <trkpt lat="50.858420999720693" lon="10.388444038107991">
        <ele>662.20000000000005</ele>
      </trkpt>
      <trkpt lat="50.858582016080618" lon="10.387815982103348">
        <ele>657.89999999999998</ele>
      </trkpt>
      <trkpt lat="50.858743032440543" lon="10.387187004089355">
        <ele>653.60000000000002</ele>
      </trkpt>
      <trkpt lat="50.858894996345043" lon="10.38659599609673">
        <ele>651.70000000000005</ele>
      </trkpt>
      <trkpt lat="50.859047966077924" lon="10.386004988104105">
        <ele>650.60000000000002</ele>
      </trkpt>
      <trkpt lat="50.859201019629836" lon="10.38541398011148">
        <ele>649</ele>
      </trkpt>
      <trkpt lat="50.859353989362717" lon="10.384822972118855">
        <ele>647</ele>
      </trkpt>
      <trkpt lat="50.859161037951708" lon="10.384288961067796">
        <ele>645.60000000000002</ele>
      </trkpt>
      <trkpt lat="50.85912499576807" lon="10.384160969406366">
        <ele>645.29999999999995</ele>
      </trkpt>
      <trkpt lat="50.859112003818154" lon="10.384114030748606">
        <ele>645.20000000000005</ele>
      </trkpt>
      <trkpt lat="50.859075039625168" lon="10.383949996903539">
        <ele>645</ele>
      </trkpt>
      <trkpt lat="50.85910496301949" lon="10.383563004434109">
        <ele>644.39999999999998</ele>
      </trkpt>
      <trkpt lat="50.859225997701287" lon="10.383166959509254">
        <ele>644.20000000000005</ele>
      </trkpt>
      <trkpt lat="50.859483992680907" lon="10.382589027285576">
        <ele>644.89999999999998</ele>
      </trkpt>
      <trkpt lat="50.859741987660527" lon="10.382011011242867">
        <ele>646.5</ele>
      </trkpt>
      <trkpt lat="50.860000988468528" lon="10.381434001028538">
        <ele>643.89999999999998</ele>
      </trkpt>
      <trkpt lat="50.860258983448148" lon="10.380855984985828">
        <ele>641</ele>
      </trkpt>
      <trkpt lat="50.860213972628117" lon="10.380827989429235">
        <ele>641</ele>
      </trkpt>
      <trkpt lat="50.8603719715029" lon="10.380348963662982">
        <ele>642.29999999999995</ele>
      </trkpt>
      <trkpt lat="50.860528964549303" lon="10.379871027544141">
        <ele>645.29999999999995</ele>
      </trkpt>
      <trkpt lat="50.860597025603056" lon="10.379585037007928">
        <ele>647.29999999999995</ele>
      </trkpt>
      <trkpt lat="50.860640024766326" lon="10.379241965711117">
        <ele>649.70000000000005</ele>
      </trkpt>
      <trkpt lat="50.860641030594707" lon="10.378956981003284">
        <ele>651.5</ele>
      </trkpt>
      <trkpt lat="50.860545979812741" lon="10.378408972173929">
        <ele>653.89999999999998</ele>
      </trkpt>
      <trkpt lat="50.860513960942626" lon="10.378045029938221">
        <ele>655.39999999999998</ele>
      </trkpt>
      <trkpt lat="50.860522007569671" lon="10.377601040527225">
        <ele>657.79999999999995</ele>
      </trkpt>
      <trkpt lat="50.860529970377684" lon="10.377156967297196">
        <ele>660.39999999999998</ele>
      </trkpt>
      <trkpt lat="50.860460987314582" lon="10.376796964555979">
        <ele>661.60000000000002</ele>
      </trkpt>
      <trkpt lat="50.860393010079861" lon="10.376436039805412">
        <ele>662.70000000000005</ele>
      </trkpt>
      <trkpt lat="50.86028303951025" lon="10.376005964353681">
        <ele>663.5</ele>
      </trkpt>
      <trkpt lat="50.860171979293227" lon="10.3755749668926">
        <ele>663.89999999999998</ele>
      </trkpt>
      <trkpt lat="50.860166028141975" lon="10.375182023271918">
        <ele>665.70000000000005</ele>
      </trkpt>
      <trkpt lat="50.860211960971355" lon="10.375066017732024">
        <ele>667</ele>
      </trkpt>
      <trkpt lat="50.860461993142962" lon="10.374786984175444">
        <ele>671.70000000000005</ele>
      </trkpt>
      <trkpt lat="50.860712025314569" lon="10.374508034437895">
        <ele>675.89999999999998</ele>
      </trkpt>
      <trkpt lat="50.860942024737597" lon="10.37417602725327">
        <ele>679.10000000000002</ele>
      </trkpt>
      <trkpt lat="50.861172024160624" lon="10.373845025897026">
        <ele>681.29999999999995</ele>
      </trkpt>
      <trkpt lat="50.861402023583651" lon="10.373514024540782">
        <ele>682</ele>
      </trkpt>
      <trkpt lat="50.861612996086478" lon="10.373364994302392">
        <ele>682.39999999999998</ele>
      </trkpt>
      <trkpt lat="50.861865039914846" lon="10.373104987666011">
        <ele>682.10000000000002</ele>
      </trkpt>
      <trkpt lat="50.8622180018574" lon="10.372826959937811">
        <ele>682.20000000000005</ele>
      </trkpt>
      <trkpt lat="50.862570041790605" lon="10.372549016028643">
        <ele>682.39999999999998</ele>
      </trkpt>
      <trkpt lat="50.862923003733158" lon="10.372269982472062">
        <ele>682.79999999999995</ele>
      </trkpt>
      <trkpt lat="50.863001039251685" lon="10.372208962216973">
        <ele>682.89999999999998</ele>
      </trkpt>
      <trkpt lat="50.863231960684061" lon="10.371844014152884">
        <ele>683.79999999999995</ele>
      </trkpt>
      <trkpt lat="50.863462965935469" lon="10.371477976441383">
        <ele>685.79999999999995</ele>
      </trkpt>
      <trkpt lat="50.863690031692386" lon="10.37112602032721">
        <ele>687</ele>
      </trkpt>
      <trkpt lat="50.863917013630271" lon="10.370774986222386">
        <ele>685.89999999999998</ele>
      </trkpt>
      <trkpt lat="50.863998988643289" lon="10.370597960427403">
        <ele>685.39999999999998</ele>
      </trkpt>
      <trkpt lat="50.86406696587801" lon="10.370390005409718">
        <ele>684.89999999999998</ele>
      </trkpt>
      <trkpt lat="50.864142989739776" lon="10.370048023760319">
        <ele>683.79999999999995</ele>
      </trkpt>
      <trkpt lat="50.864219013601542" lon="10.369705958291888">
        <ele>682.60000000000002</ele>
      </trkpt>
      <trkpt lat="50.864269975572824" lon="10.369357019662857">
        <ele>681.5</ele>
      </trkpt>
      <trkpt lat="50.86432202719152" lon="10.369009003043175">
        <ele>680.20000000000005</ele>
      </trkpt>
      <trkpt lat="50.864397967234254" lon="10.368766011670232">
        <ele>679</ele>
      </trkpt>
      <trkpt lat="50.864606006070971" lon="10.368468035012484">
        <ele>677.60000000000002</ele>
      </trkpt>
      <trkpt lat="50.864813961088657" lon="10.368169974535704">
        <ele>675.89999999999998</ele>
      </trkpt>
      <trkpt lat="50.86496802046895" lon="10.367888007313013">
        <ele>674.60000000000002</ele>
      </trkpt>
      <trkpt lat="50.865088971331716" lon="10.367641998454928">
        <ele>673.89999999999998</ele>
      </trkpt>
      <trkpt lat="50.865192990750074" lon="10.367275960743427">
        <ele>673</ele>
      </trkpt>
      <trkpt lat="50.865297010168433" lon="10.366910006850958">
        <ele>672.20000000000005</ele>
      </trkpt>
      <trkpt lat="50.865451991558075" lon="10.366513039916754">
        <ele>671.20000000000005</ele>
      </trkpt>
      <trkpt lat="50.865690959617496" lon="10.366192013025284">
        <ele>670.5</ele>
      </trkpt>
      <trkpt lat="50.865861028432846" lon="10.365864029154181">
        <ele>669.89999999999998</ele>
      </trkpt>
      <trkpt lat="50.866031013429165" lon="10.365536967292428">
        <ele>669.29999999999995</ele>
      </trkpt>
      <trkpt lat="50.866138972342014" lon="10.3648960031569">
        <ele>669.60000000000002</ele>
      </trkpt>
      <trkpt lat="50.866182977333665" lon="10.36452803760767">
        <ele>669.89999999999998</ele>
      </trkpt>
      <trkpt lat="50.866227988153696" lon="10.364159988239408">
        <ele>670.20000000000005</ele>
      </trkpt>
      <trkpt lat="50.86636696010828" lon="10.363569986075163">
        <ele>671</ele>
      </trkpt>
      <trkpt lat="50.866507021710277" lon="10.362979983910918">
        <ele>672.29999999999995</ele>
      </trkpt>
      <trkpt lat="50.866691004484892" lon="10.362420994788408">
        <ele>673.79999999999995</ele>
      </trkpt>
      <trkpt lat="50.866874987259507" lon="10.361862005665898">
        <ele>675.20000000000005</ele>
      </trkpt>
      <trkpt lat="50.866946987807751" lon="10.361453974619508">
        <ele>676.39999999999998</ele>
      </trkpt>
      <trkpt lat="50.867152009159327" lon="10.361251970753074">
        <ele>677.10000000000002</ele>
      </trkpt>
      <trkpt lat="50.867273965850472" lon="10.361206959933043">
        <ele>677</ele>
      </trkpt>
      <trkpt lat="50.867555011063814" lon="10.361230010166764">
        <ele>675.29999999999995</ele>
      </trkpt>
      <trkpt lat="50.8678890299052" lon="10.361214000731707">
        <ele>672.20000000000005</ele>
      </trkpt>
      <trkpt lat="50.868222964927554" lon="10.361197991296649">
        <ele>668.20000000000005</ele>
      </trkpt>
      <trkpt lat="50.868606017902493" lon="10.361120961606503">
        <ele>662.5</ele>
      </trkpt>
      <trkpt lat="50.868987981230021" lon="10.361043009907007">
        <ele>655.70000000000005</ele>
      </trkpt>
      <trkpt lat="50.868997033685446" lon="10.360958017408848">
        <ele>655.70000000000005</ele>
      </trkpt>
      <trkpt lat="50.869167018681765" lon="10.360400034114718">
        <ele>654.5</ele>
      </trkpt>
      <trkpt lat="50.869185961782932" lon="10.359941963106394">
        <ele>656.79999999999995</ele>
      </trkpt>
      <trkpt lat="50.869301967322826" lon="10.359619008377194">
        <ele>657.60000000000002</ele>
      </trkpt>
      <trkpt lat="50.869542025029659" lon="10.359304016456008">
        <ele>657.10000000000002</ele>
      </trkpt>
      <trkpt lat="50.869687031954527" lon="10.3592249751091">
        <ele>656</ele>
      </trkpt>
      <trkpt lat="50.869875960052013" lon="10.359121039509773">
        <ele>654.89999999999998</ele>
      </trkpt>
      <trkpt lat="50.870148036628962" lon="10.358887016773224">
        <ele>655</ele>
      </trkpt>
      <trkpt lat="50.870348028838634" lon="10.358589962124825">
        <ele>656.89999999999998</ele>
      </trkpt>
      <trkpt lat="50.870510973036289" lon="10.358563978224993">
        <ele>655.70000000000005</ele>
      </trkpt>
      <trkpt lat="50.870928978547454" lon="10.358496000990272">
        <ele>652.89999999999998</ele>
      </trkpt>
      <trkpt lat="50.871347989886999" lon="10.35842802375555">
        <ele>650.29999999999995</ele>
      </trkpt>
      <trkpt lat="50.871617970988154" lon="10.358431963250041">
        <ele>648.29999999999995</ele>
      </trkpt>
      <trkpt lat="50.871889041736722" lon="10.358435986563563">
        <ele>646.5</ele>
      </trkpt>
      <trkpt lat="50.872162040323019" lon="10.358461970463395">
        <ele>644.39999999999998</ele>
      </trkpt>
      <trkpt lat="50.872534029185772" lon="10.358527014032006">
        <ele>641.5</ele>
      </trkpt>
      <trkpt lat="50.872907023876905" lon="10.358591973781586">
        <ele>638.89999999999998</ele>
      </trkpt>
      <trkpt lat="50.873279012739658" lon="10.358657017350197">
        <ele>636.39999999999998</ele>
      </trkpt>
      <trkpt lat="50.873651001602411" lon="10.358721977099776">
        <ele>634.39999999999998</ele>
      </trkpt>
      <trkpt lat="50.873728031292558" lon="10.358733963221312">
        <ele>634</ele>
      </trkpt>
      <trkpt lat="50.873982002958655" lon="10.35900603979826">
        <ele>631.20000000000005</ele>
      </trkpt>
      <trkpt lat="50.874235974624753" lon="10.359279038384557">
        <ele>629</ele>
      </trkpt>
      <trkpt lat="50.87454903870821" lon="10.359518006443977">
        <ele>627.60000000000002</ele>
      </trkpt>
      <trkpt lat="50.874899988994002" lon="10.359828975051641">
        <ele>626.20000000000005</ele>
      </trkpt>
      <trkpt lat="50.875251023098826" lon="10.360139021649957">
        <ele>624.5</ele>
      </trkpt>
      <trkpt lat="50.875572971999645" lon="10.360435992479324">
        <ele>622.5</ele>
      </trkpt>
      <trkpt lat="50.875895004719496" lon="10.360732963308692">
        <ele>620.79999999999995</ele>
      </trkpt>
      <trkpt lat="50.876201028004289" lon="10.360822984948754">
        <ele>621.20000000000005</ele>
      </trkpt>
      <trkpt lat="50.876435972750187" lon="10.361017026007175">
        <ele>620.70000000000005</ele>
      </trkpt>
      <trkpt lat="50.876654991880059" lon="10.360990036278963">
        <ele>622.10000000000002</ele>
      </trkpt>
      <trkpt lat="50.876938970759511" lon="10.360628021880984">
        <ele>625.89999999999998</ele>
      </trkpt>
      <trkpt lat="50.877222027629614" lon="10.360265001654625">
        <ele>626.39999999999998</ele>
      </trkpt>
      <trkpt lat="50.877505000680685" lon="10.359901981428266">
        <ele>625</ele>
      </trkpt>
      <trkpt lat="50.877670040354133" lon="10.359500991180539">
        <ele>625</ele>
      </trkpt>
      <trkpt lat="50.877834996208549" lon="10.359101006761193">
        <ele>625</ele>
      </trkpt>
      <trkpt lat="50.878000035881996" lon="10.358701022341847">
        <ele>625</ele>
      </trkpt>
      <trkpt lat="50.878045968711376" lon="10.35849398933351">
        <ele>625.29999999999995</ele>
      </trkpt>
      <trkpt lat="50.878144036978483" lon="10.358058968558908">
        <ele>626</ele>
      </trkpt>
      <trkpt lat="50.87820103392005" lon="10.357695026323199">
        <ele>626.39999999999998</ele>
      </trkpt>
      <trkpt lat="50.878257025033236" lon="10.357329994440079">
        <ele>625.70000000000005</ele>
      </trkpt>
      <trkpt lat="50.878346962854266" lon="10.356754995882511">
        <ele>622.5</ele>
      </trkpt>
      <trkpt lat="50.878435978665948" lon="10.356178991496563">
        <ele>619.39999999999998</ele>
      </trkpt>
      <trkpt lat="50.87852600030601" lon="10.355603992938995">
        <ele>616.89999999999998</ele>
      </trkpt>
      <trkpt lat="50.878615016117692" lon="10.355028994381428">
        <ele>614.79999999999995</ele>
      </trkpt>
      <trkpt lat="50.878705037757754" lon="10.35445399582386">
        <ele>613.20000000000005</ele>
      </trkpt>
      <trkpt lat="50.878832023590803" lon="10.353779001161456">
        <ele>611.70000000000005</ele>
      </trkpt>
      <trkpt lat="50.878959009423852" lon="10.353104006499052">
        <ele>610.70000000000005</ele>
      </trkpt>
      <trkpt lat="50.879085995256901" lon="10.352429011836648">
        <ele>610</ele>
      </trkpt>
      <trkpt lat="50.87921298108995" lon="10.351753011345863">
        <ele>609.39999999999998</ele>
      </trkpt>
      <trkpt lat="50.879367962479591" lon="10.351302986964583">
        <ele>608</ele>
      </trkpt>
      <trkpt lat="50.879523027688265" lon="10.350852040573955">
        <ele>606.89999999999998</ele>
      </trkpt>
      <trkpt lat="50.879678009077907" lon="10.350401010364294">
        <ele>605.89999999999998</ele>
      </trkpt>
      <trkpt lat="50.879873977974057" lon="10.34992097876966">
        <ele>604.60000000000002</ele>
      </trkpt>
      <trkpt lat="50.88007003068924" lon="10.349441030994058">
        <ele>603.5</ele>
      </trkpt>
      <trkpt lat="50.880172960460186" lon="10.34925595857203">
        <ele>602.70000000000005</ele>
      </trkpt>
      <trkpt lat="50.8802430331707" lon="10.349127966910601">
        <ele>602.10000000000002</ele>
      </trkpt>
      <trkpt lat="50.880325008183718" lon="10.348981032148004">
        <ele>601.60000000000002</ele>
      </trkpt>
      <trkpt lat="50.880478983744979" lon="10.348761007189751">
        <ele>600.39999999999998</ele>
      </trkpt>
      <trkpt lat="50.880631031468511" lon="10.348660005256534">
        <ele>598.70000000000005</ele>
      </trkpt>
      <trkpt lat="50.880895983427763" lon="10.348433023318648">
        <ele>596.5</ele>
      </trkpt>
      <trkpt lat="50.881161019206047" lon="10.348205035552382">
        <ele>595</ele>
      </trkpt>
      <trkpt lat="50.881425971165299" lon="10.347976963967085">
        <ele>594.60000000000002</ele>
      </trkpt>
      <trkpt lat="50.881594028323889" lon="10.347812008112669">
        <ele>594.79999999999995</ele>
      </trkpt>
      <trkpt lat="50.881669968366623" lon="10.3477499820292">
        <ele>594.79999999999995</ele>
      </trkpt>
      <trkpt lat="50.881959982216358" lon="10.34751302562654">
        <ele>595.5</ele>
      </trkpt>
      <trkpt lat="50.882248990237713" lon="10.347275985404849">
        <ele>597.10000000000002</ele>
      </trkpt>
      <trkpt lat="50.882318979129195" lon="10.347053026780486">
        <ele>598.20000000000005</ele>
      </trkpt>
      <trkpt lat="50.882362984120846" lon="10.346638960763812">
        <ele>599.89999999999998</ele>
      </trkpt>
      <trkpt lat="50.882403971627355" lon="10.346383983269334">
        <ele>600.89999999999998</ele>
      </trkpt>
      <trkpt lat="50.882459962740541" lon="10.345899006351829">
        <ele>602.79999999999995</ele>
      </trkpt>
      <trkpt lat="50.882516959682107" lon="10.345413023605943">
        <ele>604.29999999999995</ele>
      </trkpt>
      <trkpt lat="50.882548978552222" lon="10.345243960618973">
        <ele>604.79999999999995</ele>
      </trkpt>
      <trkpt lat="50.882473038509488" lon="10.344749009236693">
        <ele>606.60000000000002</ele>
      </trkpt>
      <trkpt lat="50.882398020476103" lon="10.344252968207002">
        <ele>608.60000000000002</ele>
      </trkpt>
      <trkpt lat="50.882204985246062" lon="10.343747958540916">
        <ele>611.70000000000005</ele>
      </trkpt>
      <trkpt lat="50.882013039663434" lon="10.343242026865482">
        <ele>615.39999999999998</ele>
      </trkpt>
      <trkpt lat="50.881859986111522" lon="10.34280801191926">
        <ele>618.60000000000002</ele>
      </trkpt>
      <trkpt lat="50.881708022207022" lon="10.342372991144657">
        <ele>621.20000000000005</ele>
      </trkpt>
      <trkpt lat="50.881554968655109" lon="10.341938976198435">
        <ele>623.29999999999995</ele>
      </trkpt>
      <trkpt lat="50.881400993093848" lon="10.341301029548049">
        <ele>625</ele>
      </trkpt>
      <trkpt lat="50.881246011704206" lon="10.340662999078631">
        <ele>626.70000000000005</ele>
      </trkpt>
      <trkpt lat="50.881092036142945" lon="10.340024968609214">
        <ele>628.10000000000002</ele>
      </trkpt>
      <trkpt lat="50.881025986745954" lon="10.339433960616589">
        <ele>628.60000000000002</ele>
      </trkpt>
      <trkpt lat="50.880960021167994" lon="10.338843036442995">
        <ele>628.70000000000005</ele>
      </trkpt>
      <trkpt lat="50.880930013954639" lon="10.338397035375237">
        <ele>628.70000000000005</ele>
      </trkpt>
      <trkpt lat="50.881030010059476" lon="10.338332997635007">
        <ele>628.5</ele>
      </trkpt>
      <trkpt lat="50.881210975348949" lon="10.338305002078414">
        <ele>627.60000000000002</ele>
      </trkpt>
      <trkpt lat="50.881588999181986" lon="10.338325034826994">
        <ele>624.20000000000005</ele>
      </trkpt>
      <trkpt lat="50.881966017186642" lon="10.338343977928162">
        <ele>619.70000000000005</ele>
      </trkpt>
      <trkpt lat="50.882272962480783" lon="10.338444979861379">
        <ele>615.79999999999995</ele>
      </trkpt>
      <trkpt lat="50.882489969953895" lon="10.338574983179569">
        <ele>613</ele>
      </trkpt>
      <trkpt lat="50.882705971598625" lon="10.33870599232614">
        <ele>610.29999999999995</ele>
      </trkpt>
      <trkpt lat="50.882974024862051" lon="10.338829038664699">
        <ele>606.89999999999998</ele>
      </trkpt>
      <trkpt lat="50.883241994306445" lon="10.338953007012606">
        <ele>603.60000000000002</ele>
      </trkpt>
      <trkpt lat="50.883504012599587" lon="10.338928028941154">
        <ele>600.29999999999995</ele>
      </trkpt>
      <trkpt lat="50.88376603089273" lon="10.338903972879052">
        <ele>597.20000000000005</ele>
      </trkpt>
      <trkpt lat="50.88398102670908" lon="10.338828032836318">
        <ele>594.79999999999995</ele>
      </trkpt>
      <trkpt lat="50.88415302336216" lon="10.338767012581229">
        <ele>593</ele>
      </trkpt>
      <trkpt lat="50.884371036663651" lon="10.338587975129485">
        <ele>590.70000000000005</ele>
      </trkpt>
      <trkpt lat="50.884589971974492" lon="10.338408015668392">
        <ele>588.60000000000002</ele>
      </trkpt>
      <trkpt lat="50.884893983602524" lon="10.338070979341865">
        <ele>585.70000000000005</ele>
      </trkpt>
      <trkpt lat="50.885199001058936" lon="10.337734026834369">
        <ele>582.79999999999995</ele>
      </trkpt>
      <trkpt lat="50.885284999385476" lon="10.337224993854761">
        <ele>581.10000000000002</ele>
      </trkpt>
      <trkpt lat="50.885348031297326" lon="10.337025001645088">
        <ele>580.10000000000002</ele>
      </trkpt>
      <trkpt lat="50.885620024055243" lon="10.336510017514229">
        <ele>576.39999999999998</ele>
      </trkpt>
      <trkpt lat="50.885726977139711" lon="10.336361993104219">
        <ele>574.89999999999998</ele>
      </trkpt>
      <trkpt lat="50.885822027921677" lon="10.336230983957648">
        <ele>573.70000000000005</ele>
      </trkpt>
      <trkpt lat="50.886072982102633" lon="10.335958991199732">
        <ele>570.60000000000002</ele>
      </trkpt>
      <trkpt lat="50.88632402010262" lon="10.335688004270196">
        <ele>567.79999999999995</ele>
      </trkpt>
      <trkpt lat="50.886595007032156" lon="10.335449958220124">
        <ele>565.5</ele>
      </trkpt>
      <trkpt lat="50.886968001723289" lon="10.335291037335992">
        <ele>563.79999999999995</ele>
      </trkpt>
      <trkpt lat="50.887336973100901" lon="10.335182994604111">
        <ele>563.10000000000002</ele>
      </trkpt>
      <trkpt lat="50.887705022469163" lon="10.335075035691261">
        <ele>562.60000000000002</ele>
      </trkpt>
      <trkpt lat="50.888130990788341" lon="10.335208978503942">
        <ele>563.10000000000002</ele>
      </trkpt>
      <trkpt lat="50.888556037098169" lon="10.335343005135655">
        <ele>563.39999999999998</ele>
      </trkpt>
      <trkpt lat="50.888715041801333" lon="10.335513995960355">
        <ele>563.79999999999995</ele>
      </trkpt>
      <trkpt lat="50.888950992375612" lon="10.335741983726621">
        <ele>564</ele>
      </trkpt>
      <trkpt lat="50.889188032597303" lon="10.335969971492887">
        <ele>564</ele>
      </trkpt>
      <trkpt lat="50.889511993154883" lon="10.336335003376007">
        <ele>563.79999999999995</ele>
      </trkpt>
      <trkpt lat="50.889835031703115" lon="10.336700035259128">
        <ele>563.60000000000002</ele>
      </trkpt>
      <trkpt lat="50.890158992260695" lon="10.337063977494836">
        <ele>563.5</ele>
      </trkpt>
      <trkpt lat="50.890434002503753" lon="10.337302023544908">
        <ele>563.5</ele>
      </trkpt>
      <trkpt lat="50.890709012746811" lon="10.337538979947567">
        <ele>563.70000000000005</ele>
      </trkpt>
      <trkpt lat="50.890959966927767" lon="10.337776020169258">
        <ele>563.79999999999995</ele>
      </trkpt>
      <trkpt lat="50.891209999099374" lon="10.338012976571918">
        <ele>564</ele>
      </trkpt>
      <trkpt lat="50.891421977430582" lon="10.338130993768573">
        <ele>564.20000000000005</ele>
      </trkpt>
      <trkpt lat="50.891736969351768" lon="10.338245993480086">
        <ele>564.39999999999998</ele>
      </trkpt>
      <trkpt lat="50.892093032598495" lon="10.33861898817122">
        <ele>564.10000000000002</ele>
      </trkpt>
      <trkpt lat="50.892449012026191" lon="10.338991982862353">
        <ele>563.5</ele>
      </trkpt>
      <trkpt lat="50.892803985625505" lon="10.339365983381867">
        <ele>562.70000000000005</ele>
      </trkpt>
      <trkpt lat="50.892990985885262" lon="10.339611992239952">
        <ele>562.10000000000002</ele>
      </trkpt>
      <trkpt lat="50.893176980316639" lon="10.339859006926417">
        <ele>561.29999999999995</ele>
      </trkpt>
      <trkpt lat="50.893402034416795" lon="10.340155977755785">
        <ele>560.39999999999998</ele>
      </trkpt>
      <trkpt lat="50.893627004697919" lon="10.340454038232565">
        <ele>559.29999999999995</ele>
      </trkpt>
      <trkpt lat="50.893907966092229" lon="10.340645983815193">
        <ele>557.39999999999998</ele>
      </trkpt>
      <trkpt lat="50.894189011305571" lon="10.340838013216853">
        <ele>555.29999999999995</ele>
      </trkpt>
      <trkpt lat="50.8944689668715" lon="10.341030964627862">
        <ele>553.20000000000005</ele>
      </trkpt>
      <trkpt lat="50.894700977951288" lon="10.341179994866252">
        <ele>551.79999999999995</ele>
      </trkpt>
      <trkpt lat="50.894806003198028" lon="10.341293988749385">
        <ele>551.29999999999995</ele>
      </trkpt>
      <trkpt lat="50.894888984039426" lon="10.341249983757734">
        <ele>550.79999999999995</ele>
      </trkpt>
      <trkpt lat="50.895167011767626" lon="10.341116962954402">
        <ele>548.89999999999998</ele>
      </trkpt>
      <trkpt lat="50.895548975095153" lon="10.34087497740984">
        <ele>546.5</ele>
      </trkpt>
      <trkpt lat="50.895753996446729" lon="10.34066098742187">
        <ele>545.39999999999998</ele>
      </trkpt>
      <trkpt lat="50.895837983116508" lon="10.340534001588821">
        <ele>545</ele>
      </trkpt>
      <trkpt lat="50.895964968949556" lon="10.340349012985826">
        <ele>544.39999999999998</ele>
      </trkpt>
      <trkpt lat="50.896193040534854" lon="10.339963026344776">
        <ele>543.79999999999995</ele>
      </trkpt>
      <trkpt lat="50.8964220341295" lon="10.339577039703727">
        <ele>543.89999999999998</ele>
      </trkpt>
      <trkpt lat="50.896650021895766" lon="10.339190969243646">
        <ele>544.89999999999998</ele>
      </trkpt>
      <trkpt lat="50.896968031302094" lon="10.33876902423799">
        <ele>547.39999999999998</ele>
      </trkpt>
      <trkpt lat="50.897286962717772" lon="10.338345989584923">
        <ele>550.60000000000002</ele>
      </trkpt>
      <trkpt lat="50.897576976567507" lon="10.3380380384624">
        <ele>553.5</ele>
      </trkpt>
      <trkpt lat="50.897867996245623" lon="10.337728997692466">
        <ele>556.5</ele>
      </trkpt>
      <trkpt lat="50.898159015923738" lon="10.337420962750912">
        <ele>558.79999999999995</ele>
      </trkpt>
      <trkpt lat="50.898413993418217" lon="10.337346028536558">
        <ele>559.29999999999995</ele>
      </trkpt>
      <trkpt lat="50.898499991744757" lon="10.337319960817695">
        <ele>559.20000000000005</ele>
      </trkpt>
      <trkpt lat="50.898836022242904" lon="10.337371006608009">
        <ele>558.29999999999995</ele>
      </trkpt>
      <trkpt lat="50.899170963093638" lon="10.337421968579292">
        <ele>556.70000000000005</ele>
      </trkpt>
      <trkpt lat="50.899506993591785" lon="10.337473014369607">
        <ele>555.10000000000002</ele>
      </trkpt>
      <trkpt lat="50.899588968604803" lon="10.337454993277788">
        <ele>554.79999999999995</ele>
      </trkpt>
      <trkpt lat="50.899711009114981" lon="10.337428003549576">
        <ele>554.20000000000005</ele>
      </trkpt>
      <trkpt lat="50.900079980492592" lon="10.337366983294487">
        <ele>552.89999999999998</ele>
      </trkpt>
      <trkpt lat="50.900449035689235" lon="10.337305041030049">
        <ele>552.39999999999998</ele>
      </trkpt>
      <trkpt lat="50.900817001238465" lon="10.337244020774961">
        <ele>552.79999999999995</ele>
      </trkpt>
      <trkpt lat="50.900975000113249" lon="10.337204961106181">
        <ele>553.20000000000005</ele>
      </trkpt>
      <trkpt lat="50.901200976222754" lon="10.337117034941912">
        <ele>553.89999999999998</ele>
      </trkpt>
      <trkpt lat="50.901427958160639" lon="10.337030030786991">
        <ele>554.79999999999995</ele>
      </trkpt>
      <trkpt lat="50.90177203528583" lon="10.336832972243428">
        <ele>556.39999999999998</ele>
      </trkpt>
      <trkpt lat="50.90211602859199" lon="10.336634991690516">
        <ele>557.89999999999998</ele>
      </trkpt>
      <trkpt lat="50.90246002189815" lon="10.336438016965985">
        <ele>559.20000000000005</ele>
      </trkpt>
      <trkpt lat="50.90280401520431" lon="10.336240036413074">
        <ele>560.20000000000005</ele>
      </trkpt>
      <trkpt lat="50.903058992698789" lon="10.336069967597723">
        <ele>560.60000000000002</ele>
      </trkpt>
      <trkpt lat="50.903312964364886" lon="10.335899982601404">
        <ele>560.89999999999998</ele>
      </trkpt>
      <trkpt lat="50.903616975992918" lon="10.335536962375045">
        <ele>559.29999999999995</ele>
      </trkpt>
      <trkpt lat="50.903919981792569" lon="10.335173020139337">
        <ele>556.70000000000005</ele>
      </trkpt>
      <trkpt lat="50.904146041721106" lon="10.335014015436172">
        <ele>555.39999999999998</ele>
      </trkpt>
      <trkpt lat="50.90437201783061" lon="10.334854004904628">
        <ele>553.60000000000002</ele>
      </trkpt>
      <trkpt lat="50.904693966731429" lon="10.334753002971411">
        <ele>552.20000000000005</ele>
      </trkpt>
      <trkpt lat="50.90503896586597" lon="10.33470799215138">
        <ele>550.79999999999995</ele>
      </trkpt>
      <trkpt lat="50.905384970828891" lon="10.334662981331348">
        <ele>548.70000000000005</ele>
      </trkpt>
      <trkpt lat="50.905665010213852" lon="10.33460003323853">
        <ele>546.10000000000002</ele>
      </trkpt>
      <trkpt lat="50.905944965779781" lon="10.3345359954983">
        <ele>543.10000000000002</ele>
      </trkpt>
      <trkpt lat="50.906173959374428" lon="10.334423007443547">
        <ele>539.60000000000002</ele>
      </trkpt>
      <trkpt lat="50.906403036788106" lon="10.334311025217175">
        <ele>536.20000000000005</ele>
      </trkpt>
      <trkpt lat="50.906688021495938" lon="10.334132993593812">
        <ele>531.79999999999995</ele>
      </trkpt>
      <trkpt lat="50.90697200037539" lon="10.333954961970448">
        <ele>527.89999999999998</ele>
      </trkpt>
      <trkpt lat="50.907256985083222" lon="10.333778019994497">
        <ele>524.79999999999995</ele>
      </trkpt>
      <trkpt lat="50.907610030844808" lon="10.333556989207864">
        <ele>521.70000000000005</ele>
      </trkpt>
      <trkpt lat="50.90772301889956" lon="10.333487000316381">
        <ele>520.89999999999998</ele>
      </trkpt>
      <trkpt lat="50.908011021092534" lon="10.333307040855289">
        <ele>518.79999999999995</ele>
      </trkpt>
      <trkpt lat="50.908369012176991" lon="10.333028007298708">
        <ele>515.60000000000002</ele>
      </trkpt>
      <trkpt lat="50.908727003261447" lon="10.332747967913747">
        <ele>511.69999999999999</ele>
      </trkpt>
      <trkpt lat="50.909090023487806" lon="10.332415038719773">
        <ele>507.19999999999999</ele>
      </trkpt>
      <trkpt lat="50.909452959895134" lon="10.332082025706768">
        <ele>503</ele>
      </trkpt>
      <trkpt lat="50.909642977640033" lon="10.331880021840334">
        <ele>500.89999999999998</ele>
      </trkpt>
      <trkpt lat="50.909832995384932" lon="10.3316780179739">
        <ele>498.89999999999998</ele>
      </trkpt>
      <trkpt lat="50.909912958741188" lon="10.331616997718811">
        <ele>498.19999999999999</ele>
      </trkpt>
      <trkpt lat="50.910142036154866" lon="10.33146302215755">
        <ele>496.30000000000001</ele>
      </trkpt>
      <trkpt lat="50.910370023921132" lon="10.331308962777257">
        <ele>494.5</ele>
      </trkpt>
      <trkpt lat="50.910722985863686" lon="10.331198992207646">
        <ele>492</ele>
      </trkpt>
      <trkpt lat="50.9109450224787" lon="10.331075023859739">
        <ele>490.5</ele>
      </trkpt>
      <trkpt lat="50.911166975274682" lon="10.330950971692801">
        <ele>489.10000000000002</ele>
      </trkpt>
      <trkpt lat="50.911557991057634" lon="10.331063037738204">
        <ele>486.10000000000002</ele>
      </trkpt>
      <trkpt lat="50.911950012668967" lon="10.331175019964576">
        <ele>483.10000000000002</ele>
      </trkpt>
      <trkpt lat="50.9123420342803" lon="10.331285996362567">
        <ele>480.30000000000001</ele>
      </trkpt>
      <trkpt lat="50.912780994549394" lon="10.331351039931178">
        <ele>478.30000000000001</ele>
      </trkpt>
      <trkpt lat="50.913190031424165" lon="10.331440977752209">
        <ele>476.89999999999998</ele>
      </trkpt>
      <trkpt lat="50.913597978651524" lon="10.331532005220652">
        <ele>475.80000000000001</ele>
      </trkpt>
      <trkpt lat="50.913968039676547" lon="10.331558994948864">
        <ele>475.30000000000001</ele>
      </trkpt>
      <trkpt lat="50.914195021614432" lon="10.3315070271492">
        <ele>475.39999999999998</ele>
      </trkpt>
      <trkpt lat="50.914564998820424" lon="10.331384986639023">
        <ele>475.39999999999998</ele>
      </trkpt>
      <trkpt lat="50.914839003235102" lon="10.331338969990611">
        <ele>474.80000000000001</ele>
      </trkpt>
      <trkpt lat="50.915119964629412" lon="10.331413988023996">
        <ele>474.10000000000002</ele>
      </trkpt>
      <trkpt lat="50.915401009842753" lon="10.331489006057382">
        <ele>473.5</ele>
      </trkpt>
      <trkpt lat="50.915807029232383" lon="10.331472996622324">
        <ele>472.60000000000002</ele>
      </trkpt>
      <trkpt lat="50.91621296480298" lon="10.331456987187266">
        <ele>471.60000000000002</ele>
      </trkpt>
      <trkpt lat="50.916625019162893" lon="10.3315070271492">
        <ele>470.80000000000001</ele>
      </trkpt>
      <trkpt lat="50.916904974728823" lon="10.331511972472072">
        <ele>470.10000000000002</ele>
      </trkpt>
      <trkpt lat="50.917185014113784" lon="10.331515995785594">
        <ele>469.30000000000001</ele>
      </trkpt>
      <trkpt lat="50.917514003813267" lon="10.331446006894112">
        <ele>467.80000000000001</ele>
      </trkpt>
      <trkpt lat="50.917859002947807" lon="10.331300999969244">
        <ele>465.60000000000002</ele>
      </trkpt>
      <trkpt lat="50.918202996253967" lon="10.331154987215996">
        <ele>463.39999999999998</ele>
      </trkpt>
      <trkpt lat="50.918546989560127" lon="10.331009980291128">
        <ele>461.5</ele>
      </trkpt>
      <trkpt lat="50.918932976201177" lon="10.330919036641717">
        <ele>460.30000000000001</ele>
      </trkpt>
      <trkpt lat="50.919352993369102" lon="10.330892968922853">
        <ele>459.69999999999999</ele>
      </trkpt>
      <trkpt lat="50.919544016942382" lon="10.330672021955252">
        <ele>458.39999999999998</ele>
      </trkpt>
      <trkpt lat="50.919811986386776" lon="10.330442022532225">
        <ele>457.5</ele>
      </trkpt>
      <trkpt lat="50.920043997466564" lon="10.330189978703856">
        <ele>457.10000000000002</ele>
      </trkpt>
      <trkpt lat="50.920276008546352" lon="10.32993801869452">
        <ele>456.80000000000001</ele>
      </trkpt>
      <trkpt lat="50.920471977442503" lon="10.329713970422745">
        <ele>456.60000000000002</ele>
      </trkpt>
      <trkpt lat="50.920667024329305" lon="10.329491011798382">
        <ele>457</ele>
      </trkpt>
      <trkpt lat="50.920823011547327" lon="10.329301999881864">
        <ele>458</ele>
      </trkpt>
      <trkpt lat="50.921101039275527" lon="10.329047022387385">
        <ele>460.19999999999999</ele>
      </trkpt>
      <trkpt lat="50.921294996514916" lon="10.328969992697239">
        <ele>461.30000000000001</ele>
      </trkpt>
      <trkpt lat="50.921402033418417" lon="10.328964041545987">
        <ele>461.69999999999999</ele>
      </trkpt>
      <trkpt lat="50.921752983704209" lon="10.329034030437469">
        <ele>462.19999999999999</ele>
      </trkpt>
      <trkpt lat="50.922104017809033" lon="10.329105025157332">
        <ele>463.10000000000002</ele>
      </trkpt>
      <trkpt lat="50.922454968094826" lon="10.329175014048815">
        <ele>464.10000000000002</ele>
      </trkpt>
      <trkpt lat="50.922728972509503" lon="10.329203009605408">
        <ele>465</ele>
      </trkpt>
      <trkpt lat="50.922945979982615" lon="10.329159004613757">
        <ele>466</ele>
      </trkpt>
      <trkpt lat="50.923336995765567" lon="10.328995976597071">
        <ele>467.19999999999999</ele>
      </trkpt>
      <trkpt lat="50.923677971586585" lon="10.328655000776052">
        <ele>467.60000000000002</ele>
      </trkpt>
      <trkpt lat="50.923905959352851" lon="10.328376973047853">
        <ele>466.89999999999998</ele>
      </trkpt>
      <trkpt lat="50.924020037055016" lon="10.328190978616476">
        <ele>466.39999999999998</ele>
      </trkpt>
      <trkpt lat="50.924190022051334" lon="10.327788982540369">
        <ele>465.19999999999999</ele>
      </trkpt>
      <trkpt lat="50.924360007047653" lon="10.327387992292643">
        <ele>462.80000000000001</ele>
      </trkpt>
      <trkpt lat="50.924529992043972" lon="10.326987002044916">
        <ele>460.19999999999999</ele>
      </trkpt>
      <trkpt lat="50.924750017002225" lon="10.326649965718389">
        <ele>457.89999999999998</ele>
      </trkpt>
      <trkpt lat="50.924973981454968" lon="10.32641401514411">
        <ele>456</ele>
      </trkpt>
      <trkpt lat="50.925199035555124" lon="10.326120983809233">
        <ele>453.89999999999998</ele>
      </trkpt>
      <trkpt lat="50.925442026928067" lon="10.32589802518487">
        <ele>452</ele>
      </trkpt>
      <trkpt lat="50.92568501830101" lon="10.325674982741475">
        <ele>449.89999999999998</ele>
      </trkpt>
      <trkpt lat="50.925789037719369" lon="10.325509021058679">
        <ele>449</ele>
      </trkpt>
      <trkpt lat="50.925974026322365" lon="10.325109958648682">
        <ele>447.5</ele>
      </trkpt>
      <trkpt lat="50.926159014925361" lon="10.324710980057716">
        <ele>444.89999999999998</ele>
      </trkpt>
      <trkpt lat="50.92635196633637" lon="10.324512999504805">
        <ele>442.69999999999999</ele>
      </trkpt>
      <trkpt lat="50.92654500156641" lon="10.324316024780273">
        <ele>441.10000000000002</ele>
      </trkpt>
      <trkpt lat="50.926710963249207" lon="10.32418099232018">
        <ele>440.19999999999999</ele>
      </trkpt>
      <trkpt lat="50.927026960998774" lon="10.323908999562263">
        <ele>439.10000000000002</ele>
      </trkpt>
      <trkpt lat="50.927353017032146" lon="10.323638012632728">
        <ele>438.30000000000001</ele>
      </trkpt>
      <trkpt lat="50.927679995074868" lon="10.323368031531572">
        <ele>437.69999999999999</ele>
      </trkpt>
      <trkpt lat="50.927860960364342" lon="10.323227969929576">
        <ele>437.60000000000002</ele>
      </trkpt>
      <trkpt lat="50.928080985322595" lon="10.323050022125244">
        <ele>437.60000000000002</ele>
      </trkpt>
      <trkpt lat="50.928301010280848" lon="10.322872996330261">
        <ele>437.89999999999998</ele>
      </trkpt>
      <trkpt lat="50.92858599498868" lon="10.32276201993227">
        <ele>437.30000000000001</ele>
      </trkpt>
      <trkpt lat="50.928803002461791" lon="10.322589017450809">
        <ele>437.5</ele>
      </trkpt>
      <trkpt lat="50.929004000499845" lon="10.322340996935964">
        <ele>438.60000000000002</ele>
      </trkpt>
      <trkpt lat="50.929169962182641" lon="10.322047965601087">
        <ele>440.39999999999998</ele>
      </trkpt>
      <trkpt lat="50.929385041818023" lon="10.321691986173391">
        <ele>442.10000000000002</ele>
      </trkpt>
      <trkpt lat="50.929615963250399" lon="10.321362996473908">
        <ele>443</ele>
      </trkpt>
      <trkpt lat="50.929846968501806" lon="10.321033000946045">
        <ele>443.60000000000002</ele>
      </trkpt>
      <trkpt lat="50.930077973753214" lon="10.320703005418181">
        <ele>443.60000000000002</ele>
      </trkpt>
      <trkpt lat="50.930289030075073" lon="10.320453979074955">
        <ele>443.30000000000001</ele>
      </trkpt>
      <trkpt lat="50.930624976754189" lon="10.320221967995167">
        <ele>442.5</ele>
      </trkpt>
      <trkpt lat="50.930961007252336" lon="10.319990962743759">
        <ele>441.39999999999998</ele>
      </trkpt>
      <trkpt lat="50.931042982265353" lon="10.319898007437587">
        <ele>440.89999999999998</ele>
      </trkpt>
      <trkpt lat="50.931217996403575" lon="10.319699021056294">
        <ele>439.80000000000001</ele>
      </trkpt>
      <trkpt lat="50.931475991383195" lon="10.319327032193542">
        <ele>437.30000000000001</ele>
      </trkpt>
      <trkpt lat="50.931576993316412" lon="10.31921798363328">
        <ele>436.5</ele>
      </trkpt>
      <trkpt lat="50.931819984689355" lon="10.319050010293722">
        <ele>434.80000000000001</ele>
      </trkpt>
      <trkpt lat="50.931929033249617" lon="10.318935010582209">
        <ele>433.60000000000002</ele>
      </trkpt>
      <trkpt lat="50.932186022400856" lon="10.319029977545142">
        <ele>433.39999999999998</ele>
      </trkpt>
      <trkpt lat="50.932223992422223" lon="10.318799978122115">
        <ele>431.39999999999998</ele>
      </trkpt>
      <trkpt lat="50.932143023237586" lon="10.318243000656366">
        <ele>428.10000000000002</ele>
      </trkpt>
      <trkpt lat="50.932160038501024" lon="10.317957010120153">
        <ele>426.39999999999998</ele>
      </trkpt>
      <trkpt lat="50.932103041559458" lon="10.317587032914162">
        <ele>425.19999999999999</ele>
      </trkpt>
      <trkpt lat="50.93204596079886" lon="10.317216971889138">
        <ele>424.5</ele>
      </trkpt>
      <trkpt lat="50.932020982727408" lon="10.316950008273125">
        <ele>424.19999999999999</ele>
      </trkpt>
      <trkpt lat="50.932040009647608" lon="10.316610960289836">
        <ele>423.60000000000002</ele>
      </trkpt>
      <trkpt lat="50.932079991325736" lon="10.316206030547619">
        <ele>422.80000000000001</ele>
      </trkpt>
      <trkpt lat="50.932160038501024" lon="10.315848039463162">
        <ele>421.80000000000001</ele>
      </trkpt>
      <trkpt lat="50.932246958836913" lon="10.315603036433458">
        <ele>420.89999999999998</ele>
      </trkpt>
      <trkpt lat="50.932350978255272" lon="10.315394997596741">
        <ele>419.80000000000001</ele>
      </trkpt>
      <trkpt lat="50.932536972686648" lon="10.315188970416784">
        <ele>418</ele>
      </trkpt>
      <trkpt lat="50.932722967118025" lon="10.31498302705586">
        <ele>416.60000000000002</ele>
      </trkpt>
      <trkpt lat="50.933050028979778" lon="10.314634004607797">
        <ele>415.10000000000002</ele>
      </trkpt>
      <trkpt lat="50.933426963165402" lon="10.314289005473256">
        <ele>414.60000000000002</ele>
      </trkpt>
      <trkpt lat="50.933666015043855" lon="10.314113991335034">
        <ele>414.5</ele>
      </trkpt>
      <trkpt lat="50.933948988094926" lon="10.313913999125361">
        <ele>413.80000000000001</ele>
      </trkpt>
      <trkpt lat="50.934231039136648" lon="10.313715012744069">
        <ele>412.30000000000001</ele>
      </trkpt>
      <trkpt lat="50.934333968907595" lon="10.313541004434228">
        <ele>410.80000000000001</ele>
      </trkpt>
      <trkpt lat="50.934546031057835" lon="10.313090980052948">
        <ele>406.69999999999999</ele>
      </trkpt>
      <trkpt lat="50.934746023267508" lon="10.312597034499049">
        <ele>401.80000000000001</ele>
      </trkpt>
      <trkpt lat="50.934947021305561" lon="10.312103005126119">
        <ele>397.89999999999998</ele>
      </trkpt>
      <trkpt lat="50.935147013515234" lon="10.311607969924808">
        <ele>395.39999999999998</ele>
      </trkpt>
      <trkpt lat="50.935348011553288" lon="10.311114024370909">
        <ele>393.30000000000001</ele>
      </trkpt>
      <trkpt lat="50.935549009591341" lon="10.310619994997978">
        <ele>391.69999999999999</ele>
      </trkpt>
      <trkpt lat="50.935768028721213" lon="10.310162007808685">
        <ele>390.5</ele>
      </trkpt>
      <trkpt lat="50.935932984575629" lon="10.309778032824397">
        <ele>391</ele>
      </trkpt>
      <trkpt lat="50.936098024249077" lon="10.309393974021077">
        <ele>392.80000000000001</ele>
      </trkpt>
      <trkpt lat="50.936518963426352" lon="10.3093789704144">
        <ele>392.80000000000001</ele>
      </trkpt>
      <trkpt lat="50.936781987547874" lon="10.309435967355967">
        <ele>392</ele>
      </trkpt>
      <trkpt lat="50.937044005841017" lon="10.309492964297533">
        <ele>391</ele>
      </trkpt>
      <trkpt lat="50.937303006649017" lon="10.309601007029414">
        <ele>389.60000000000002</ele>
      </trkpt>
      <trkpt lat="50.937563013285398" lon="10.309709971770644">
        <ele>388.5</ele>
      </trkpt>
      <trkpt lat="50.937590003013611" lon="10.309703014791012">
        <ele>388.5</ele>
      </trkpt>
      <trkpt lat="50.937751019373536" lon="10.309667978435755">
        <ele>388.60000000000002</ele>
      </trkpt>
      <trkpt lat="50.937918992713094" lon="10.309364972636104">
        <ele>389.19999999999999</ele>
      </trkpt>
      <trkpt lat="50.937982024624944" lon="10.309155005961657">
        <ele>389.80000000000001</ele>
      </trkpt>
      <trkpt lat="50.938027035444975" lon="10.308933975175023">
        <ele>390.60000000000002</ele>
      </trkpt>
      <trkpt lat="50.938046984374523" lon="10.30866701155901">
        <ele>391.60000000000002</ele>
      </trkpt>
      <trkpt lat="50.938045978546143" lon="10.308311032131314">
        <ele>392.69999999999999</ele>
      </trkpt>
      <trkpt lat="50.938012031838298" lon="10.308010959997773">
        <ele>393.60000000000002</ele>
      </trkpt>
      <trkpt lat="50.937933996319771" lon="10.307636959478259">
        <ele>394.5</ele>
      </trkpt>
      <trkpt lat="50.937753031030297" lon="10.307246027514338">
        <ele>396.5</ele>
      </trkpt>
      <trkpt lat="50.937571981921792" lon="10.306855011731386">
        <ele>398.89999999999998</ele>
      </trkpt>
      <trkpt lat="50.937412977218628" lon="10.306444969028234">
        <ele>401.30000000000001</ele>
      </trkpt>
      <trkpt lat="50.937386993318796" lon="10.306334998458624">
        <ele>401.80000000000001</ele>
      </trkpt>
      <trkpt lat="50.937408031895757" lon="10.306185968220234">
        <ele>402.10000000000002</ele>
      </trkpt>
      <trkpt lat="50.93750299885869" lon="10.306115979328752">
        <ele>401.69999999999999</ele>
      </trkpt>
      <trkpt lat="50.937680024653673" lon="10.306100975722075">
        <ele>400.30000000000001</ele>
      </trkpt>
      <trkpt lat="50.937859984114766" lon="10.306032998487353">
        <ele>399.10000000000002</ele>
      </trkpt>
      <trkpt lat="50.937969032675028" lon="10.305944988504052">
        <ele>398.5</ele>
      </trkpt>
      <trkpt lat="50.938036004081368" lon="10.305837029591203">
        <ele>398.5</ele>
      </trkpt>
      <trkpt lat="50.93806098215282" lon="10.305668972432613">
        <ele>399.39999999999998</ele>
      </trkpt>
      <trkpt lat="50.937993004918098" lon="10.30536001548171">
        <ele>401.5</ele>
      </trkpt>
      <trkpt lat="50.937999039888382" lon="10.305262031033635">
        <ele>401.80000000000001</ele>
      </trkpt>
      <trkpt lat="50.938045978546143" lon="10.30518801882863">
        <ele>401.5</ele>
      </trkpt>
      <trkpt lat="50.938283018767834" lon="10.305120041593909">
        <ele>399</ele>
      </trkpt>
      <trkpt lat="50.938543025404215" lon="10.3051239810884">
        <ele>395.39999999999998</ele>
      </trkpt>
      <trkpt lat="50.938803032040596" lon="10.305128004401922">
        <ele>391.10000000000002</ele>
      </trkpt>
      <trkpt lat="50.938917025923729" lon="10.305079976096749">
        <ele>389</ele>
      </trkpt>
      <trkpt lat="50.939035965129733" lon="10.3049720171839">
        <ele>386.60000000000002</ele>
      </trkpt>
      <trkpt lat="50.939095979556441" lon="10.30486598610878">
        <ele>385.19999999999999</ele>
      </trkpt>
      <trkpt lat="50.939077958464622" lon="10.304690971970558">
        <ele>384.89999999999998</ele>
      </trkpt>
      <trkpt lat="50.939020961523056" lon="10.304576978087425">
        <ele>385.39999999999998</ele>
      </trkpt>
      <trkpt lat="50.938830021768808" lon="10.30439299531281">
        <ele>388</ele>
      </trkpt>
      <trkpt lat="50.938615025952458" lon="10.303982030600309">
        <ele>389.30000000000001</ele>
      </trkpt>
      <trkpt lat="50.93831998296082" lon="10.30368497595191">
        <ele>393</ele>
      </trkpt>
      <trkpt lat="50.938025023788214" lon="10.303386999294162">
        <ele>396.69999999999999</ele>
      </trkpt>
      <trkpt lat="50.937978001311421" lon="10.303310975432396">
        <ele>397.10000000000002</ele>
      </trkpt>
      <trkpt lat="50.937878005206585" lon="10.303009981289506">
        <ele>397.30000000000001</ele>
      </trkpt>
      <trkpt lat="50.937788989394903" lon="10.302847037091851">
        <ele>397.69999999999999</ele>
      </trkpt>
      <trkpt lat="50.937793012708426" lon="10.302592981606722">
        <ele>396.69999999999999</ele>
      </trkpt>
      <trkpt lat="50.937722017988563" lon="10.302098030224442">
        <ele>395.60000000000002</ele>
      </trkpt>
      <trkpt lat="50.937650017440319" lon="10.301601989194751">
        <ele>394.80000000000001</ele>
      </trkpt>
      <trkpt lat="50.937579022720456" lon="10.301107037812471">
        <ele>394.69999999999999</ele>
      </trkpt>
      <trkpt lat="50.937541974708438" lon="10.300978040322661">
        <ele>394.69999999999999</ele>
      </trkpt>
      <trkpt lat="50.93756603077054" lon="10.300839990377426">
        <ele>395.10000000000002</ele>
      </trkpt>
      <trkpt lat="50.937761999666691" lon="10.30074100010097">
        <ele>396.10000000000002</ele>
      </trkpt>
      <trkpt lat="50.938044972717762" lon="10.300917020067573">
        <ele>395.60000000000002</ele>
      </trkpt>
      <trkpt lat="50.938328029587865" lon="10.301093040034175">
        <ele>393.80000000000001</ele>
      </trkpt>
      <trkpt lat="50.938417967408895" lon="10.301115000620484">
        <ele>393.10000000000002</ele>
      </trkpt>
      <trkpt lat="50.93846800737083" lon="10.30106496065855">
        <ele>392.89999999999998</ele>
      </trkpt>
      <trkpt lat="50.938497008755803" lon="10.300980973988771">
        <ele>393</ele>
      </trkpt>
      <trkpt lat="50.938487034291029" lon="10.300780981779099">
        <ele>393.80000000000001</ele>
      </trkpt>
      <trkpt lat="50.938406987115741" lon="10.300500020384789">
        <ele>395.39999999999998</ele>
      </trkpt>
      <trkpt lat="50.938310008496046" lon="10.30037596821785">
        <ele>396.30000000000001</ele>
      </trkpt>
      <trkpt lat="50.938235996291041" lon="10.300212018191814">
        <ele>397.10000000000002</ele>
      </trkpt>
      <trkpt lat="50.938220992684364" lon="10.300020994618535">
        <ele>397.69999999999999</ele>
      </trkpt>
      <trkpt lat="50.938068022951484" lon="10.2995790168643">
        <ele>398.80000000000001</ele>
      </trkpt>
      <trkpt lat="50.937959980219603" lon="10.298962024971843">
        <ele>398.80000000000001</ele>
      </trkpt>
      <trkpt lat="50.937999961897731" lon="10.298714004456997">
        <ele>399.10000000000002</ele>
      </trkpt>
      <trkpt lat="50.938062993809581" lon="10.298493979498744">
        <ele>399.60000000000002</ele>
      </trkpt>
      <trkpt lat="50.93831998296082" lon="10.298283006995916">
        <ele>401.89999999999998</ele>
      </trkpt>
      <trkpt lat="50.938357030972838" lon="10.298192985355854">
        <ele>402.10000000000002</ele>
      </trkpt>
      <trkpt lat="50.93840204179287" lon="10.297501981258392">
        <ele>400.5</ele>
      </trkpt>
      <trkpt lat="50.93844504095614" lon="10.297365020960569">
        <ele>400.10000000000002</ele>
      </trkpt>
      <trkpt lat="50.938589964061975" lon="10.297159999608994">
        <ele>399.69999999999999</ele>
      </trkpt>
      <trkpt lat="50.93896103091538" lon="10.296935029327869">
        <ele>398.89999999999998</ele>
      </trkpt>
      <trkpt lat="50.9390480350703" lon="10.296842996031046">
        <ele>398.30000000000001</ele>
      </trkpt>
      <trkpt lat="50.939266970381141" lon="10.296438988298178">
        <ele>396.19999999999999</ele>
      </trkpt>
      <trkpt lat="50.939485989511013" lon="10.29603498056531">
        <ele>394.89999999999998</ele>
      </trkpt>
      <trkpt lat="50.939705008640885" lon="10.295630972832441">
        <ele>394.69999999999999</ele>
      </trkpt>
      <trkpt lat="50.939749013632536" lon="10.295485965907574">
        <ele>394.80000000000001</ele>
      </trkpt>
      <trkpt lat="50.939811039716005" lon="10.295235011726618">
        <ele>394.89999999999998</ele>
      </trkpt>
      <trkpt lat="50.939911035820842" lon="10.294607039541006">
        <ele>394.89999999999998</ele>
      </trkpt>
      <trkpt lat="50.940038021653891" lon="10.294108986854553">
        <ele>393.5</ele>
      </trkpt>
      <trkpt lat="50.94016601331532" lon="10.293611017987132">
        <ele>391.19999999999999</ele>
      </trkpt>
      <trkpt lat="50.940155033022165" lon="10.293194018304348">
        <ele>389.89999999999998</ele>
      </trkpt>
      <trkpt lat="50.940012037754059" lon="10.292526986449957">
        <ele>387.89999999999998</ele>
      </trkpt>
      <trkpt lat="50.939989993348718" lon="10.29232095927">
        <ele>387.69999999999999</ele>
      </trkpt>
      <trkpt lat="50.939997034147382" lon="10.29206296429038">
        <ele>388.19999999999999</ele>
      </trkpt>
      <trkpt lat="50.940030980855227" lon="10.291836988180876">
        <ele>389.10000000000002</ele>
      </trkpt>
      <trkpt lat="50.940108010545373" lon="10.291560972109437">
        <ele>390.89999999999998</ele>
      </trkpt>
      <trkpt lat="50.940230973064899" lon="10.291270958259702">
        <ele>393.39999999999998</ele>
      </trkpt>
      <trkpt lat="50.940329963341355" lon="10.291120000183582">
        <ele>395.19999999999999</ele>
      </trkpt>
      <trkpt lat="50.940720979124308" lon="10.290826968848705">
        <ele>399</ele>
      </trkpt>
      <trkpt lat="50.94111199490726" lon="10.29053402133286">
        <ele>400.39999999999998</ele>
      </trkpt>
      <trkpt lat="50.941467974334955" lon="10.290292035788298">
        <ele>399.30000000000001</ele>
      </trkpt>
      <trkpt lat="50.941773997619748" lon="10.290145017206669">
        <ele>397.10000000000002</ele>
      </trkpt>
      <trkpt lat="50.941996034234762" lon="10.290107969194651">
        <ele>395.30000000000001</ele>
      </trkpt>
      <trkpt lat="50.942137017846107" lon="10.290122972801328">
        <ele>394.30000000000001</ele>
      </trkpt>
      <trkpt lat="50.942371962592006" lon="10.290189022198319">
        <ele>392.80000000000001</ele>
      </trkpt>
      <trkpt lat="50.942606991156936" lon="10.290253981947899">
        <ele>391</ele>
      </trkpt>
      <trkpt lat="50.943013010546565" lon="10.290440982207656">
        <ele>386.60000000000002</ele>
      </trkpt>
      <trkpt lat="50.943419029936194" lon="10.290627982467413">
        <ele>381.5</ele>
      </trkpt>
      <trkpt lat="50.943810967728496" lon="10.290909027680755">
        <ele>378.30000000000001</ele>
      </trkpt>
      <trkpt lat="50.943950023502111" lon="10.290971975773573">
        <ele>377.89999999999998</ele>
      </trkpt>
      <trkpt lat="50.944258980453014" lon="10.291084041818976">
        <ele>378.10000000000002</ele>
      </trkpt>
      <trkpt lat="50.944568021222949" lon="10.291197029873729">
        <ele>379.5</ele>
      </trkpt>
      <trkpt lat="50.94480799511075" lon="10.291208010166883">
        <ele>381.19999999999999</ele>
      </trkpt>
      <trkpt lat="50.945049980655313" lon="10.291149001568556">
        <ele>383.10000000000002</ele>
      </trkpt>
      <trkpt lat="50.945278974249959" lon="10.290718004107475">
        <ele>384.39999999999998</ele>
      </trkpt>
      <trkpt lat="50.945333037525415" lon="10.290547013282776">
        <ele>384.19999999999999</ele>
      </trkpt>
      <trkpt lat="50.945281991735101" lon="10.290107969194651">
        <ele>382.39999999999998</ele>
      </trkpt>
      <trkpt lat="50.945302024483681" lon="10.290014008060098">
        <ele>382</ele>
      </trkpt>
      <trkpt lat="50.945336977019906" lon="10.289976960048079">
        <ele>381.89999999999998</ele>
      </trkpt>
      <trkpt lat="50.945434039458632" lon="10.289968997240067">
        <ele>382.10000000000002</ele>
      </trkpt>
      <trkpt lat="50.945605030283332" lon="10.290043009445071">
        <ele>382.69999999999999</ele>
      </trkpt>
      <trkpt lat="50.94583896920085" lon="10.290057007223368">
        <ele>382.39999999999998</ele>
      </trkpt>
      <trkpt lat="50.946166031062603" lon="10.289820972830057">
        <ele>380.5</ele>
      </trkpt>
      <trkpt lat="50.946492003276944" lon="10.289585022255778">
        <ele>378.60000000000002</ele>
      </trkpt>
      <trkpt lat="50.946540031582117" lon="10.289512015879154">
        <ele>378.39999999999998</ele>
      </trkpt>
      <trkpt lat="50.946622006595135" lon="10.288936011493206">
        <ele>378.5</ele>
      </trkpt>
      <trkpt lat="50.946669029071927" lon="10.288845989853144">
        <ele>378.39999999999998</ele>
      </trkpt>
      <trkpt lat="50.946573978289962" lon="10.288507025688887">
        <ele>377.69999999999999</ele>
      </trkpt>
      <trkpt lat="50.946478005498648" lon="10.288166971877217">
        <ele>375.60000000000002</ele>
      </trkpt>
      <trkpt lat="50.946458978578448" lon="10.287967985495925">
        <ele>373.80000000000001</ele>
      </trkpt>
      <trkpt lat="50.946459984406829" lon="10.287966979667544">
        <ele>373.80000000000001</ele>
      </trkpt>
      <trkpt lat="50.946628963574767" lon="10.287590967491269">
        <ele>370.89999999999998</ele>
      </trkpt>
      <trkpt lat="50.946648996323347" lon="10.287482002750039">
        <ele>370.10000000000002</ele>
      </trkpt>
      <trkpt lat="50.946628041565418" lon="10.287330960854888">
        <ele>368.60000000000002</ele>
      </trkpt>
      <trkpt lat="50.946391001343727" lon="10.286798039451241">
        <ele>361.19999999999999</ele>
      </trkpt>
      <trkpt lat="50.946153961122036" lon="10.286266040056944">
        <ele>353.19999999999999</ele>
      </trkpt>
      <trkpt lat="50.946083972230554" lon="10.285978959873319">
        <ele>349.80000000000001</ele>
      </trkpt>
      <trkpt lat="50.946094030514359" lon="10.285753989592195">
        <ele>348</ele>
      </trkpt>
      <trkpt lat="50.94613996334374" lon="10.285659022629261">
        <ele>347.80000000000001</ele>
      </trkpt>
      <trkpt lat="50.946244988590479" lon="10.285563971847296">
        <ele>348.39999999999998</ele>
      </trkpt>
      <trkpt lat="50.946325035765767" lon="10.285576041787863">
        <ele>349.5</ele>
      </trkpt>
      <trkpt lat="50.946648996323347" lon="10.285778967663646">
        <ele>355.39999999999998</ele>
      </trkpt>
      <trkpt lat="50.946708004921675" lon="10.285772010684013">
        <ele>356.10000000000002</ele>
      </trkpt>
      <trkpt lat="50.946939010173082" lon="10.28542198240757">
        <ele>356.60000000000002</ele>
      </trkpt>
      <trkpt lat="50.94717001542449" lon="10.285072037950158">
        <ele>358</ele>
      </trkpt>
      <trkpt lat="50.947183007374406" lon="10.284796021878719">
        <ele>357.80000000000001</ele>
      </trkpt>
      <trkpt lat="50.947122992947698" lon="10.284542972221971">
        <ele>357</ele>
      </trkpt>
      <trkpt lat="50.946999024599791" lon="10.284341974183917">
        <ele>355.10000000000002</ele>
      </trkpt>
      <trkpt lat="50.946800038218498" lon="10.284169977530837">
        <ele>351.69999999999999</ele>
      </trkpt>
      <trkpt lat="50.946682021021843" lon="10.283996975049376">
        <ele>349.60000000000002</ele>
      </trkpt>
      <trkpt lat="50.946652013808489" lon="10.283846016973257">
        <ele>349</ele>
      </trkpt>
      <trkpt lat="50.946665005758405" lon="10.283740991726518">
        <ele>349.10000000000002</ele>
      </trkpt>
      <trkpt lat="50.946713034063578" lon="10.283618029206991">
        <ele>349.80000000000001</ele>
      </trkpt>
      <trkpt lat="50.946830967441201" lon="10.283414013683796">
        <ele>351.60000000000002</ele>
      </trkpt>
      <trkpt lat="50.946885030716658" lon="10.283258026465774">
        <ele>352.30000000000001</ele>
      </trkpt>
      <trkpt lat="50.946904979646206" lon="10.2831029612571">
        <ele>352.30000000000001</ele>
      </trkpt>
      <trkpt lat="50.946895005181432" lon="10.282932976260781">
        <ele>351.60000000000002</ele>
      </trkpt>
      <trkpt lat="50.946730971336365" lon="10.282460991293192">
        <ele>346.89999999999998</ele>
      </trkpt>
      <trkpt lat="50.947131039574742" lon="10.282309027388692">
        <ele>352.69999999999999</ele>
      </trkpt>
      <trkpt lat="50.947254002094269" lon="10.282193021848798">
        <ele>353.89999999999998</ele>
      </trkpt>
      <trkpt lat="50.947591960430145" lon="10.282200984656811">
        <ele>358.19999999999999</ele>
      </trkpt>
      <trkpt lat="50.947634959593415" lon="10.282138958573341">
        <ele>358.30000000000001</ele>
      </trkpt>
      <trkpt lat="50.947668990120292" lon="10.282034017145634">
        <ele>358</ele>
      </trkpt>
      <trkpt lat="50.947640994563699" lon="10.281813992187381">
        <ele>356.39999999999998</ele>
      </trkpt>
      <trkpt lat="50.947568994015455" lon="10.281610982492566">
        <ele>354.5</ele>
      </trkpt>
      <trkpt lat="50.947330025956035" lon="10.281140003353357">
        <ele>349.30000000000001</ele>
      </trkpt>
      <trkpt lat="50.947303958237171" lon="10.280999019742012">
        <ele>348.30000000000001</ele>
      </trkpt>
      <trkpt lat="50.947327008470893" lon="10.280912015587091">
        <ele>348.30000000000001</ele>
      </trkpt>
      <trkpt lat="50.947518032044172" lon="10.280723003670573">
        <ele>350.60000000000002</ele>
      </trkpt>
      <trkpt lat="50.947612999007106" lon="10.28054497204721">
        <ele>351.80000000000001</ele>
      </trkpt>
      <trkpt lat="50.947688017040491" lon="10.280294017866254">
        <ele>353.10000000000002</ele>
      </trkpt>
      <trkpt lat="50.947698997333646" lon="10.279789008200169">
        <ele>355.30000000000001</ele>
      </trkpt>
      <trkpt lat="50.947709977626801" lon="10.279283998534083">
        <ele>359.5</ele>
      </trkpt>
      <trkpt lat="50.947738979011774" lon="10.279142009094357">
        <ele>361.39999999999998</ele>
      </trkpt>
      <trkpt lat="50.947844004258513" lon="10.279071014374495">
        <ele>363.5</ele>
      </trkpt>
      <trkpt lat="50.948070986196399" lon="10.279075037688017">
        <ele>366</ele>
      </trkpt>
      <trkpt lat="50.948320012539625" lon="10.279018962755799">
        <ele>368.39999999999998</ele>
      </trkpt>
      <trkpt lat="50.948558980599046" lon="10.278789969161153">
        <ele>371.10000000000002</ele>
      </trkpt>
      <trkpt lat="50.948622012510896" lon="10.278673963621259">
        <ele>372</ele>
      </trkpt>
      <trkpt lat="50.948658976703882" lon="10.278535997495055">
        <ele>372.80000000000001</ele>
      </trkpt>
      <trkpt lat="50.948645984753966" lon="10.278407000005245">
        <ele>373.60000000000002</ele>
      </trkpt>
      <trkpt lat="50.948507012799382" lon="10.277979020029306">
        <ele>375.80000000000001</ele>
      </trkpt>
      <trkpt lat="50.948321018368006" lon="10.277536958456039">
        <ele>377.69999999999999</ele>
      </trkpt>
      <trkpt lat="50.948178023099899" lon="10.277243005111814">
        <ele>378.69999999999999</ele>
      </trkpt>
      <trkpt lat="50.948034022003412" lon="10.276947962120175">
        <ele>379.60000000000002</ele>
      </trkpt>
      <trkpt lat="50.947884991765022" lon="10.276471031829715">
        <ele>380.5</ele>
      </trkpt>
      <trkpt lat="50.947894966229796" lon="10.276168026030064">
        <ele>380.89999999999998</ele>
      </trkpt>
      <trkpt lat="50.94796403311193" lon="10.275825960561633">
        <ele>381.19999999999999</ele>
      </trkpt>
      <trkpt lat="50.948083978146315" lon="10.275543993338943">
        <ele>382</ele>
      </trkpt>
      <trkpt lat="50.948194032534957" lon="10.275438968092203">
        <ele>382.80000000000001</ele>
      </trkpt>
      <trkpt lat="50.94826502725482" lon="10.275359004735947">
        <ele>383.30000000000001</ele>
      </trkpt>
      <trkpt lat="50.94845999032259" lon="10.275179967284203">
        <ele>384.5</ele>
      </trkpt>
      <trkpt lat="50.948654031381011" lon="10.27500000782311">
        <ele>385.60000000000002</ele>
      </trkpt>
      <trkpt lat="50.948913032189012" lon="10.274810995906591">
        <ele>386.89999999999998</ele>
      </trkpt>
      <trkpt lat="50.949172032997012" lon="10.274621983990073">
        <ele>387.89999999999998</ele>
      </trkpt>
      <trkpt lat="50.949401026591659" lon="10.274406988173723">
        <ele>388.60000000000002</ele>
      </trkpt>
      <trkpt lat="50.949629014357924" lon="10.274192998185754">
        <ele>389.10000000000002</ele>
      </trkpt>
      <trkpt lat="50.949866976588964" lon="10.273884041234851">
        <ele>389.30000000000001</ele>
      </trkpt>
      <trkpt lat="50.950105022639036" lon="10.273575000464916">
        <ele>389.5</ele>
      </trkpt>
      <trkpt lat="50.950312977656722" lon="10.273122964426875">
        <ele>389.30000000000001</ele>
      </trkpt>
      <trkpt lat="50.95052101649344" lon="10.272671012207866">
        <ele>389.5</ele>
      </trkpt>
      <trkpt lat="50.950640961527824" lon="10.272484011948109">
        <ele>389.89999999999998</ele>
      </trkpt>
      <trkpt lat="50.950982021167874" lon="10.272283013910055">
        <ele>391.19999999999999</ele>
      </trkpt>
      <trkpt lat="50.95105703920126" lon="10.272181006148458">
        <ele>391.60000000000002</ele>
      </trkpt>
      <trkpt lat="50.951083023101091" lon="10.271678008139133">
        <ele>393.30000000000001</ele>
      </trkpt>
      <trkpt lat="50.951162986457348" lon="10.271498970687389">
        <ele>394</ele>
      </trkpt>
      <trkpt lat="50.95127203501761" lon="10.271012987941504">
        <ele>395.69999999999999</ele>
      </trkpt>
      <trkpt lat="50.95138099975884" lon="10.270525999367237">
        <ele>395.39999999999998</ele>
      </trkpt>
      <trkpt lat="50.951386028900743" lon="10.27029599994421">
        <ele>394.60000000000002</ele>
      </trkpt>
      <trkpt lat="50.951344035565853" lon="10.269744973629713">
        <ele>392.39999999999998</ele>
      </trkpt>
      <trkpt lat="50.951234987005591" lon="10.269204005599022">
        <ele>390.19999999999999</ele>
      </trkpt>
      <trkpt lat="50.951126022264361" lon="10.26866203173995">
        <ele>388</ele>
      </trkpt>
      <trkpt lat="50.951120993122458" lon="10.268270010128617">
        <ele>386.39999999999998</ele>
      </trkpt>
      <trkpt lat="50.951115963980556" lon="10.267877988517284">
        <ele>389.19999999999999</ele>
      </trkpt>
      <trkpt lat="50.951193999499083" lon="10.267240963876247">
        <ele>391.30000000000001</ele>
      </trkpt>
      <trkpt lat="50.951192993670702" lon="10.266603017225862">
        <ele>391.5</ele>
      </trkpt>
      <trkpt lat="50.951190982013941" lon="10.265964986756444">
        <ele>388.10000000000002</ele>
      </trkpt>
      <trkpt lat="50.951177990064025" lon="10.265604984015226">
        <ele>385.69999999999999</ele>
      </trkpt>
      <trkpt lat="50.951163992285728" lon="10.265244981274009">
        <ele>382.89999999999998</ele>
      </trkpt>
      <trkpt lat="50.951057961210608" lon="10.264809960499406">
        <ele>382.10000000000002</ele>
      </trkpt>
      <trkpt lat="50.950917983427644" lon="10.264351973310113">
        <ele>381.80000000000001</ele>
      </trkpt>
      <trkpt lat="50.950778005644679" lon="10.26389398612082">
        <ele>381.89999999999998</ele>
      </trkpt>
      <trkpt lat="50.950638027861714" lon="10.263435998931527">
        <ele>381.69999999999999</ele>
      </trkpt>
      <trkpt lat="50.950508024543524" lon="10.26297097094357">
        <ele>381.39999999999998</ele>
      </trkpt>
      <trkpt lat="50.950399981811643" lon="10.262330006808043">
        <ele>380.5</ele>
      </trkpt>
      <trkpt lat="50.95039302483201" lon="10.261917030438781">
        <ele>380.30000000000001</ele>
      </trkpt>
      <trkpt lat="50.950416997075081" lon="10.26172298938036">
        <ele>380.39999999999998</ele>
      </trkpt>
      <trkpt lat="50.950585976243019" lon="10.261311018839478">
        <ele>381.89999999999998</ele>
      </trkpt>
      <trkpt lat="50.950854029506445" lon="10.261176992207766">
        <ele>383.39999999999998</ele>
      </trkpt>
      <trkpt lat="50.95114597119391" lon="10.261093005537987">
        <ele>385</ele>
      </trkpt>
      <trkpt lat="50.951436990872025" lon="10.261010024696589">
        <ele>386.89999999999998</ele>
      </trkpt>
      <trkpt lat="50.951878968626261" lon="10.261022010818124">
        <ele>387.10000000000002</ele>
      </trkpt>
      <trkpt lat="50.9522620216012" lon="10.261091999709606">
        <ele>384.80000000000001</ele>
      </trkpt>
      <trkpt lat="50.952645996585488" lon="10.261160982772708">
        <ele>380.69999999999999</ele>
      </trkpt>
      <trkpt lat="50.952798966318369" lon="10.26109803467989">
        <ele>379.80000000000001</ele>
      </trkpt>
      <trkpt lat="50.95299300737679" lon="10.260729985311627">
        <ele>382.19999999999999</ele>
      </trkpt>
      <trkpt lat="50.953306993469596" lon="10.260547008365393">
        <ele>379</ele>
      </trkpt>
      <trkpt lat="50.953419981524348" lon="10.260425973683596">
        <ele>378.10000000000002</ele>
      </trkpt>
      <trkpt lat="50.953475972637534" lon="10.260222963988781">
        <ele>378.69999999999999</ele>
      </trkpt>
      <trkpt lat="50.953501034528017" lon="10.25985399261117">
        <ele>380.60000000000002</ele>
      </trkpt>
      <trkpt lat="50.953526012599468" lon="10.259486027061939">
        <ele>381.19999999999999</ele>
      </trkpt>
      <trkpt lat="50.953458035364747" lon="10.259077996015549">
        <ele>382.30000000000001</ele>
      </trkpt>
      <trkpt lat="50.953389974310994" lon="10.258668959140778">
        <ele>382.80000000000001</ele>
      </trkpt>
      <trkpt lat="50.953229041770101" lon="10.258082980290055">
        <ele>382.5</ele>
      </trkpt>
      <trkpt lat="50.953093003481627" lon="10.257645025849342">
        <ele>380.89999999999998</ele>
      </trkpt>
      <trkpt lat="50.952957971021533" lon="10.257206987589598">
        <ele>378.39999999999998</ele>
      </trkpt>
      <trkpt lat="50.952893011271954" lon="10.256791999563575">
        <ele>375.80000000000001</ele>
      </trkpt>
      <trkpt lat="50.952916983515024" lon="10.256305010989308">
        <ele>373.19999999999999</ele>
      </trkpt>
      <trkpt lat="50.952976997941732" lon="10.255788015201688">
        <ele>371.39999999999998</ele>
      </trkpt>
      <trkpt lat="50.953023014590144" lon="10.255548963323236">
        <ele>371.19999999999999</ele>
      </trkpt>
      <trkpt lat="50.953090991824865" lon="10.25547000579536">
        <ele>371.60000000000002</ele>
      </trkpt>
      <trkpt lat="50.95329400151968" lon="10.255723977461457">
        <ele>372.89999999999998</ele>
      </trkpt>
      <trkpt lat="50.953469015657902" lon="10.255558015778661">
        <ele>374.19999999999999</ele>
      </trkpt>
      <trkpt lat="50.953654004260898" lon="10.255571007728577">
        <ele>375.39999999999998</ele>
      </trkpt>
      <trkpt lat="50.954010989516973" lon="10.255852974951267">
        <ele>374.89999999999998</ele>
      </trkpt>
      <trkpt lat="50.953838992863894" lon="10.255562961101532">
        <ele>376.39999999999998</ele>
      </trkpt>
      <trkpt lat="50.953665990382433" lon="10.255274036899209">
        <ele>376.69999999999999</ele>
      </trkpt>
      <trkpt lat="50.953546967357397" lon="10.254952004179358">
        <ele>376.89999999999998</ele>
      </trkpt>
      <trkpt lat="50.953489970415831" lon="10.25469702668488">
        <ele>377.39999999999998</ele>
      </trkpt>
      <trkpt lat="50.953497011214495" lon="10.254284972324967">
        <ele>379.80000000000001</ele>
      </trkpt>
      <trkpt lat="50.953634977340698" lon="10.253792032599449">
        <ele>384.30000000000001</ele>
      </trkpt>
      <trkpt lat="50.953774033114314" lon="10.253299009054899">
        <ele>388.80000000000001</ele>
      </trkpt>
      <trkpt lat="50.953775960952044" lon="10.253204964101315">
        <ele>389.30000000000001</ele>
      </trkpt>
      <trkpt lat="50.953718964010477" lon="10.252972031012177">
        <ele>389.69999999999999</ele>
      </trkpt>
      <trkpt lat="50.953571023419499" lon="10.252769021317363">
        <ele>388.80000000000001</ele>
      </trkpt>
      <trkpt lat="50.953313028439879" lon="10.252546984702349">
        <ele>386.5</ele>
      </trkpt>
      <trkpt lat="50.953286960721016" lon="10.252150017768145">
        <ele>387.60000000000002</ele>
      </trkpt>
      <trkpt lat="50.95333700068295" lon="10.251950025558472">
        <ele>389</ele>
      </trkpt>
      <trkpt lat="50.95348896458745" lon="10.25160301476717">
        <ele>392.39999999999998</ele>
      </trkpt>
      <trkpt lat="50.953642018139362" lon="10.251257009804249">
        <ele>396.10000000000002</ele>
      </trkpt>
      <trkpt lat="50.953711001202464" lon="10.251040002331138">
        <ele>397.80000000000001</ele>
      </trkpt>
      <trkpt lat="50.953720975667238" lon="10.250774966552854">
        <ele>398.69999999999999</ele>
      </trkpt>
      <trkpt lat="50.953649980947375" lon="10.250432984903455">
        <ele>398.19999999999999</ele>
      </trkpt>
      <trkpt lat="50.953578986227512" lon="10.250091003254056">
        <ele>397.89999999999998</ele>
      </trkpt>
      <trkpt lat="50.953605975955725" lon="10.249902997165918">
        <ele>398.89999999999998</ele>
      </trkpt>
      <trkpt lat="50.953689962625504" lon="10.249674003571272">
        <ele>400.89999999999998</ele>
      </trkpt>
      <trkpt lat="50.953886015340686" lon="10.249265972524881">
        <ele>405.69999999999999</ele>
      </trkpt>
      <trkpt lat="50.954080978408456" lon="10.248857019469142">
        <ele>409.30000000000001</ele>
      </trkpt>
      <trkpt lat="50.954332016408443" lon="10.248435996472836">
        <ele>412.5</ele>
      </trkpt>
      <trkpt lat="50.954582970589399" lon="10.248014973476529">
        <ele>414.89999999999998</ele>
      </trkpt>
      <trkpt lat="50.954876001924276" lon="10.247681038454175">
        <ele>417.69999999999999</ele>
      </trkpt>
      <trkpt lat="50.955169033259153" lon="10.247347019612789">
        <ele>419.69999999999999</ele>
      </trkpt>
      <trkpt lat="50.955461980774999" lon="10.247013000771403">
        <ele>421.30000000000001</ele>
      </trkpt>
      <trkpt lat="50.955688040703535" lon="10.246568005532026">
        <ele>421.39999999999998</ele>
      </trkpt>
      <trkpt lat="50.955895995721221" lon="10.24608101695776">
        <ele>419.69999999999999</ele>
      </trkpt>
      <trkpt lat="50.956079978495836" lon="10.245750015601516">
        <ele>419.39999999999998</ele>
      </trkpt>
      <trkpt lat="50.956123983487487" lon="10.245703998953104">
        <ele>419.30000000000001</ele>
      </trkpt>
      <trkpt lat="50.956392958760262" lon="10.24548196233809">
        <ele>417.89999999999998</ele>
      </trkpt>
      <trkpt lat="50.956470994278789" lon="10.245452038943768">
        <ele>417.5</ele>
      </trkpt>
      <trkpt lat="50.956570990383625" lon="10.245478022843599">
        <ele>417.69999999999999</ele>
      </trkpt>
      <trkpt lat="50.956879025325179" lon="10.245686983689666">
        <ele>419.19999999999999</ele>
      </trkpt>
      <trkpt lat="50.957186976447701" lon="10.245895022526383">
        <ele>420.10000000000002</ele>
      </trkpt>
      <trkpt lat="50.957453018054366" lon="10.246194005012512">
        <ele>420.30000000000001</ele>
      </trkpt>
      <trkpt lat="50.957757029682398" lon="10.246418975293636">
        <ele>418.89999999999998</ele>
      </trkpt>
      <trkpt lat="50.958017036318779" lon="10.246443031355739">
        <ele>417.19999999999999</ele>
      </trkpt>
      <trkpt lat="50.958187021315098" lon="10.246375976130366">
        <ele>416.10000000000002</ele>
      </trkpt>
      <trkpt lat="50.95834200270474" lon="10.246307998895645">
        <ele>415.10000000000002</ele>
      </trkpt>
      <trkpt lat="50.958462031558156" lon="10.246169026941061">
        <ele>414.39999999999998</ele>
      </trkpt>
      <trkpt lat="50.958607960492373" lon="10.245990995317698">
        <ele>413.5</ele>
      </trkpt>
      <trkpt lat="50.958919012919068" lon="10.2456109598279">
        <ele>411</ele>
      </trkpt>
      <trkpt lat="50.959173990413547" lon="10.245494032278657">
        <ele>408.89999999999998</ele>
      </trkpt>
      <trkpt lat="50.959428967908025" lon="10.245376015082002">
        <ele>406.89999999999998</ele>
      </trkpt>
      <trkpt lat="50.959656033664942" lon="10.245306026190519">
        <ele>405.80000000000001</ele>
      </trkpt>
      <trkpt lat="50.959754018113017" lon="10.245305020362139">
        <ele>405.19999999999999</ele>
      </trkpt>
      <trkpt lat="50.959870023652911" lon="10.245385989546776">
        <ele>404.5</ele>
      </trkpt>
      <trkpt lat="50.960135981440544" lon="10.245884964242578">
        <ele>403.30000000000001</ele>
      </trkpt>
      <trkpt lat="50.96044996753335" lon="10.246349992230535">
        <ele>400.39999999999998</ele>
      </trkpt>
      <trkpt lat="50.960687007755041" lon="10.246741008013487">
        <ele>397</ele>
      </trkpt>
      <trkpt lat="50.960923964157701" lon="10.247131017968059">
        <ele>393.5</ele>
      </trkpt>
      <trkpt lat="50.961219007149339" lon="10.247517004609108">
        <ele>389.60000000000002</ele>
      </trkpt>
      <trkpt lat="50.9616319835186" lon="10.24752002209425">
        <ele>385.89999999999998</ele>
      </trkpt>
      <trkpt lat="50.961847985163331" lon="10.247624963521957">
        <ele>385.5</ele>
      </trkpt>
      <trkpt lat="50.962092988193035" lon="10.248008016496897">
        <ele>388</ele>
      </trkpt>
      <trkpt lat="50.962261967360973" lon="10.247833002358675">
        <ele>388.10000000000002</ele>
      </trkpt>
      <trkpt lat="50.96248903311789" lon="10.24748096242547">
        <ele>388.5</ele>
      </trkpt>
      <trkpt lat="50.962643008679152" lon="10.247128000482917">
        <ele>389.19999999999999</ele>
      </trkpt>
      <trkpt lat="50.962796984240413" lon="10.246775038540363">
        <ele>390.69999999999999</ele>
      </trkpt>
      <trkpt lat="50.962944002822042" lon="10.246298024430871">
        <ele>390.69999999999999</ele>
      </trkpt>
      <trkpt lat="50.96309001557529" lon="10.245822016149759">
        <ele>391.10000000000002</ele>
      </trkpt>
      <trkpt lat="50.963310040533543" lon="10.245365034788847">
        <ele>392.60000000000002</ele>
      </trkpt>
      <trkpt lat="50.963530987501144" lon="10.244908975437284">
        <ele>394</ele>
      </trkpt>
      <trkpt lat="50.963651016354561" lon="10.244572022929788">
        <ele>394.69999999999999</ele>
      </trkpt>
      <trkpt lat="50.963732991367579" lon="10.244058966636658">
        <ele>395.5</ele>
      </trkpt>
      <trkpt lat="50.963770039379597" lon="10.243449015542865">
        <ele>396.5</ele>
      </trkpt>
      <trkpt lat="50.963837010785937" lon="10.242968983948231">
        <ele>396.60000000000002</ele>
      </trkpt>
      <trkpt lat="50.964067010208964" lon="10.242618033662438">
        <ele>396.30000000000001</ele>
      </trkpt>
      <trkpt lat="50.964297009631991" lon="10.242266999557614">
        <ele>394.80000000000001</ele>
      </trkpt>
      <trkpt lat="50.964527009055018" lon="10.24191495962441">
        <ele>393.10000000000002</ele>
      </trkpt>
      <trkpt lat="50.964695988222957" lon="10.241756038740277">
        <ele>392.69999999999999</ele>
      </trkpt>
      <trkpt lat="50.964999999850988" lon="10.241588987410069">
        <ele>393.5</ele>
      </trkpt>
      <trkpt lat="50.96530401147902" lon="10.241422019898891">
        <ele>396.30000000000001</ele>
      </trkpt>
      <trkpt lat="50.965554965659976" lon="10.241316994652152">
        <ele>397.80000000000001</ele>
      </trkpt>
      <trkpt lat="50.965806003659964" lon="10.241210963577032">
        <ele>399.30000000000001</ele>
      </trkpt>
      <trkpt lat="50.966029968112707" lon="10.241007031872869">
        <ele>400.10000000000002</ele>
      </trkpt>
      <trkpt lat="50.966178998351097" lon="10.240748031064868">
        <ele>400.19999999999999</ele>
      </trkpt>
      <trkpt lat="50.966317970305681" lon="10.24030202999711">
        <ele>399.30000000000001</ele>
      </trkpt>
      <trkpt lat="50.966457026079297" lon="10.239856028929353">
        <ele>398.10000000000002</ele>
      </trkpt>
      <trkpt lat="50.966680990532041" lon="10.239282958209515">
        <ele>396.89999999999998</ele>
      </trkpt>
      <trkpt lat="50.966914007440209" lon="10.23905698210001">
        <ele>396.69999999999999</ele>
      </trkpt>
      <trkpt lat="50.967047028243542" lon="10.238722963258624">
        <ele>396.30000000000001</ele>
      </trkpt>
      <trkpt lat="50.96713000908494" lon="10.238586002960801">
        <ele>396.10000000000002</ele>
      </trkpt>
      <trkpt lat="50.967331007122993" lon="10.238433033227921">
        <ele>395.39999999999998</ele>
      </trkpt>
      <trkpt lat="50.967548014596105" lon="10.238447031006217">
        <ele>394.19999999999999</ele>
      </trkpt>
      <trkpt lat="50.967843979597092" lon="10.238546021282673">
        <ele>392.19999999999999</ele>
      </trkpt>
      <trkpt lat="50.96813902258873" lon="10.238645011559129">
        <ele>389.80000000000001</ele>
      </trkpt>
      <trkpt lat="50.968213034793735" lon="10.238634031265974">
        <ele>389.10000000000002</ele>
      </trkpt>
      <trkpt lat="50.968305990099907" lon="10.238481983542442">
        <ele>388.30000000000001</ele>
      </trkpt>
      <trkpt lat="50.968470023944974" lon="10.238099014386535">
        <ele>387.19999999999999</ele>
      </trkpt>
      <trkpt lat="50.968633973971009" lon="10.237715961411595">
        <ele>386.80000000000001</ele>
      </trkpt>
      <trkpt lat="50.969074023887515" lon="10.237608002498746">
        <ele>383.80000000000001</ele>
      </trkpt>
      <trkpt lat="50.969361020252109" lon="10.237596016377211">
        <ele>382.30000000000001</ele>
      </trkpt>
      <trkpt lat="50.969648016616702" lon="10.237583024427295">
        <ele>381.30000000000001</ele>
      </trkpt>
      <trkpt lat="50.969807021319866" lon="10.237719984725118">
        <ele>380.89999999999998</ele>
      </trkpt>
      <trkpt lat="50.969983041286469" lon="10.237958030775189">
        <ele>380.80000000000001</ele>
      </trkpt>
      <trkpt lat="50.970196025446057" lon="10.238350974395871">
        <ele>381</ele>
      </trkpt>
      <trkpt lat="50.970409009605646" lon="10.238744001835585">
        <ele>381.5</ele>
      </trkpt>
      <trkpt lat="50.970733975991607" lon="10.239180028438568">
        <ele>383.5</ele>
      </trkpt>
      <trkpt lat="50.971059026196599" lon="10.2396169770509">
        <ele>386.30000000000001</ele>
      </trkpt>
      <trkpt lat="50.97138399258256" lon="10.240053003653884">
        <ele>387.60000000000002</ele>
      </trkpt>
      <trkpt lat="50.971519025042653" lon="10.240149982273579">
        <ele>388.5</ele>
      </trkpt>
      <trkpt lat="50.971520030871034" lon="10.240149982273579">
        <ele>388.5</ele>
      </trkpt>
      <trkpt lat="50.971958991140127" lon="10.24026095867157">
        <ele>388.89999999999998</ele>
      </trkpt>
      <trkpt lat="50.972399041056633" lon="10.240373024716973">
        <ele>385.80000000000001</ele>
      </trkpt>
      <trkpt lat="50.972839007154107" lon="10.240484001114964">
        <ele>380.89999999999998</ele>
      </trkpt>
      <trkpt lat="50.973017960786819" lon="10.240400014445186">
        <ele>381.5</ele>
      </trkpt>
      <trkpt lat="50.97310496494174" lon="10.240141013637185">
        <ele>385.69999999999999</ele>
      </trkpt>
      <trkpt lat="50.973439989611506" lon="10.240169009193778">
        <ele>383.10000000000002</ele>
      </trkpt>
      <trkpt lat="50.973803009837866" lon="10.240290965884924">
        <ele>378.69999999999999</ele>
      </trkpt>
      <trkpt lat="50.974033009260893" lon="10.239833984524012">
        <ele>382.19999999999999</ele>
      </trkpt>
      <trkpt lat="50.974193019792438" lon="10.239426959306002">
        <ele>380.19999999999999</ele>
      </trkpt>
      <trkpt lat="50.974399968981743" lon="10.239027980715036">
        <ele>374</ele>
      </trkpt>
      <trkpt lat="50.974446991458535" lon="10.238886997103691">
        <ele>372.30000000000001</ele>
      </trkpt>
      <trkpt lat="50.974468030035496" lon="10.238704020157456">
        <ele>371.10000000000002</ele>
      </trkpt>
      <trkpt lat="50.97430600784719" lon="10.238146036863327">
        <ele>374.39999999999998</ele>
      </trkpt>
      <trkpt lat="50.974473981186748" lon="10.237556034699082">
        <ele>372.69999999999999</ele>
      </trkpt>
      <trkpt lat="50.974640026688576" lon="10.237154960632324">
        <ele>372.69999999999999</ele>
      </trkpt>
      <trkpt lat="50.974804982542992" lon="10.236752964556217">
        <ele>374</ele>
      </trkpt>
      <trkpt lat="50.974922999739647" lon="10.23656303063035">
        <ele>374.69999999999999</ele>
      </trkpt>
      <trkpt lat="50.975142018869519" lon="10.236357003450394">
        <ele>374.89999999999998</ele>
      </trkpt>
      <trkpt lat="50.97550998441875" lon="10.236101020127535">
        <ele>375.30000000000001</ele>
      </trkpt>
      <trkpt lat="50.975649962201715" lon="10.23604896850884">
        <ele>375.10000000000002</ele>
      </trkpt>
      <trkpt lat="50.975774014368653" lon="10.235926005989313">
        <ele>375.80000000000001</ele>
      </trkpt>
      <trkpt lat="50.975912986323237" lon="10.235577989369631">
        <ele>377.80000000000001</ele>
      </trkpt>
      <trkpt lat="50.976015999913216" lon="10.235423007979989">
        <ele>378.19999999999999</ele>
      </trkpt>
      <trkpt lat="50.976267959922552" lon="10.235118996351957">
        <ele>378.30000000000001</ele>
      </trkpt>
      <trkpt lat="50.976521009579301" lon="10.234813978895545">
        <ele>377.80000000000001</ele>
      </trkpt>
      <trkpt lat="50.976896015927196" lon="10.234445007517934">
        <ele>377.69999999999999</ele>
      </trkpt>
      <trkpt lat="50.977076981216669" lon="10.234171003103256">
        <ele>376.89999999999998</ele>
      </trkpt>
      <trkpt lat="50.977259036153555" lon="10.233898004516959">
        <ele>375.89999999999998</ele>
      </trkpt>
      <trkpt lat="50.97742298617959" lon="10.233646966516972">
        <ele>374.89999999999998</ele>
      </trkpt>
      <trkpt lat="50.977586014196277" lon="10.233395006507635">
        <ele>374.10000000000002</ele>
      </trkpt>
      <trkpt lat="50.97778701223433" lon="10.232979012653232">
        <ele>372.60000000000002</ele>
      </trkpt>
      <trkpt lat="50.97791500389576" lon="10.232607023790479">
        <ele>370.80000000000001</ele>
      </trkpt>
      <trkpt lat="50.978041989728808" lon="10.232234029099345">
        <ele>368.80000000000001</ele>
      </trkpt>
      <trkpt lat="50.978343989700079" lon="10.231864973902702">
        <ele>369</ele>
      </trkpt>
      <trkpt lat="50.978644983842969" lon="10.231496002525091">
        <ele>368.60000000000002</ele>
      </trkpt>
      <trkpt lat="50.978853022679687" lon="10.231174975633621">
        <ele>367.5</ele>
      </trkpt>
      <trkpt lat="50.979059971868992" lon="10.230854032561183">
        <ele>366.19999999999999</ele>
      </trkpt>
      <trkpt lat="50.979203972965479" lon="10.230584973469377">
        <ele>364.5</ele>
      </trkpt>
      <trkpt lat="50.979426009580493" lon="10.230321027338505">
        <ele>363.60000000000002</ele>
      </trkpt>
      <trkpt lat="50.979705965146422" lon="10.230213990435004">
        <ele>365.19999999999999</ele>
      </trkpt>
      <trkpt lat="50.979986004531384" lon="10.230106031522155">
        <ele>364.60000000000002</ele>
      </trkpt>
      <trkpt lat="50.98012899979949" lon="10.229863962158561">
        <ele>361.30000000000001</ele>
      </trkpt>
      <trkpt lat="50.980382971465588" lon="10.229522986337543">
        <ele>354.80000000000001</ele>
      </trkpt>
      <trkpt lat="50.980638032779098" lon="10.229182010516524">
        <ele>348.5</ele>
      </trkpt>
      <trkpt lat="50.980893010273576" lon="10.228840028867126">
        <ele>344.80000000000001</ele>
      </trkpt>
      <trkpt lat="50.981057966127992" lon="10.228771967813373">
        <ele>343.89999999999998</ele>
      </trkpt>
      <trkpt lat="50.981194004416466" lon="10.228672977536917">
        <ele>343.19999999999999</ele>
      </trkpt>
      <trkpt lat="50.981406988576055" lon="10.228425040841103">
        <ele>342.80000000000001</ele>
      </trkpt>
      <trkpt lat="50.981620978564024" lon="10.228178026154637">
        <ele>342.69999999999999</ele>
      </trkpt>
      <trkpt lat="50.981816025450826" lon="10.22795096039772">
        <ele>342.60000000000002</ele>
      </trkpt>
      <trkpt lat="50.982010988518596" lon="10.227723978459835">
        <ele>342.19999999999999</ele>
      </trkpt>
      <trkpt lat="50.982307037338614" lon="10.227565979585052">
        <ele>340.80000000000001</ele>
      </trkpt>
      <trkpt lat="50.982488002628088" lon="10.227553993463516">
        <ele>340.19999999999999</ele>
      </trkpt>
      <trkpt lat="50.982689000666142" lon="10.22762599401176">
        <ele>340.19999999999999</ele>
      </trkpt>
      <trkpt lat="50.983086973428726" lon="10.22788398899138">
        <ele>341.60000000000002</ele>
      </trkpt>
      <trkpt lat="50.983435995876789" lon="10.228026984259486">
        <ele>342.80000000000001</ele>
      </trkpt>
      <trkpt lat="50.983776971697807" lon="10.228112982586026">
        <ele>343.5</ele>
      </trkpt>
      <trkpt lat="50.984119037166238" lon="10.228199986740947">
        <ele>343.80000000000001</ele>
      </trkpt>
      <trkpt lat="50.984399998560548" lon="10.228330995887518">
        <ele>344.10000000000002</ele>
      </trkpt>
      <trkpt lat="50.984681965783238" lon="10.228462005034089">
        <ele>344.39999999999998</ele>
      </trkpt>
      <trkpt lat="50.984892016276717" lon="10.22859200835228">
        <ele>344.89999999999998</ele>
      </trkpt>
      <trkpt lat="50.985101982951164" lon="10.22872100584209">
        <ele>345.60000000000002</ele>
      </trkpt>
      <trkpt lat="50.985505990684032" lon="10.228649005293846">
        <ele>349.19999999999999</ele>
      </trkpt>
      <trkpt lat="50.98580002784729" lon="10.228778002783656">
        <ele>351.69999999999999</ele>
      </trkpt>
      <trkpt lat="50.986089035868645" lon="10.228995010256767">
        <ele>353.39999999999998</ele>
      </trkpt>
      <trkpt lat="50.986325992271304" lon="10.228568958118558">
        <ele>355.89999999999998</ele>
      </trkpt>
      <trkpt lat="50.986563032492995" lon="10.228141983971">
        <ele>357.39999999999998</ele>
      </trkpt>
      <trkpt lat="50.986799988895655" lon="10.227716015651822">
        <ele>357.89999999999998</ele>
      </trkpt>
      <trkpt lat="50.987037029117346" lon="10.227289041504264">
        <ele>357.39999999999998</ele>
      </trkpt>
      <trkpt lat="50.987360989674926" lon="10.226843040436506">
        <ele>355.69999999999999</ele>
      </trkpt>
      <trkpt lat="50.987597024068236" lon="10.226623015478253">
        <ele>355</ele>
      </trkpt>
      <trkpt lat="50.987896006554365" lon="10.226603988558054">
        <ele>356</ele>
      </trkpt>
      <trkpt lat="50.98801301792264" lon="10.226610023528337">
        <ele>356.30000000000001</ele>
      </trkpt>
      <trkpt lat="50.988247962668538" lon="10.226621003821492">
        <ele>356.5</ele>
      </trkpt>
      <trkpt lat="50.988482991233468" lon="10.226632989943027">
        <ele>355.60000000000002</ele>
      </trkpt>
      <trkpt lat="50.988774010911584" lon="10.226754024624825">
        <ele>352.19999999999999</ele>
      </trkpt>
      <trkpt lat="50.988949025049806" lon="10.226777996867895">
        <ele>350.10000000000002</ele>
      </trkpt>
      <trkpt lat="50.989143988117576" lon="10.226787971332669">
        <ele>347.69999999999999</ele>
      </trkpt>
      <trkpt lat="50.989312967285514" lon="10.226824013516307">
        <ele>345.10000000000002</ele>
      </trkpt>
      <trkpt lat="50.989578003063798" lon="10.226978994905949">
        <ele>340.5</ele>
      </trkpt>
      <trkpt lat="50.989843038842082" lon="10.22713397629559">
        <ele>336.19999999999999</ele>
      </trkpt>
      <trkpt lat="50.990149984136224" lon="10.227429019287229">
        <ele>331.80000000000001</ele>
      </trkpt>
      <trkpt lat="50.990580981597304" lon="10.227446034550667">
        <ele>324.89999999999998</ele>
      </trkpt>
      <trkpt lat="50.990853980183601" lon="10.227451985701919">
        <ele>320.30000000000001</ele>
      </trkpt>
      <trkpt lat="50.991287995129824" lon="10.227503031492233">
        <ele>313.19999999999999</ele>
      </trkpt>
      <trkpt lat="50.99155898205936" lon="10.227667987346649">
        <ele>309.60000000000002</ele>
      </trkpt>
      <trkpt lat="50.991727961227298" lon="10.22773303091526">
        <ele>307.5</ele>
      </trkpt>
      <trkpt lat="50.992158036679029" lon="10.227792961522937">
        <ele>303.19999999999999</ele>
      </trkpt>
      <trkpt lat="50.992368003353477" lon="10.227939980104566">
        <ele>302.5</ele>
      </trkpt>
      <trkpt lat="50.992535976693034" lon="10.228047017008066">
        <ele>302.10000000000002</ele>
      </trkpt>
      <trkpt lat="50.992575036361814" lon="10.227834032848477">
        <ele>301.19999999999999</ele>
      </trkpt>
      <trkpt lat="50.992580987513065" lon="10.227657007053494">
        <ele>300.39999999999998</ele>
      </trkpt>
      <trkpt lat="50.992538994178176" lon="10.227386020123959">
        <ele>298.60000000000002</ele>
      </trkpt>
      <trkpt lat="50.992345958948135" lon="10.226894002407789">
        <ele>293.69999999999999</ele>
      </trkpt>
      <trkpt lat="50.992301031947136" lon="10.226754024624825">
        <ele>292.60000000000002</ele>
      </trkpt>
      <trkpt lat="50.992297008633614" lon="10.226648999378085">
        <ele>291.69999999999999</ele>
      </trkpt>
      <trkpt lat="50.992384012788534" lon="10.226156981661916">
        <ele>287</ele>
      </trkpt>
      <trkpt lat="50.992471016943455" lon="10.225664963945746">
        <ele>282.19999999999999</ele>
      </trkpt>
      <trkpt lat="50.992558021098375" lon="10.225173030048609">
        <ele>279.30000000000001</ele>
      </trkpt>
      <trkpt lat="50.992867983877659" lon="10.225049983710051">
        <ele>272.89999999999998</ele>
      </trkpt>
      <trkpt lat="50.993178030475974" lon="10.224926015362144">
        <ele>269.60000000000002</ele>
      </trkpt>
      <trkpt lat="50.993487993255258" lon="10.224802969023585">
        <ele>266.30000000000001</ele>
      </trkpt>
      <trkpt lat="50.993857970461249" lon="10.224602976813912">
        <ele>262.30000000000001</ele>
      </trkpt>
      <trkpt lat="50.994234988465905" lon="10.224387980997562">
        <ele>258.5</ele>
      </trkpt>
      <trkpt lat="50.99461100064218" lon="10.224172985181212">
        <ele>255.19999999999999</ele>
      </trkpt>
      <trkpt lat="50.994831025600433" lon="10.224011968821287">
        <ele>252.69999999999999</ele>
      </trkpt>
      <trkpt lat="50.994971003383398" lon="10.223841983824968">
        <ele>250.69999999999999</ele>
      </trkpt>
      <trkpt lat="50.995170995593071" lon="10.223386008292437">
        <ele>248.19999999999999</ele>
      </trkpt>
      <trkpt lat="50.99534198641777" lon="10.222842022776604">
        <ele>244.5</ele>
      </trkpt>
      <trkpt lat="50.99542697891593" lon="10.222671031951904">
        <ele>243.90000000000001</ele>
      </trkpt>
      <trkpt lat="50.995630994439125" lon="10.22253398783505">
        <ele>243.5</ele>
      </trkpt>
      <trkpt lat="50.99585697054863" lon="10.222484031692147">
        <ele>242.69999999999999</ele>
      </trkpt>
      <trkpt lat="50.995980016887188" lon="10.222493000328541">
        <ele>242</ele>
      </trkpt>
      <trkpt lat="50.996126029640436" lon="10.222586039453745">
        <ele>240.59999999999999</ele>
      </trkpt>
      <trkpt lat="50.99622200243175" lon="10.222647981718183">
        <ele>239.59999999999999</ele>
      </trkpt>
      <trkpt lat="50.996483014896512" lon="10.222973031923175">
        <ele>236.69999999999999</ele>
      </trkpt>
      <trkpt lat="50.996745033189654" lon="10.223297998309135">
        <ele>235.09999999999999</ele>
      </trkpt>
      <trkpt lat="50.996950976550579" lon="10.223484998568892">
        <ele>234.40000000000001</ele>
      </trkpt>
      <trkpt lat="50.997103024274111" lon="10.223568985238671">
        <ele>233.59999999999999</ele>
      </trkpt>
      <trkpt lat="50.997324977070093" lon="10.223611984401941">
        <ele>232.30000000000001</ele>
      </trkpt>
      <trkpt lat="50.997571991756558" lon="10.223595974966884">
        <ele>231</ele>
      </trkpt>
      <trkpt lat="50.997646003961563" lon="10.223559010773897">
        <ele>230.59999999999999</ele>
      </trkpt>
      <trkpt lat="50.99772403948009" lon="10.223449962213635">
        <ele>229.90000000000001</ele>
      </trkpt>
      <trkpt lat="50.997784975916147" lon="10.223294980823994">
        <ele>229.30000000000001</ele>
      </trkpt>
      <trkpt lat="50.997879020869732" lon="10.222961967810988">
        <ele>228.30000000000001</ele>
      </trkpt>
      <trkpt lat="50.997908022254705" lon="10.22259802557528">
        <ele>227.80000000000001</ele>
      </trkpt>
      <trkpt lat="50.997923025861382" lon="10.222064014524221">
        <ele>226.30000000000001</ele>
      </trkpt>
      <trkpt lat="50.99793802946806" lon="10.221528997644782">
        <ele>224.59999999999999</ele>
      </trkpt>
      <trkpt lat="50.997924031689763" lon="10.22098702378571">
        <ele>224.09999999999999</ele>
      </trkpt>
      <trkpt lat="50.997910033911467" lon="10.220443960279226">
        <ele>222.59999999999999</ele>
      </trkpt>
      <trkpt lat="50.99789603613317" lon="10.219901986420155">
        <ele>220.69999999999999</ele>
      </trkpt>
      <trkpt lat="50.997929982841015" lon="10.219267979264259">
        <ele>218.90000000000001</ele>
      </trkpt>
      <trkpt lat="50.99787499755621" lon="10.218878975138068">
        <ele>218.5</ele>
      </trkpt>
      <trkpt lat="50.997820012271404" lon="10.218488965183496">
        <ele>217.90000000000001</ele>
      </trkpt>
      <trkpt lat="50.997802997007966" lon="10.218338007107377">
        <ele>217.5</ele>
      </trkpt>
      <trkpt lat="50.997678022831678" lon="10.217918995767832">
        <ele>216.5</ele>
      </trkpt>
      <trkpt lat="50.997486999258399" lon="10.217529991641641">
        <ele>216.09999999999999</ele>
      </trkpt>
      <trkpt lat="50.997423967346549" lon="10.217175018042326">
        <ele>215.40000000000001</ele>
      </trkpt>
      <trkpt lat="50.997384991496801" lon="10.216695992276073">
        <ele>214</ele>
      </trkpt>
      <trkpt lat="50.997352972626686" lon="10.216071037575603">
        <ele>211.90000000000001</ele>
      </trkpt>
      <trkpt lat="50.997264962643385" lon="10.215643979609013">
        <ele>210.80000000000001</ele>
      </trkpt>
      <trkpt lat="50.997177036479115" lon="10.215217005461454">
        <ele>209.5</ele>
      </trkpt>
      <trkpt lat="50.99712498486042" lon="10.214697998017073">
        <ele>207.30000000000001</ele>
      </trkpt>
      <trkpt lat="50.997130014002323" lon="10.214445032179356">
        <ele>205.80000000000001</ele>
      </trkpt>
      <trkpt lat="50.997370993718505" lon="10.213863998651505">
        <ele>202.59999999999999</ele>
      </trkpt>
      <trkpt lat="50.997669976204634" lon="10.21364196203649">
        <ele>203.40000000000001</ele>
      </trkpt>
      <trkpt lat="50.997805008664727" lon="10.213581025600433">
        <ele>204.19999999999999</ele>
      </trkpt>
      <trkpt lat="50.997994020581245" lon="10.213559987023473">
        <ele>205.40000000000001</ele>
      </trkpt>
      <trkpt lat="50.99819996394217" lon="10.213683033362031">
        <ele>205.80000000000001</ele>
      </trkpt>
      <trkpt lat="50.998329967260361" lon="10.213829968124628">
        <ele>206</ele>
      </trkpt>
      <trkpt lat="50.998628027737141" lon="10.214254008606076">
        <ele>206.69999999999999</ele>
      </trkpt>
      <trkpt lat="50.998926004394889" lon="10.214678971096873">
        <ele>206.80000000000001</ele>
      </trkpt>
      <trkpt lat="50.999177964404225" lon="10.215094964951277">
        <ele>207</ele>
      </trkpt>
      <trkpt lat="50.999430008232594" lon="10.21551095880568">
        <ele>207.59999999999999</ele>
      </trkpt>
      <trkpt lat="50.999469989910722" lon="10.215554041787982">
        <ele>207.80000000000001</ele>
      </trkpt>
      <trkpt lat="50.999546013772488" lon="10.215634005144238">
        <ele>208</ele>
      </trkpt>
      <trkpt lat="50.999650033190846" lon="10.215691002085805">
        <ele>208.19999999999999</ele>
      </trkpt>
      <trkpt lat="50.999891012907028" lon="10.215780017897487">
        <ele>208.5</ele>
      </trkpt>
      <trkpt lat="51.000309018418193" lon="10.215911027044058">
        <ele>208.5</ele>
      </trkpt>
      <trkpt lat="51.000727023929358" lon="10.216042036190629">
        <ele>208.40000000000001</ele>
      </trkpt>
      <trkpt lat="51.00103204138577" lon="10.216155024245381">
        <ele>208.5</ele>
      </trkpt>
      <trkpt lat="51.001391960307956" lon="10.216354010626674">
        <ele>208</ele>
      </trkpt>
      <trkpt lat="51.001751041039824" lon="10.216554002836347">
        <ele>207.5</ele>
      </trkpt>
      <trkpt lat="51.001938041299582" lon="10.216699009761214">
        <ele>207.59999999999999</ele>
      </trkpt>
      <trkpt lat="51.002133004367352" lon="10.216878969222307">
        <ele>208.19999999999999</ele>
      </trkpt>
      <trkpt lat="51.002501975744963" lon="10.217265961691737">
        <ele>208</ele>
      </trkpt>
      <trkpt lat="51.002872036769986" lon="10.217653959989548">
        <ele>207.40000000000001</ele>
      </trkpt>
      <trkpt lat="51.00311603397131" lon="10.217965012416244">
        <ele>206.90000000000001</ele>
      </trkpt>
      <trkpt lat="51.003360031172633" lon="10.218276986852288">
        <ele>207</ele>
      </trkpt>
      <trkpt lat="51.003554994240403" lon="10.218608994036913">
        <ele>206.40000000000001</ele>
      </trkpt>
      <trkpt lat="51.00376496091485" lon="10.219066981226206">
        <ele>206</ele>
      </trkpt>
      <trkpt lat="51.003917008638382" lon="10.219508958980441">
        <ele>205.40000000000001</ele>
      </trkpt>
      <trkpt lat="51.004068972542882" lon="10.219952026382089">
        <ele>204.80000000000001</ele>
      </trkpt>
      <trkpt lat="51.00423501804471" lon="10.220423005521297">
        <ele>204</ele>
      </trkpt>
      <trkpt lat="51.004400979727507" lon="10.220893984660506">
        <ele>202.40000000000001</ele>
      </trkpt>
      <trkpt lat="51.004506004974246" lon="10.221273014321923">
        <ele>201.5</ele>
      </trkpt>
      <trkpt lat="51.004611030220985" lon="10.221651960164309">
        <ele>199.69999999999999</ele>
      </trkpt>
      <trkpt lat="51.004666015505791" lon="10.221898974850774">
        <ele>198.69999999999999</ele>
      </trkpt>
      <trkpt lat="51.004756037145853" lon="10.222394010052085">
        <ele>198</ele>
      </trkpt>
      <trkpt lat="51.004845974966884" lon="10.222888961434364">
        <ele>197.80000000000001</ele>
      </trkpt>
      <trkpt lat="51.004935996606946" lon="10.223385002464056">
        <ele>197.30000000000001</ele>
      </trkpt>
      <trkpt lat="51.005067005753517" lon="10.223848018795252">
        <ele>197.19999999999999</ele>
      </trkpt>
      <trkpt lat="51.005143029615283" lon="10.224079024046659">
        <ele>197.5</ele>
      </trkpt>
      <trkpt lat="51.005340004339814" lon="10.224697021767497">
        <ele>197.69999999999999</ele>
      </trkpt>
      <trkpt lat="51.005535973235965" lon="10.225315019488335">
        <ele>197.59999999999999</ele>
      </trkpt>
      <trkpt lat="51.005733031779528" lon="10.225932011380792">
        <ele>198</ele>
      </trkpt>
      <trkpt lat="51.005915002897382" lon="10.226424029096961">
        <ele>199.59999999999999</ele>
      </trkpt>
      <trkpt lat="51.006119018420577" lon="10.226905988529325">
        <ele>199.5</ele>
      </trkpt>
      <trkpt lat="51.006323033943772" lon="10.22738803178072">
        <ele>199.40000000000001</ele>
      </trkpt>
      <trkpt lat="51.006396040320396" lon="10.227503031492233">
        <ele>199.09999999999999</ele>
      </trkpt>
      <trkpt lat="51.006775991991162" lon="10.22745500318706">
        <ele>196.40000000000001</ele>
      </trkpt>
      <trkpt lat="51.006946982815862" lon="10.227389959618449">
        <ele>195.69999999999999</ele>
      </trkpt>
      <trkpt lat="51.006969027221203" lon="10.227350983768702">
        <ele>195.69999999999999</ele>
      </trkpt>
      <trkpt lat="51.00702702999115" lon="10.227389959618449">
        <ele>195.59999999999999</ele>
      </trkpt>
      <trkpt lat="51.007078997790813" lon="10.22747696377337">
        <ele>195.5</ele>
      </trkpt>
      <trkpt lat="51.007123002782464" lon="10.227704029530287">
        <ele>195.59999999999999</ele>
      </trkpt>
      <trkpt lat="51.007111016660929" lon="10.227961018681526">
        <ele>195.69999999999999</ele>
      </trkpt>
      <trkpt lat="51.007153009995818" lon="10.227978033944964">
        <ele>195.69999999999999</ele>
      </trkpt>
      <trkpt lat="51.007230961695313" lon="10.227963030338287">
        <ele>195.69999999999999</ele>
      </trkpt>
      <trkpt lat="51.007356019690633" lon="10.227920031175017">
        <ele>195.80000000000001</ele>
      </trkpt>
      <trkpt lat="51.007398013025522" lon="10.227892035618424">
        <ele>195.90000000000001</ele>
      </trkpt>
      <trkpt lat="51.007426008582115" lon="10.227838978171349">
        <ele>196</ele>
      </trkpt>
      <trkpt lat="51.007484011352062" lon="10.227778041735291">
        <ele>196.09999999999999</ele>
      </trkpt>
      <trkpt lat="51.007575960829854" lon="10.227691037580371">
        <ele>196.40000000000001</ele>
      </trkpt>
      <trkpt lat="51.007616026327014" lon="10.22764996625483">
        <ele>196.5</ele>
      </trkpt>
      <trkpt lat="51.007717028260231" lon="10.227611996233463">
        <ele>196.5</ele>
      </trkpt>
      <trkpt lat="51.007773019373417" lon="10.227591963484883">
        <ele>196.19999999999999</ele>
      </trkpt>
      <trkpt lat="51.00780101493001" lon="10.227597998455167">
        <ele>195.90000000000001</ele>
      </trkpt>
    </trkseg>
  </trk>

</gpx>